WorldX,WorldZ,AnalyticGrad,FDGrad,AnalyticHess,FDHess
-0.25,-0.25,-0.409545,-0.402331,11.3524,15.0874
-0.244949,-0.25,-0.433977,-0.426903,12.0434,14.6776
-0.239899,-0.25,-0.410792,-0.405788,8.46731,10.6543
-0.234848,-0.25,-0.398277,-0.39193,11.531,13.4855
-0.229798,-0.25,-0.457277,-0.451088,11.2139,12.7852
-0.224747,-0.25,-0.424542,-0.418022,12.4457,13.9177
-0.219697,-0.25,-0.430675,-0.424847,11.1008,12.1295
-0.214646,-0.25,-0.43667,-0.430196,12.5398,13.8953
-0.209596,-0.25,-0.463739,-0.457644,11.9094,12.9566
-0.204545,-0.25,-0.467362,-0.460744,13.4365,13.9102
-0.199495,-0.25,-0.50274,-0.497043,11.2417,12.137
-0.194444,-0.25,-0.493524,-0.487626,11.9343,12.6213
-0.189394,-0.25,-0.544982,-0.538863,11.5109,12.8299
-0.184343,-0.25,-0.568057,-0.561789,12.5211,13.1428
-0.179293,-0.25,-0.602013,-0.595242,13.1569,14.3498
-0.174242,-0.25,-0.701303,-0.69502,12.4001,13.2695
-0.169192,-0.25,-0.720826,-0.714317,12.9481,13.8804
-0.164141,-0.25,-0.783388,-0.777289,12.1003,13.1279
-0.159091,-0.25,-0.819071,-0.812106,13.7364,14.8937
-0.15404,-0.25,-0.84795,-0.840269,15.0666,16.2795
-0.14899,-0.25,-0.860659,-0.854768,11.6095,12.4797
-0.143939,-0.25,-0.881873,-0.875317,13.3625,13.9698
-0.138889,-0.25,-0.921828,-0.916116,11.5854,12.3307
-0.133838,-0.25,-0.909947,-0.903226,13.4635,14.5212
-0.128788,-0.25,-0.978486,-0.971794,13.1721,14.2083
-0.123737,-0.25,-0.980483,-0.973917,13.1287,14.0741
-0.118687,-0.25,-1.00343,-0.996731,13.0057,14.2232
-0.113636,-0.25,-1.01363,-1.00675,13.8293,14.8937
-0.108586,-0.25,-1.04772,-1.04015,15.1835,16.2721
-0.103535,-0.25,-1.02476,-1.01651,16.309,17.3673
-0.0984849,-0.25,-1.04575,-1.03829,14.911,15.9815
-0.0934343,-0.25,-1.05734,-1.04892,16.8122,17.8516
-0.0883838,-0.25,-1.05341,-1.04526,16.1707,17.3859
-0.0833333,-0.25,-1.05441,-1.04519,17.9527,19.3231
-0.0782828,-0.25,-1.09085,-1.08237,16.5938,17.8702
-0.0732323,-0.25,-1.19488,-1.18577,17.9871,19.2374
-0.0681818,-0.25,-1.19013,-1.18138,17.1075,18.4365
-0.0631313,-0.25,-1.18318,-1.17436,17.5548,18.6115
-0.0580808,-0.25,-1.23336,-1.22394,18.5733,19.893
-0.0530303,-0.25,-1.31407,-1.30415,19.4642,20.8542
-0.0479798,-0.25,-1.3032,-1.29345,19.3234,20.5412
-0.0429293,-0.25,-1.26282,-1.25301,19.4183,20.6679
-0.0378788,-0.25,-1.26901,-1.25868,20.5146,21.711
-0.0328283,-0.25,-1.3218,-1.31154,20.2509,21.5862
-0.0277778,-0.25,-1.32258,-1.3121,20.7453,22.0221
-0.0227273,-0.25,-1.26215,-1.25062,22.6179,24.0908
-0.0176768,-0.25,-1.2533,-1.24199,22.2275,23.623
-0.0126263,-0.25,-1.29387,-1.28135,24.5008,26.0863
-0.00757576,-0.25,-1.23093,-1.21884,23.9505,25.2873
-0.00252525,-0.25,-1.23389,-1.22165,24.1397,25.4977
0.00252525,-0.25,-1.23687,-1.22403,25.1337,26.7643
0.00757576,-0.25,-1.19159,-1.17933,24.2798,25.6933
0.0126263,-0.25,-1.22543,-1.21262,25.1486,26.6395
0.0176768,-0.25,-1.24441,-1.23069,26.8552,28.4277
0.0227273,-0.25,-1.16306,-1.15002,25.642,27.1536
0.0277778,-0.25,-1.16694,-1.15318,26.8783,28.4873
0.0328283,-0.25,-1.16472,-1.1512,26.3978,28.0887
0.0378788,-0.25,-1.21724,-1.20386,26.1982,27.7348
0.0429293,-0.25,-1.17207,-1.15823,27.11,28.7406
0.0479798,-0.25,-1.19454,-1.18032,27.941,29.4223
0.0530303,-0.25,-1.18217,-1.16831,27.4913,28.8635
0.0580808,-0.25,-1.17624,-1.1614,28.9981,30.6517
0.0631313,-0.25,-1.22418,-1.20939,28.7099,30.6666
0.0681818,-0.25,-1.18836,-1.17364,28.6418,30.3388
0.0732323,-0.25,-1.22065,-1.20576,29.4301,30.8379
0.0782828,-0.25,-1.14007,-1.12545,28.9313,30.1599
0.0833333,-0.25,-1.1264,-1.11125,29.8045,31.2701
0.0883838,-0.25,-1.10386,-1.08939,28.4787,29.9811
0.0934343,-0.25,-1.02884,-1.01428,28.5313,30.2568
0.0984849,-0.25,-0.976418,-0.961475,29.6921,31.0838
0.103535,-0.25,-0.994541,-0.980034,28.7497,29.8172
0.108586,-0.25,-0.936655,-0.922032,28.6886,30.227
0.113636,-0.25,-0.933466,-0.918329,29.6703,31.2626
0.118687,-0.25,-0.93545,-0.920072,29.4585,31.2477
0.123737,-0.25,-0.839709,-0.824973,29.4609,30.5027
0.128788,-0.25,-0.834476,-0.819623,28.3578,30.7262
0.133838,-0.25,-0.778171,-0.763908,28.0379,29.549
0.138889,-0.25,-0.716174,-0.702023,28.1505,29.0424
0.143939,-0.25,-0.732678,-0.718325,27.898,29.1318
0.14899,-0.25,-0.726694,-0.712454,28.0499,29.7278
0.15404,-0.25,-0.674255,-0.659928,27.9744,29.1318
0.159091,-0.25,-0.666227,-0.651985,27.9973,29.1169
0.164141,-0.25,-0.622165,-0.608176,27.9354,28.953
0.169192,-0.25,-0.604697,-0.590324,28.4439,29.8619
0.174242,-0.25,-0.599265,-0.583977,29.7258,31.4563
0.179293,-0.25,-0.543994,-0.529066,28.9132,30.6517
0.184343,-0.25,-0.490246,-0.476152,27.2531,28.7294
0.189394,-0.25,-0.469502,-0.454739,28.871,30.2047
0.194444,-0.25,-0.439419,-0.424758,28.3441,29.9364
0.199495,-0.25,-0.40802,-0.393808,27.6577,29.2808
0.204545,-0.25,-0.355933,-0.342131,27.0153,28.1334
0.209596,-0.25,-0.284723,-0.270277,27.9176,29.6086
0.214646,-0.25,-0.247821,-0.233307,28.1908,29.847
0.219697,-0.25,-0.213635,-0.197545,30.527,32.5888
0.224747,-0.25,-0.0778513,-0.0618994,31.4985,32.4696
0.229798,-0.25,-0.0349524,-0.0180751,32.6485,34.3472
0.234848,-0.25,0.0367373,0.0562668,38.2759,39.2646
0.239899,-0.25,0.100051,0.119358,37.5042,39.2348
0.244949,-0.25,0.200302,0.220403,39.4171,40.5461
0.25,-0.25,0.298209,0.318661,40.4457,41.5146
-0.25,-0.244949,-0.439368,-0.432081,11.1574,15.0353
-0.244949,-0.244949,-0.388958,-0.383988,8.03698,10.2222
-0.239899,-0.244949,-0.397027,-0.392623,7.74092,9.34303
-0.234848,-0.244949,-0.351415,-0.347182,7.21299,8.53836
-0.229798,-0.244949,-0.418353,-0.413887,8.00496,9.28342
-0.224747,-0.244949,-0.369782,-0.365838,7.46792,8.367
-0.219697,-0.244949,-0.378822,-0.37495,7.05516,8.08388
-0.214646,-0.244949,-0.379939,-0.375487,8.18614,9.20147
-0.209596,-0.244949,-0.404914,-0.400998,7.39737,8.27014
-0.204545,-0.244949,-0.419533,-0.415236,8.13951,9.08226
-0.199495,-0.244949,-0.452558,-0.449508,6.43851,6.4671
-0.194444,-0.244949,-0.446678,-0.443138,6.97184,7.58469
-0.189394,-0.244949,-0.491833,-0.488341,6.5723,7.23451
-0.184343,-0.244949,-0.514027,-0.510216,7.22911,8.14348
-0.179293,-0.244949,-0.544017,-0.540063,7.57799,8.41171
-0.174242,-0.244949,-0.640721,-0.637419,6.75606,7.22706
-0.169192,-0.244949,-0.662615,-0.658885,7.1538,8.09133
-0.164141,-0.244949,-0.723707,-0.720538,6.48221,7.011
-0.159091,-0.244949,-0.753051,-0.74923,7.43726,8.28504
-0.15404,-0.244949,-0.780377,-0.776187,8.31504,9.0301
-0.14899,-0.244949,-0.789616,-0.786632,5.91137,6.44475
-0.143939,-0.244949,-0.812863,-0.809267,7.10116,7.66665
-0.138889,-0.244949,-0.852064,-0.849284,5.86391,6.13183
-0.133838,-0.244949,-0.843511,-0.839733,7.3187,7.97957
-0.128788,-0.244949,-0.912713,-0.909194,6.9734,7.51763
-0.123737,-0.244949,-0.910697,-0.907414,6.94386,7.27177
-0.118687,-0.244949,-0.937302,-0.933848,6.88779,7.44313
-0.113636,-0.244949,-0.942205,-0.938505,7.41051,7.89016
-0.108586,-0.244949,-1.01102,-1.00691,8.14981,8.66502
-0.103535,-0.244949,-1.02107,-1.01652,9.05787,9.73791
-0.0984849,-0.244949,-1.05951,-1.05555,7.86441,8.69483
-0.0934343,-0.244949,-1.07233,-1.06748,9.39388,10.2893
-0.0883838,-0.244949,-1.06413,-1.05965,8.98208,9.58145
-0.0833333,-0.244949,-1.10257,-1.09729,10.1635,10.9784
-0.0782828,-0.244949,-1.14077,-1.13605,9.20431,10.0806
-0.0732323,-0.244949,-1.24072,-1.2354,10.197,11.2057
-0.0681818,-0.244949,-1.2363,-1.23157,9.63901,10.0955
-0.0631313,-0.244949,-1.228,-1.22305,9.88608,10.5798
-0.0580808,-0.244949,-1.27848,-1.27297,10.7978,11.526
-0.0530303,-0.244949,-1.34365,-1.33761,11.7696,12.7032
-0.0479798,-0.244949,-1.3684,-1.36241,11.8553,12.5729
-0.0429293,-0.244949,-1.33001,-1.32396,12.0057,12.7554
-0.0378788,-0.244949,-1.33545,-1.32886,12.9326,13.8152
-0.0328283,-0.244949,-1.38586,-1.37939,12.787,13.5042
-0.0277778,-0.244949,-1.38746,-1.38068,13.2989,14.1487
-0.0227273,-0.244949,-1.32782,-1.32017,14.8884,15.8655
-0.0176768,-0.244949,-1.34835,-1.34074,14.8528,15.7669
-0.0126263,-0.244949,-1.39155,-1.38301,16.7181,17.6951
-0.00757576,-0.244949,-1.32869,-1.32022,16.523,17.494
-0.00252525,-0.244949,-1.33004,-1.32155,16.6635,17.5554
0.00252525,-0.244949,-1.33514,-1.3262,17.4799,18.4868
0.00757576,-0.244949,-1.29013,-1.28142,16.9621,18.0267
0.0126263,-0.244949,-1.32458,-1.31557,17.6412,18.6786
0.0176768,-0.244949,-1.34206,-1.33247,18.8209,19.8185
0.0227273,-0.244949,-1.26112,-1.25192,18.0936,19.0064
0.0277778,-0.244949,-1.26343,-1.25374,19.0777,19.9079
0.0328283,-0.244949,-1.26213,-1.25253,18.7575,19.7627
0.0378788,-0.244949,-1.28051,-1.27077,18.9197,20.1315
0.0429293,-0.244949,-1.2356,-1.22559,19.586,20.5636
0.0479798,-0.244949,-1.22198,-1.21163,20.3589,21.3757
0.0530303,-0.244949,-1.21132,-1.20108,20.2718,21.1671
0.0580808,-0.244949,-1.20274,-1.19174,21.4404,22.5827
0.0631313,-0.244949,-1.25086,-1.2396,21.4449,23.0297
0.0681818,-0.244949,-1.17508,-1.16398,21.4587,22.7392
0.0732323,-0.244949,-1.21031,-1.19877,22.199,23.514
0.0782828,-0.244949,-1.12759,-1.11627,21.8578,23.1191
0.0833333,-0.244949,-1.11766,-1.1061,22.537,23.8493
0.0883838,-0.244949,-1.09664,-1.08516,21.7486,23.2682
0.0934343,-0.244949,-1.01827,-1.00734,21.7886,22.4486
0.0984849,-0.244949,-0.967063,-0.955403,22.5811,23.8046
0.103535,-0.244949,-0.955303,-0.943966,22.205,23.0893
0.108586,-0.244949,-0.901249,-0.889935,22.1054,23.0297
0.113636,-0.244949,-0.897183,-0.885293,23.0969,24.5273
0.118687,-0.244949,-0.899493,-0.887468,23.1273,24.2144
0.123737,-0.244949,-0.807777,-0.795707,22.9936,24.4826
0.128788,-0.244949,-0.771298,-0.759944,22.0593,23.2458
0.133838,-0.244949,-0.711858,-0.700489,21.8739,23.2458
0.138889,-0.244949,-0.653865,-0.64221,22.0027,23.4842
0.143939,-0.244949,-0.668947,-0.658154,21.8984,22.2921
0.14899,-0.244949,-0.660385,-0.649109,22.1476,22.9329
0.15404,-0.244949,-0.607911,-0.596195,22.1743,23.7524
0.159091,-0.244949,-0.598297,-0.586838,22.3771,23.4246
0.164141,-0.244949,-0.553131,-0.541583,22.4153,23.3799
0.169192,-0.244949,-0.544358,-0.532523,22.654,24.2442
0.174242,-0.244949,-0.531148,-0.519171,23.9856,24.2293
0.179293,-0.244949,-0.474452,-0.462323,23.6063,25.0041
0.184343,-0.244949,-0.423853,-0.412285,22.5208,23.3799
0.189394,-0.244949,-0.40835,-0.396222,23.3377,24.7061
0.194444,-0.244949,-0.387352,-0.375435,22.8679,24.0207
0.199495,-0.244949,-0.363327,-0.351965,22.079,22.8137
0.204545,-0.244949,-0.307553,-0.29625,21.709,22.6498
0.209596,-0.244949,-0.214085,-0.202179,23.3587,24.3336
0.214646,-0.244949,-0.156091,-0.14329,24.774,25.7045
0.219697,-0.244949,-0.152783,-0.140637,25.0932,25.019
0.224747,-0.244949,-0.0102383,0.00335276,26.3144,27.4777
0.229798,-0.244949,0.0332424,0.0479221,27.7951,29.5937
0.234848,-0.244949,0.0760406,0.0916719,30.4312,31.1881
0.239899,-0.244949,0.121603,0.13642,28.6587,30.2047
0.244949,-0.244949,0.231998,0.246927,29.479,30.2792
0.25,-0.244949,0.281381,0.294223,26.3911,26.3303
-0.25,-0.239899,-0.44689,-0.44015,10.0814,13.6644
-0.244949,-0.239899,-0.411259,-0.4059,8.03105,10.8033
-0.239899,-0.239899,-0.375626,-0.372358,5.00233,6.80983
-0.234848,-0.239899,-0.358189,-0.354156,6.79014,8.03918
-0.229798,-0.239899,-0.395728,-0.392377,5.55371,6.80238
-0.224747,-0.239899,-0.359272,-0.356138,5.4599,6.60121
-0.219697,-0.239899,-0.374913,-0.372142,4.94458,5.84871
-0.214646,-0.239899,-0.360487,-0.357673,5.01537,5.7593
-0.209596,-0.239899,-0.393974,-0.391461,4.6755,5.42402
-0.204545,-0.239899,-0.404888,-0.402115,5.25371,5.89341
-0.199495,-0.239899,-0.433395,-0.431344,3.78781,4.41819
-0.194444,-0.239899,-0.427872,-0.425808,4.04315,4.44055
-0.189394,-0.239899,-0.467007,-0.465035,3.68484,4.12762
-0.184343,-0.239899,-0.485044,-0.482887,3.96799,4.43309
-0.179293,-0.239899,-0.517784,-0.515386,4.3876,5.00679
-0.174242,-0.239899,-0.580425,-0.578597,3.88805,4.01586
-0.169192,-0.239899,-0.599616,-0.597544,4.04874,4.61191
-0.164141,-0.239899,-0.656005,-0.654519,3.17537,3.29316
-0.159091,-0.239899,-0.684279,-0.682332,3.91534,4.12762
-0.15404,-0.239899,-0.711271,-0.709012,4.5029,4.82053
-0.14899,-0.239899,-0.717898,-0.716612,2.74458,2.89083
-0.143939,-0.239899,-0.739841,-0.737898,3.49623,4.05312
-0.138889,-0.239899,-0.774521,-0.773199,2.43158,2.89083
-0.133838,-0.239899,-0.764195,-0.762664,3.48281,3.68059
-0.128788,-0.239899,-0.833461,-0.831895,3.14529,3.53903
-0.123737,-0.239899,-0.830496,-0.828877,3.13197,3.62098
-0.118687,-0.239899,-0.858519,-0.857018,3.15165,3.44962
-0.113636,-0.239899,-0.863173,-0.861466,3.56294,3.89665
-0.108586,-0.239899,-0.934993,-0.932984,4.09957,4.45545
-0.103535,-0.239899,-0.942936,-0.940181,4.97153,5.66989
-0.0984849,-0.239899,-0.934393,-0.932448,4.1257,4.24683
-0.0934343,-0.239899,-0.946557,-0.943817,5.40474,5.84125
-0.0883838,-0.239899,-0.937374,-0.934761,5.16357,5.68479
-0.0833333,-0.239899,-0.974025,-0.970967,5.98904,6.56396
-0.0782828,-0.239899,-1.01205,-1.00939,5.24125,5.74812
-0.0732323,-0.239899,-1.10893,-1.10596,5.96754,6.31064
-0.0681818,-0.239899,-1.09101,-1.08805,5.84547,6.26966
-0.0631313,-0.239899,-1.08348,-1.08038,5.98922,6.57141
-0.0580808,-0.239899,-1.13412,-1.13059,6.83554,7.43568
-0.0530303,-0.239899,-1.1998,-1.19577,7.69569,8.42288
-0.0479798,-0.239899,-1.22114,-1.21711,7.82613,8.45268
-0.0429293,-0.239899,-1.18506,-1.18093,8.01421,8.60915
-0.0378788,-0.239899,-1.19057,-1.18604,8.86314,9.41195
-0.0328283,-0.239899,-1.2394,-1.23489,8.78758,9.33744
-0.0277778,-0.239899,-1.24181,-1.23705,9.30485,9.89437
-0.0227273,-0.239899,-1.21827,-1.21287,10.4635,11.1498
-0.0176768,-0.239899,-1.23628,-1.23086,10.5339,11.1934
-0.0126263,-0.239899,-1.28101,-1.27474,12.1788,12.9174
-0.00757576,-0.239899,-1.21779,-1.21155,12.1714,12.8709
-0.00252525,-0.239899,-1.21845,-1.21218,12.2781,12.8448
0.00252525,-0.239899,-1.22427,-1.2175,12.9911,13.9233
0.00757576,-0.239899,-1.1796,-1.173,12.6674,13.5601
0.0126263,-0.239899,-1.21464,-1.20783,13.2151,14.0294
0.0176768,-0.239899,-1.22949,-1.22218,14.0882,14.9757
0.0227273,-0.239899,-1.14835,-1.14135,13.6566,14.3982
0.0277778,-0.239899,-1.17465,-1.16704,14.7417,15.6648
0.0328283,-0.239899,-1.17326,-1.16584,14.5234,15.2141
0.0378788,-0.239899,-1.15991,-1.15234,14.5763,15.3296
0.0429293,-0.239899,-1.11496,-1.10723,15.0984,15.825
0.0479798,-0.239899,-1.10161,-1.09327,15.7767,16.9054
0.0530303,-0.239899,-1.13945,-1.13121,15.8252,16.7489
0.0580808,-0.239899,-1.13026,-1.1215,16.7755,17.9186
0.0631313,-0.239899,-1.17714,-1.16833,16.9762,17.8441
0.0681818,-0.239899,-1.10172,-1.09295,16.9868,17.9782
0.0732323,-0.239899,-1.11524,-1.1062,17.3811,18.3582
0.0782828,-0.239899,-1.03308,-1.02433,17.1056,17.9559
0.0833333,-0.239899,-1.02626,-1.01694,17.6352,18.8574
0.0883838,-0.239899,-1.00369,-0.994608,17.2366,18.2986
0.0934343,-0.239899,-0.925941,-0.917099,17.214,18.0677
0.0984849,-0.239899,-0.876323,-0.866994,17.772,19.0362
0.103535,-0.239899,-0.864455,-0.855267,17.6429,18.6339
0.108586,-0.239899,-0.813858,-0.804529,17.8256,19.0958
0.113636,-0.239899,-0.809595,-0.799641,18.8253,20.3401
0.118687,-0.239899,-0.814929,-0.805169,18.9068,20.0123
0.123737,-0.239899,-0.720771,-0.710994,18.8256,19.7887
0.128788,-0.239899,-0.683027,-0.673756,18.1638,19.0735
0.133838,-0.239899,-0.622795,-0.613302,18.0174,18.9692
0.138889,-0.239899,-0.566019,-0.556216,18.1943,19.8036
0.143939,-0.239899,-0.579583,-0.570029,18.2319,19.1331
0.14899,-0.239899,-0.575303,-0.565708,18.3294,19.3119
0.15404,-0.239899,-0.52067,-0.510737,18.5077,19.744
0.159091,-0.239899,-0.512003,-0.502184,18.7934,19.4907
0.164141,-0.239899,-0.461597,-0.45155,19.0147,20.4742
0.169192,-0.239899,-0.454472,-0.444353,19.2386,20.4444
0.174242,-0.239899,-0.448954,-0.438452,20.1077,21.2491
0.179293,-0.239899,-0.375378,-0.365391,19.4055,19.8781
0.184343,-0.239899,-0.332184,-0.322387,18.482,19.6248
0.189394,-0.239899,-0.351354,-0.341177,19.127,20.355
0.194444,-0.239899,-0.318098,-0.308022,19.4708,20.2209
0.199495,-0.239899,-0.273682,-0.263393,19.6311,21.0255
0.204545,-0.239899,-0.211564,-0.201553,19.6259,20.5189
0.209596,-0.239899,-0.143182,-0.132948,19.839,20.5189
0.214646,-0.239899,-0.0858217,-0.0748783,20.9309,21.9196
0.219697,-0.239899,-0.0554908,-0.04372,22.5611,23.4544
0.224747,-0.239899,0.0289928,0.0403672,22.6068,23.1266
0.229798,-0.239899,0.0511683,0.0628233,22.7986,23.8419
0.234848,-0.239899,0.0857648,0.09799,24.0145,24.6316
0.239899,-0.239899,0.153029,0.164866,22.7798,23.6332
0.244949,-0.239899,0.222372,0.233307,21.2436,21.8153
0.25,-0.239899,0.225927,0.234142,17.7736,17.4195
-0.25,-0.234848,-0.493307,-0.485994,10.8969,14.618
-0.244949,-0.234848,-0.443332,-0.437848,8.57786,11.228
-0.239899,-0.234848,-0.412662,-0.409156,5.80538,7.0557
-0.234848,-0.234848,-0.354332,-0.350922,5.45308,7.1153
-0.229798,-0.234848,-0.414739,-0.411127,5.91581,7.17491
-0.224747,-0.234848,-0.375182,-0.372052,5.31652,6.40005
-0.219697,-0.234848,-0.368842,-0.366632,3.75494,4.62681
-0.214646,-0.234848,-0.367954,-0.365466,4.57863,5.04032
-0.209596,-0.234848,-0.379848,-0.377696,3.7103,4.47407
-0.204545,-0.234848,-0.382644,-0.38065,3.66412,4.17978
-0.199495,-0.234848,-0.415666,-0.414234,2.74081,3.09199
-0.194444,-0.234848,-0.411606,-0.410058,2.97594,3.28571
-0.189394,-0.234848,-0.441335,-0.440091,2.41631,2.75671
-0.184343,-0.234848,-0.458949,-0.457637,2.59881,2.68221
-0.179293,-0.234848,-0.48937,-0.487838,2.8914,3.34158
-0.174242,-0.234848,-0.548206,-0.547037,2.2434,2.47359
-0.169192,-0.234848,-0.56815,-0.566781,2.4035,2.86847
-0.164141,-0.234848,-0.627349,-0.626549,1.56838,1.8999
-0.159091,-0.234848,-0.654574,-0.653699,1.92597,2.10851
-0.15404,-0.234848,-0.677459,-0.676311,2.21337,2.51085
-0.14899,-0.234848,-0.678332,-0.677928,0.73127,1.13249
-0.143939,-0.234848,-0.700506,-0.699766,1.24906,1.61678
-0.138889,-0.234848,-0.735761,-0.735715,0.452278,0.365078
-0.133838,-0.234848,-0.723515,-0.722796,1.22266,1.55717
-0.128788,-0.234848,-0.792103,-0.791646,0.872937,0.998378
-0.123737,-0.234848,-0.786638,-0.78655,0.802757,0.521541
-0.118687,-0.234848,-0.814819,-0.814423,0.785774,0.953674
-0.113636,-0.234848,-0.817222,-0.81671,1.0962,1.40071
-0.108586,-0.234848,-0.88755,-0.886708,1.41094,2.02656
-0.103535,-0.234848,-0.894935,-0.893727,2.26937,2.74926
-0.0984849,-0.234848,-0.886081,-0.885338,1.60931,1.77324
-0.0934343,-0.234848,-0.899389,-0.897985,2.76614,3.09944
-0.0883838,-0.234848,-0.891104,-0.889707,2.68547,2.96161
-0.0833333,-0.234848,-0.928156,-0.92645,3.31264,3.74764
-0.0782828,-0.234848,-0.966572,-0.965163,2.72231,3.03984
-0.0732323,-0.234848,-1.06184,-1.06019,3.28912,3.5502
-0.0681818,-0.234848,-1.04206,-1.0404,3.25981,3.56883
-0.0631313,-0.234848,-1.03568,-1.03396,3.33067,3.58745
-0.0580808,-0.234848,-1.0858,-1.08371,4.13891,4.49642
-0.0530303,-0.234848,-1.15156,-1.14915,4.8923,5.1558
-0.0479798,-0.234848,-1.17082,-1.16821,5.05631,5.41657
-0.0429293,-0.234848,-1.13634,-1.13368,5.26526,5.55627
-0.0378788,-0.234848,-1.14038,-1.13732,6.04162,6.32368
-0.0328283,-0.234848,-1.18799,-1.18493,6.0131,6.34789
-0.0277778,-0.234848,-1.19068,-1.18736,6.52242,6.89458
-0.0227273,-0.234848,-1.16707,-1.16316,7.56716,8.06153
-0.0176768,-0.234848,-1.18313,-1.17915,7.72248,8.18167
-0.0126263,-0.234848,-1.22846,-1.2237,9.19914,9.74908
-0.00757576,-0.234848,-1.16421,-1.15949,9.31714,9.71928
-0.00252525,-0.234848,-1.16499,-1.1602,9.41245,9.83477
0.00252525,-0.234848,-1.17189,-1.16666,10.0627,10.768
0.00757576,-0.234848,-1.12713,-1.122,9.87037,10.4792
0.0126263,-0.234848,-1.16209,-1.1568,10.3464,10.8555
0.0176768,-0.234848,-1.17626,-1.17059,10.993,11.5819
0.0227273,-0.234848,-1.09586,-1.09032,10.7596,11.3025
0.0277778,-0.234848,-1.12085,-1.11481,11.7596,12.394
0.0328283,-0.234848,-1.11981,-1.11384,11.601,12.1966
0.0378788,-0.234848,-1.10744,-1.10134,11.7217,12.4313
0.0429293,-0.234848,-1.06348,-1.05705,12.1304,12.9528
0.0479798,-0.234848,-1.05116,-1.04455,12.7365,13.3552
0.0530303,-0.234848,-1.0907,-1.08391,12.9066,13.7687
0.0580808,-0.234848,-1.08016,-1.07279,13.7194,14.8714
0.0631313,-0.234848,-1.12742,-1.12008,14.0235,15.0651
0.0681818,-0.234848,-1.05171,-1.04428,14.0426,15.147
0.0732323,-0.234848,-1.06672,-1.05906,14.4129,15.5419
0.0782828,-0.234848,-0.984038,-0.976756,14.1989,14.9235
0.0833333,-0.234848,-0.977754,-0.970192,14.6769,15.5494
0.0883838,-0.234848,-0.957895,-0.950642,14.4458,14.8714
0.0934343,-0.234848,-0.880327,-0.872895,14.382,15.147
0.0984849,-0.234848,-0.830897,-0.823334,14.8107,15.4227
0.103535,-0.234848,-0.815644,-0.807933,14.9142,15.5792
0.108586,-0.234848,-0.766732,-0.758886,15.1021,15.8548
0.113636,-0.234848,-0.761561,-0.753358,16.1201,16.6148
0.118687,-0.234848,-0.766872,-0.758842,16.3073,16.5701
0.123737,-0.234848,-0.674045,-0.665516,16.1885,17.1512
0.128788,-0.234848,-0.640365,-0.63248,15.5612,15.9591
0.133838,-0.234848,-0.578997,-0.570863,15.4685,16.287
0.138889,-0.234848,-0.519579,-0.511363,15.7988,16.4509
0.143939,-0.234848,-0.528872,-0.520453,15.9897,16.9426
0.14899,-0.234848,-0.523918,-0.515357,16.1141,17.5387
0.15404,-0.234848,-0.475276,-0.467166,16.1454,16.8085
0.159091,-0.234848,-0.469396,-0.461191,16.39,16.8234
0.164141,-0.234848,-0.423809,-0.415713,16.4661,16.9277
0.169192,-0.234848,-0.420628,-0.412106,16.5927,17.1661
0.174242,-0.234848,-0.419107,-0.410348,17.1883,17.6728
0.179293,-0.234848,-0.349231,-0.340715,16.543,17.0618
0.184343,-0.234848,-0.285736,-0.277326,16.5868,17.0916
0.189394,-0.234848,-0.286862,-0.277922,17.6623,18.1943
0.194444,-0.234848,-0.264196,-0.25472,17.7468,18.9692
0.199495,-0.234848,-0.236112,-0.227109,17.2567,18.5966
0.204545,-0.234848,-0.175646,-0.16664,17.1335,18.1794
0.209596,-0.234848,-0.0879996,-0.0787079,18.0511,18.7755
0.214646,-0.234848,-0.0451574,-0.0351816,18.5528,19.9079
0.219697,-0.234848,-0.0447918,-0.0351071,18.7023,19.6099
0.224747,-0.234848,0.0447092,0.0543445,18.8667,19.4758
0.229798,-0.234848,0.0715943,0.0812858,18.8116,19.1629
0.234848,-0.234848,0.104698,0.114739,19.6499,20.3699
0.239899,-0.234848,0.154906,0.163689,17.4685,17.6579
0.244949,-0.234848,0.187601,0.195339,15.5231,15.7207
0.25,-0.234848,0.191165,0.195846,10.5994,10.0881
-0.25,-0.229798,-0.51159,-0.504434,10.8813,14.3722
-0.244949,-0.229798,-0.43781,-0.432461,8.20509,10.6469
-0.239899,-0.229798,-0.406136,-0.402398,5.53769,7.52509
-0.234848,-0.229798,-0.354663,-0.351161,5.32779,7.0557
-0.229798,-0.229798,-0.38427,-0.381388,4.4699,5.7593
-0.224747,-0.229798,-0.355121,-0.352558,4.36354,5.23776
-0.219697,-0.229798,-0.359247,-0.357091,3.63993,4.448
-0.214646,-0.229798,-0.335885,-0.334028,3.23246,3.7998
-0.209596,-0.229798,-0.349663,-0.34827,2.39816,2.96533
-0.204545,-0.229798,-0.357196,-0.355676,2.62793,3.1516
-0.199495,-0.229798,-0.38099,-0.380106,1.49337,1.8999
-0.194444,-0.229798,-0.376671,-0.375867,1.59434,1.74344
-0.189394,-0.229798,-0.408154,-0.407539,1.16953,1.45286
-0.184343,-0.229798,-0.444761,-0.444077,1.15909,1.51992
-0.179293,-0.229798,-0.484333,-0.483565,1.35046,1.57207
-0.174242,-0.229798,-0.540898,-0.540398,0.660144,1.11014
-0.169192,-0.229798,-0.562096,-0.561364,0.837823,1.52737
-0.164141,-0.229798,-0.619523,-0.619471,-0.0336131,0.25332
-0.159091,-0.229798,-0.643135,-0.643164,0.127241,0.178814
-0.15404,-0.229798,-0.66647,-0.666439,0.343422,0.201166
-0.14899,-0.229798,-0.669285,-0.669822,-0.716848,-0.849366
-0.143939,-0.229798,-0.692182,-0.692449,-0.347458,-0.521541
-0.138889,-0.229798,-0.722895,-0.723511,-1.1035,-1.11759
-0.133838,-0.229798,-0.708534,-0.7089,-0.583903,-0.566244
-0.128788,-0.229798,-0.776715,-0.777133,-0.957227,-0.827014
-0.123737,-0.229798,-0.771793,-0.77223,-0.961649,-0.976026
-0.118687,-0.229798,-0.801694,-0.802047,-0.936831,-0.521541
-0.113636,-0.229798,-0.800523,-0.800714,-0.746115,-0.305474
-0.108586,-0.229798,-0.870866,-0.871263,-0.560189,-0.633299
-0.103535,-0.229798,-0.876474,-0.876509,0.25164,0.193715
-0.0984849,-0.229798,-0.866864,-0.866987,-0.304648,-0.141561
-0.0934343,-0.229798,-0.879106,-0.878729,0.73695,0.849366
-0.0883838,-0.229798,-0.869582,-0.869177,0.688819,1.02445
-0.0833333,-0.229798,-0.905282,-0.904664,1.14073,1.44169
-0.0782828,-0.229798,-0.945302,-0.944938,0.684372,0.871718
-0.0732323,-0.229798,-1.03809,-1.03742,1.1464,1.39326
-0.0681818,-0.229798,-1.05385,-1.05322,1.20631,1.36346
-0.0631313,-0.229798,-1.04982,-1.04925,1.28196,1.24797
-0.0580808,-0.229798,-1.10037,-1.09928,2.06241,2.36183
-0.0530303,-0.229798,-1.16598,-1.16452,2.77049,3.09572
-0.0479798,-0.229798,-1.18482,-1.18336,2.97501,3.1516
-0.0429293,-0.229798,-1.18583,-1.18425,3.28621,3.36021
-0.0378788,-0.229798,-1.169,-1.1668,4.27933,4.54858
-0.0328283,-0.229798,-1.21502,-1.21282,4.28168,4.56348
-0.0277778,-0.229798,-1.21801,-1.21556,4.78126,5.08409
-0.0227273,-0.229798,-1.14918,-1.14627,5.60995,5.97024
-0.0176768,-0.229798,-1.16328,-1.16028,5.79169,6.13247
-0.0126263,-0.229798,-1.2407,-1.23692,7.35312,7.67782
-0.00757576,-0.229798,-1.17575,-1.17186,7.54904,7.91252
-0.00252525,-0.229798,-1.20539,-1.20133,7.83278,8.24965
0.00252525,-0.229798,-1.21235,-1.20797,8.42022,8.94256
0.00757576,-0.229798,-1.16847,-1.16406,8.30661,8.90717
0.0126263,-0.229798,-1.20505,-1.20049,8.7184,9.21264
0.0176768,-0.229798,-1.21797,-1.21321,9.23622,9.65595
0.0227273,-0.229798,-1.13795,-1.13323,9.10709,9.57399
0.0277778,-0.229798,-1.16281,-1.1576,10.0157,10.6022
0.0328283,-0.229798,-1.16245,-1.1573,9.90811,10.4308
0.0378788,-0.229798,-1.15041,-1.1452,10.1026,10.5537
0.0429293,-0.229798,-1.1064,-1.10114,10.4477,10.7326
0.0479798,-0.229798,-1.09495,-1.08922,10.9967,11.5633
0.0530303,-0.229798,-1.13474,-1.12908,11.268,11.608
0.0580808,-0.229798,-1.12394,-1.11774,11.9792,12.5021
0.0631313,-0.229798,-1.17299,-1.16646,12.3461,13.1577
0.0681818,-0.229798,-1.09664,-1.0903,12.3718,12.8672
0.0732323,-0.229798,-1.11294,-1.10625,12.7289,13.4632
0.0782828,-0.229798,-1.02905,-1.02248,12.5718,13.262
0.0833333,-0.229798,-0.987436,-0.980578,12.966,13.8655
0.0883838,-0.229798,-0.965952,-0.959441,12.9332,13.2471
0.0934343,-0.229798,-0.887801,-0.88115,12.8525,13.5154
0.0984849,-0.229798,-0.838197,-0.831418,13.1997,13.7538
0.103535,-0.229798,-0.788941,-0.782214,13.3146,13.7687
0.108586,-0.229798,-0.745395,-0.738293,13.6806,14.3051
0.113636,-0.229798,-0.74087,-0.733271,14.6881,15.4078
0.118687,-0.229798,-0.744663,-0.736684,14.9839,15.9144
0.123737,-0.229798,-0.697705,-0.68973,14.9788,15.9591
0.128788,-0.229798,-0.659243,-0.651792,14.5993,15.3184
0.133838,-0.229798,-0.566155,-0.558466,14.3412,15.3035
0.138889,-0.229798,-0.514745,-0.507161,14.4919,15.08
0.143939,-0.229798,-0.528803,-0.521302,14.587,15.4227
0.14899,-0.229798,-0.493853,-0.486001,14.5312,15.7207
0.15404,-0.229798,-0.447453,-0.439659,14.5219,15.8995
0.159091,-0.229798,-0.445776,-0.43793,14.6927,15.8697
0.164141,-0.229798,-0.403967,-0.396341,14.6643,15.4227
0.169192,-0.229798,-0.397176,-0.389338,14.906,16.0485
0.174242,-0.229798,-0.378678,-0.370264,15.9751,17.2108
0.179293,-0.229798,-0.29583,-0.287622,15.8581,16.6595
0.184343,-0.229798,-0.251235,-0.24341,15.418,15.6462
0.189394,-0.229798,-0.264973,-0.256479,15.8049,17.0916
0.194444,-0.229798,-0.235391,-0.226766,16.2006,17.2853
0.199495,-0.229798,-0.196474,-0.187904,16.2282,16.8085
0.204545,-0.229798,-0.135565,-0.127167,16.1724,16.8532
0.209596,-0.229798,-0.0706923,-0.0626445,16.1295,16.2423
0.214646,-0.229798,-0.0248929,-0.015974,16.4821,17.6877
0.219697,-0.229798,-0.0254754,-0.0169277,16.5038,16.8532
0.224747,-0.229798,0.0567809,0.0649691,16.2659,16.4062
0.229798,-0.229798,0.0832286,0.0910312,16.1336,15.9144
0.234848,-0.229798,0.103984,0.112474,16.0715,16.9128
0.239899,-0.229798,0.122887,0.129625,13.6129,13.6495
0.244949,-0.229798,0.153673,0.1591,11.2186,11.0865
0.25,-0.229798,0.148158,0.151351,6.52639,6.83963
-0.25,-0.224747,-0.516078,-0.508972,10.9782,14.0592
-0.244949,-0.224747,-0.45975,-0.45447,8.29859,10.6245
-0.239899,-0.224747,-0.413539,-0.409767,5.42465,7.59959
-0.234848,-0.224747,-0.362423,-0.359073,5.12388,6.79493
-0.229798,-0.224747,-0.393674,-0.390802,4.46846,5.85616
-0.224747,-0.224747,-0.350521,-0.348173,3.74172,4.85405
-0.219697,-0.224747,-0.352272,-0.350218,3.19594,4.04566
-0.214646,-0.224747,-0.34088,-0.338886,3.31902,3.99724
-0.209596,-0.224747,-0.345686,-0.34453,1.96399,2.39164
-0.204545,-0.224747,-0.343113,-0.342302,1.73362,1.87755
-0.199495,-0.224747,-0.376956,-0.376195,1.18248,1.54227
-0.194444,-0.224747,-0.367788,-0.367172,1.07297,1.3113
-0.189394,-0.224747,-0.388897,-0.388786,0.318068,0.506639
-0.184343,-0.224747,-0.426323,-0.42621,0.236606,0.342727
-0.179293,-0.224747,-0.466961,-0.466637,0.459338,0.629574
-0.174242,-0.224747,-0.524689,-0.524625,-0.0536325,0.141561
-0.169192,-0.224747,-0.542387,-0.542462,-0.0493292,-0.13411
-0.164141,-0.224747,-0.597956,-0.598483,-0.96589,-0.983477
-0.159091,-0.224747,-0.622756,-0.623181,-0.786774,-0.841915
-0.15404,-0.224747,-0.645428,-0.645779,-0.668154,-0.581145
-0.14899,-0.224747,-0.644587,-0.645399,-1.61144,-1.40816
-0.143939,-0.224747,-0.666343,-0.667311,-1.38089,-1.60933
-0.138889,-0.224747,-0.695658,-0.69686,-2.03565,-2.33203
-0.133838,-0.224747,-0.683846,-0.684619,-1.52865,-1.40816
-0.128788,-0.224747,-0.752509,-0.753738,-1.90085,-2.08616
-0.123737,-0.224747,-0.745534,-0.746697,-1.94589,-2.25008
-0.118687,-0.224747,-0.773417,-0.774316,-1.98912,-1.83284
-0.113636,-0.224747,-0.77004,-0.770837,-1.85242,-1.62423
-0.108586,-0.224747,-0.839268,-0.840329,-1.77591,-1.9595
-0.103535,-0.224747,-0.847272,-0.847921,-0.910875,-1.19954
-0.0984849,-0.224747,-0.836379,-0.837117,-1.39284,-1.39326
-0.0934343,-0.224747,-0.847139,-0.847481,-0.459323,-0.573695
-0.0883838,-0.224747,-0.836439,-0.836775,-0.47075,-0.447035
-0.0833333,-0.224747,-0.871635,-0.871755,-0.124688,0.0111759
-0.0782828,-0.224747,-0.911177,-0.911374,-0.516114,-0.368804
-0.0732323,-0.224747,-1.00189,-1.00211,-0.149094,-0.160187
-0.0681818,-0.224747,-1.01828,-1.01823,-0.0187078,0.245869
-0.0631313,-0.224747,-1.01129,-1.0114,-0.0516934,-0.00372529
-0.0580808,-0.224747,-1.0155,-1.01513,0.70102,0.834465
-0.0530303,-0.224747,-1.07965,-1.07893,1.34001,1.48639
-0.0479798,-0.224747,-1.10018,-1.09937,1.58126,1.68011
-0.0429293,-0.224747,-1.13578,-1.13475,2.0144,2.21282
-0.0378788,-0.224747,-1.07436,-1.07293,2.89888,2.90945
-0.0328283,-0.224747,-1.11968,-1.11825,2.93776,3.00817
-0.0277778,-0.224747,-1.12264,-1.12087,3.42883,3.64706
-0.0227273,-0.224747,-1.05511,-1.05292,4.19088,4.47128
-0.0176768,-0.224747,-1.06859,-1.06631,4.41055,4.65976
-0.0126263,-0.224747,-1.14559,-1.14254,5.88334,6.20075
-0.00757576,-0.224747,-1.08079,-1.07765,6.13743,6.41309
-0.00252525,-0.224747,-1.11032,-1.10701,6.38496,6.70552
0.00252525,-0.224747,-1.14507,-1.14132,7.15084,7.59959
0.00757576,-0.224747,-1.1014,-1.09766,7.10592,7.54744
0.0126263,-0.224747,-1.1371,-1.13324,7.47983,7.83428
0.0176768,-0.224747,-1.14943,-1.14527,7.88913,8.35583
0.0227273,-0.224747,-1.06916,-1.06519,7.85188,8.14348
0.0277778,-0.224747,-1.0936,-1.08899,8.70026,9.30205
0.0328283,-0.224747,-1.0936,-1.08907,8.60195,9.10461
0.0378788,-0.224747,-1.08212,-1.07751,8.82708,9.28342
0.0429293,-0.224747,-1.03844,-1.03382,9.13841,9.47714
0.0479798,-0.224747,-1.02769,-1.02266,9.65342,10.2185
0.0530303,-0.224747,-1.06831,-1.06315,9.97722,10.4532
0.0580808,-0.224747,-1.05511,-1.04979,10.6691,10.8629
0.0631313,-0.224747,-1.10364,-1.09798,11.0836,11.4664
0.0681818,-0.224747,-1.02558,-1.01975,11.142,11.7794
0.0732323,-0.224747,-1.05491,-1.04876,11.7344,12.3158
0.0782828,-0.224747,-0.970565,-0.964746,11.6029,11.8017
0.0833333,-0.224747,-0.929538,-0.923149,11.9531,12.7852
0.0883838,-0.224747,-0.965132,-0.95877,12.2782,12.7256
0.0934343,-0.224747,-0.887611,-0.881195,12.169,12.8373
0.0984849,-0.224747,-0.83767,-0.831045,12.4778,13.195
0.103535,-0.224747,-0.75806,-0.751227,12.8253,13.6197
0.108586,-0.224747,-0.76093,-0.753745,13.3076,14.1859
0.113636,-0.224747,-0.751053,-0.744179,14.421,14.3945
0.118687,-0.224747,-0.757546,-0.749797,14.6945,15.825
0.123737,-0.224747,-0.714374,-0.70712,14.5953,15.0502
0.128788,-0.224747,-0.680321,-0.673115,14.1863,14.8118
0.133838,-0.224747,-0.586926,-0.579685,13.9354,14.5882
0.138889,-0.224747,-0.537208,-0.529438,14.0619,15.6313
0.143939,-0.224747,-0.553176,-0.545427,14.1447,15.4078
0.14899,-0.224747,-0.51437,-0.506788,14.1711,15.1992
0.15404,-0.224747,-0.440695,-0.433624,13.9666,14.3796
0.159091,-0.224747,-0.433932,-0.426874,14.2853,14.4243
0.164141,-0.224747,-0.377346,-0.369176,14.6891,16.0336
0.169192,-0.224747,-0.363033,-0.355005,15.2085,16.3913
0.174242,-0.224747,-0.358442,-0.350162,15.7807,16.4509
0.179293,-0.224747,-0.290985,-0.282973,15.1932,15.7654
0.184343,-0.224747,-0.240774,-0.233129,15.023,15.5121
0.189394,-0.224747,-0.244975,-0.236884,15.6218,16.3764
0.194444,-0.224747,-0.213186,-0.204831,16.1972,16.9426
0.199495,-0.224747,-0.187938,-0.179604,15.8195,16.8383
0.204545,-0.224747,-0.137283,-0.129551,15.337,15.6611
0.209596,-0.224747,-0.0687692,-0.060454,15.2906,16.5403
0.214646,-0.224747,-0.037093,-0.0292808,15.1462,15.6611
0.219697,-0.224747,-0.0321535,-0.0240505,15.1283,16.138
0.224747,-0.224747,0.0505146,0.0579655,14.6273,14.9608
0.229798,-0.224747,0.0660973,0.0735223,13.9627,14.8565
0.234848,-0.224747,0.0729657,0.0798255,13.2113,13.8134
0.239899,-0.224747,0.0865538,0.0918358,10.9187,10.9375
0.244949,-0.224747,0.114213,0.118002,8.07897,7.79331
0.25,-0.224747,0.0994967,0.101045,4.13205,3.42727
-0.25,-0.219697,-0.529763,-0.522986,10.9434,13.5675
-0.244949,-0.219697,-0.477756,-0.472441,8.48295,10.6469
-0.239899,-0.219697,-0.427399,-0.423767,5.50969,7.23451
-0.234848,-0.219697,-0.371608,-0.368208,5.0965,6.88434
-0.229798,-0.219697,-0.401795,-0.399057,4.51782,5.56186
-0.224747,-0.219697,-0.356559,-0.354346,3.65061,4.4629
-0.219697,-0.219697,-0.34371,-0.342052,2.70012,3.43472
-0.214646,-0.219697,-0.333763,-0.33205,2.87915,3.48315
-0.209596,-0.219697,-0.347589,-0.346415,2.06297,2.51085
-0.204545,-0.219697,-0.339859,-0.33889,1.50524,2.00421
-0.199495,-0.219697,-0.36005,-0.359714,0.481217,0.782311
-0.194444,-0.219697,-0.35387,-0.353575,0.398962,0.700355
-0.189394,-0.219697,-0.383274,-0.383161,0.14085,0.312924
-0.184343,-0.219697,-0.414081,-0.414126,-0.18862,0
-0.179293,-0.219697,-0.450774,-0.450794,-0.136835,-0.0372529
-0.174242,-0.219697,-0.506836,-0.507243,-0.760571,-0.655651
-0.169192,-0.219697,-0.527331,-0.527807,-0.669793,-0.722706
-0.164141,-0.219697,-0.546453,-0.547051,-1.21636,-1.14739
-0.159091,-0.219697,-0.568585,-0.569165,-1.15768,-1.09524
-0.15404,-0.219697,-0.58849,-0.589296,-1.1956,-1.55717
-0.14899,-0.219697,-0.585495,-0.586659,-2.00739,-2.07871
-0.143939,-0.219697,-0.608902,-0.609778,-1.80048,-1.63168
-0.138889,-0.219697,-0.635579,-0.636883,-2.42522,-2.43634
-0.133838,-0.219697,-0.62141,-0.622466,-2.0413,-2.19792
-0.128788,-0.219697,-0.690932,-0.692256,-2.4003,-2.48849
-0.123737,-0.219697,-0.682611,-0.683829,-2.44,-2.22027
-0.118687,-0.219697,-0.714375,-0.715747,-2.41706,-2.70456
-0.113636,-0.219697,-0.710064,-0.711285,-2.30051,-2.25753
-0.108586,-0.219697,-0.779527,-0.780731,-2.29233,-2.39909
-0.103535,-0.219697,-0.782695,-0.783503,-1.53249,-1.41561
-0.0984849,-0.219697,-0.772185,-0.773333,-1.92333,-2.13832
-0.0934343,-0.219697,-0.815572,-0.816274,-1.15136,-1.33738
-0.0883838,-0.219697,-0.80566,-0.806242,-1.08063,-1.11014
-0.0833333,-0.219697,-0.840994,-0.841442,-0.812122,-0.83074
-0.0782828,-0.219697,-0.87996,-0.880551,-1.17532,-1.08406
-0.0732323,-0.219697,-0.968192,-0.968631,-0.873795,-0.797212
-0.0681818,-0.219697,-0.985155,-0.985552,-0.734938,-0.756234
-0.0631313,-0.219697,-0.977567,-0.978045,-0.77448,-1.00583
-0.0580808,-0.219697,-0.980571,-0.980664,-0.059092,-0.149012
-0.0530303,-0.219697,-1.04704,-1.04674,0.555393,0.707805
-0.0479798,-0.219697,-1.0655,-1.06515,0.800768,0.752509
-0.0429293,-0.219697,-1.10083,-1.1002,1.19912,1.32993
-0.0378788,-0.219697,-1.0382,-1.0372,2.04518,2.06195
-0.0328283,-0.219697,-1.08496,-1.08392,2.09039,2.17743
-0.0277778,-0.219697,-1.08921,-1.08787,2.59268,2.76417
-0.0227273,-0.219697,-1.02077,-1.01905,3.30065,3.50876
-0.0176768,-0.219697,-1.03341,-1.03156,3.58207,3.76231
-0.0126263,-0.219697,-1.14853,-1.14602,4.77582,5.0962
-0.00757576,-0.219697,-1.08375,-1.0811,5.07111,5.37187
-0.00252525,-0.219697,-1.11315,-1.11041,5.30866,5.55441
0.00252525,-0.219697,-1.14935,-1.14614,6.04205,6.44103
0.00757576,-0.219697,-1.13199,-1.12876,6.2712,6.54161
0.0126263,-0.219697,-1.16788,-1.16437,6.60189,7.02962
0.0176768,-0.219697,-1.17959,-1.17595,6.94008,7.29412
0.0227273,-0.219697,-1.09909,-1.09551,6.95232,7.18981
0.0277778,-0.219697,-1.12243,-1.11832,7.76977,8.28132
0.0328283,-0.219697,-1.12263,-1.11866,7.68636,7.99447
0.0378788,-0.219697,-1.11032,-1.10619,7.96977,8.3223
0.0429293,-0.219697,-1.06713,-1.06287,8.23138,8.49739
0.0479798,-0.219697,-1.0546,-1.05,8.75425,9.24244
0.0530303,-0.219697,-1.09699,-1.09228,9.115,9.50694
0.0580808,-0.219697,-1.0502,-1.04522,9.78691,10.3489
0.0631313,-0.219697,-1.09779,-1.0922,10.2423,11.1982
0.0681818,-0.219697,-1.02051,-1.01492,10.2797,11.3174
0.0732323,-0.219697,-1.05101,-1.04539,10.8481,11.3919
0.0782828,-0.219697,-0.967413,-0.961795,10.7432,11.2727
0.0833333,-0.219697,-0.926419,-0.920549,11.0746,11.7198
0.0883838,-0.219697,-0.960019,-0.954106,11.5342,11.8613
0.0934343,-0.219697,-0.880003,-0.874042,11.4624,12.286
0.0984849,-0.219697,-0.830313,-0.824176,11.7172,12.3531
0.103535,-0.219697,-0.75375,-0.747532,12.0427,12.3158
0.108586,-0.219697,-0.757306,-0.750735,12.5264,13.0385
0.113636,-0.219697,-0.751297,-0.744268,13.5528,14.2604
0.118687,-0.219697,-0.760219,-0.752792,13.8043,14.8863
0.123737,-0.219697,-0.715804,-0.708565,13.7303,14.32
0.128788,-0.219697,-0.68414,-0.67693,13.3304,14.3945
0.133838,-0.219697,-0.592131,-0.585362,13.0435,13.4855
0.138889,-0.219697,-0.544992,-0.538483,13.1543,13.5452
0.143939,-0.219697,-0.559292,-0.55182,13.2814,14.7819
0.14899,-0.219697,-0.509613,-0.502437,13.6125,14.4541
0.15404,-0.219697,-0.431693,-0.42446,13.51,14.469
0.159091,-0.219697,-0.393183,-0.385925,13.7892,14.7223
0.164141,-0.219697,-0.350981,-0.343919,13.6292,14.1412
0.169192,-0.219697,-0.349467,-0.342354,13.7086,14.7074
0.174242,-0.219697,-0.34208,-0.334799,14.2839,14.6925
0.179293,-0.219697,-0.264709,-0.257611,14.0858,13.873
0.184343,-0.219697,-0.216041,-0.208721,13.939,14.3796
0.189394,-0.219697,-0.224591,-0.217259,14.4127,14.6627
0.194444,-0.219697,-0.207516,-0.200048,14.5555,14.767
0.199495,-0.219697,-0.17801,-0.170588,14.2164,14.9757
0.204545,-0.219697,-0.124724,-0.117049,13.8043,15.2141
0.209596,-0.219697,-0.0662318,-0.0593513,13.4094,13.4855
0.214646,-0.219697,-0.0295043,-0.0227094,13.2116,13.5601
0.219697,-0.219697,-0.0216778,-0.0147521,13.2462,13.7985
0.224747,-0.219697,0.0512141,0.0578165,12.3894,13.4557
0.229798,-0.219697,0.0489188,0.0549704,11.5031,12.1444
0.234848,-0.219697,0.0514524,0.0567436,10.7062,10.7139
0.239899,-0.219697,0.0698529,0.0736415,7.89132,7.82311
0.244949,-0.219697,0.0835372,0.0860989,5.75854,5.52833
0.25,-0.219697,0.063525,0.0642315,2.07481,1.63168
-0.25,-0.214646,-0.502176,-0.494517,11.4271,14.9384
-0.244949,-0.214646,-0.453765,-0.448257,8.46934,10.8927
-0.239899,-0.214646,-0.436059,-0.432543,5.51546,7.16746
-0.234848,-0.214646,-0.375273,-0.37206,4.75821,6.53416
-0.229798,-0.214646,-0.425726,-0.422969,4.22389,5.49853
-0.224747,-0.214646,-0.385324,-0.383049,3.60877,4.56721
-0.219697,-0.214646,-0.364378,-0.362739,2.41689,3.23728
-0.214646,-0.214646,-0.340409,-0.339039,2.16896,2.8275
-0.209596,-0.214646,-0.360966,-0.360034,1.51238,1.93715
-0.204545,-0.214646,-0.359199,-0.358313,1.36262,1.95205
-0.199495,-0.214646,-0.380367,-0.380099,0.352413,0.663102
-0.194444,-0.214646,-0.365603,-0.365585,-0.06126,0.0149012
-0.189394,-0.214646,-0.385265,-0.3855,-0.601444,-0.312924
-0.184343,-0.214646,-0.424035,-0.424266,-0.671488,-0.394881
-0.179293,-0.214646,-0.452545,-0.453092,-0.91274,-0.864267
-0.174242,-0.214646,-0.468482,-0.46923,-1.37837,-1.40071
-0.169192,-0.214646,-0.486484,-0.487067,-1.41086,-1.08033
-0.164141,-0.214646,-0.506742,-0.507824,-1.89129,-2.04891
-0.159091,-0.214646,-0.528489,-0.529408,-1.88139,-1.85519
-0.15404,-0.214646,-0.550361,-0.551283,-1.86425,-1.9297
-0.14899,-0.214646,-0.546201,-0.547625,-2.53993,-2.63005
-0.143939,-0.214646,-0.564385,-0.565946,-2.55311,-3.12179
-0.138889,-0.214646,-0.591064,-0.592835,-3.10491,-3.30061
-0.133838,-0.214646,-0.577325,-0.578791,-2.72693,-2.74181
-0.128788,-0.214646,-0.675878,-0.677772,-3.28536,-3.59118
-0.123737,-0.214646,-0.6656,-0.667565,-3.36254,-3.8892
-0.118687,-0.214646,-0.696182,-0.697978,-3.34574,-3.72529
-0.113636,-0.214646,-0.690849,-0.692554,-3.28365,-3.23355
-0.108586,-0.214646,-0.761751,-0.763386,-3.27006,-3.08454
-0.103535,-0.214646,-0.766092,-0.767372,-2.5049,-2.47359
-0.0984849,-0.214646,-0.754686,-0.756226,-2.82472,-2.92808
-0.0934343,-0.214646,-0.794763,-0.795916,-1.8655,-1.9595
-0.0883838,-0.214646,-0.782414,-0.783402,-1.83909,-1.96695
-0.0833333,-0.214646,-0.810095,-0.810869,-1.37784,-1.49757
-0.0782828,-0.214646,-0.881936,-0.88276,-1.73112,-1.49757
-0.0732323,-0.214646,-0.969934,-0.970755,-1.48533,-1.52364
-0.0681818,-0.214646,-0.987266,-0.987995,-1.29463,-1.42679
-0.0631313,-0.214646,-0.980837,-0.981595,-1.37036,-1.44169
-0.0580808,-0.214646,-0.982981,-0.983357,-0.667315,-0.745058
-0.0530303,-0.214646,-1.05027,-1.05029,-0.0808091,-0.0484288
-0.0479798,-0.214646,-1.06648,-1.06641,0.156134,0.149012
-0.0429293,-0.214646,-1.13433,-1.13402,0.669919,0.70408
-0.0378788,-0.214646,-1.07119,-1.07046,1.49874,1.51619
-0.0328283,-0.214646,-1.11707,-1.11633,1.54987,1.53296
-0.0277778,-0.214646,-1.12128,-1.12022,2.03571,2.16858
-0.0227273,-0.214646,-1.08808,-1.08681,2.42791,2.58279
-0.0176768,-0.214646,-1.0985,-1.0971,2.69971,2.84286
-0.0126263,-0.214646,-1.21428,-1.21229,3.85954,4.00282
-0.00757576,-0.214646,-1.14913,-1.14699,4.18181,4.33624
-0.00252525,-0.214646,-1.17859,-1.17632,4.42615,4.6026
0.00252525,-0.214646,-1.21534,-1.21262,5.15344,5.49853
0.00757576,-0.214646,-1.19951,-1.19662,5.41463,5.74812
0.0126263,-0.214646,-1.19821,-1.1954,5.4936,5.7444
0.0176768,-0.214646,-1.20779,-1.20473,5.79451,6.16535
0.0227273,-0.214646,-1.09878,-1.09567,6.03618,6.19888
0.0277778,-0.214646,-1.14211,-1.13842,7.08325,7.50273
0.0328283,-0.214646,-1.14437,-1.14078,6.99402,7.24196
0.0378788,-0.214646,-1.1333,-1.12942,7.28167,7.75978
0.0429293,-0.214646,-1.08915,-1.08517,7.53455,7.94232
0.0479798,-0.214646,-1.07761,-1.07328,8.01619,8.69855
0.0530303,-0.214646,-1.12013,-1.11586,8.40976,8.70973
0.0580808,-0.214646,-1.07346,-1.0687,9.01482,9.48459
0.0631313,-0.214646,-1.09488,-1.09014,9.21404,9.6038
0.0681818,-0.214646,-1.01461,-1.0099,9.29926,9.41008
0.0732323,-0.214646,-1.01205,-1.00667,9.88767,10.7437
0.0782828,-0.214646,-0.924935,-0.919878,9.85248,10.1775
0.0833333,-0.214646,-0.887763,-0.882395,10.0953,10.7884
0.0883838,-0.214646,-0.923517,-0.917941,10.5658,11.2131
0.0934343,-0.214646,-0.843974,-0.838548,10.47,10.781
0.0984849,-0.214646,-0.801385,-0.795603,10.865,11.6974
0.103535,-0.214646,-0.725664,-0.719771,11.2212,11.7645
0.108586,-0.214646,-0.695767,-0.689477,11.6362,12.6511
0.113636,-0.214646,-0.692034,-0.685558,12.6188,13.3216
0.118687,-0.214646,-0.70114,-0.694692,12.8967,12.9491
0.123737,-0.214646,-0.661071,-0.654489,12.731,13.3663
0.128788,-0.214646,-0.629839,-0.623077,12.3698,13.724
0.133838,-0.214646,-0.523514,-0.517085,12.092,12.8597
0.138889,-0.214646,-0.466407,-0.460178,12.4603,12.815
0.143939,-0.214646,-0.47854,-0.471696,12.6186,13.7985
0.14899,-0.214646,-0.429634,-0.422642,12.9371,14.022
0.15404,-0.214646,-0.356509,-0.349432,12.7411,13.8283
0.159091,-0.214646,-0.329069,-0.322893,12.6922,12.8597
0.164141,-0.214646,-0.32552,-0.318602,12.7433,13.9475
0.169192,-0.214646,-0.315821,-0.309005,13.0467,13.4855
0.174242,-0.214646,-0.283139,-0.276074,13.4687,14.2008
0.179293,-0.214646,-0.212189,-0.205323,13.1117,13.6644
0.184343,-0.214646,-0.176204,-0.169575,12.6819,13.4259
0.189394,-0.214646,-0.184425,-0.177309,13.0241,14.0369
0.194444,-0.214646,-0.163921,-0.157446,13.2419,13.1875
0.199495,-0.214646,-0.14349,-0.136957,12.7364,13.3216
0.204545,-0.214646,-0.0946942,-0.0884235,12.1812,12.6809
0.209596,-0.214646,-0.0574562,-0.0511408,12.0169,12.8746
0.214646,-0.214646,-0.0189161,-0.0126511,11.9106,12.368
0.219697,-0.214646,-0.015462,-0.00923872,11.6222,12.368
0.224747,-0.214646,0.0405234,0.0460595,10.5743,11.1461
0.229798,-0.214646,0.0361629,0.0409484,9.79454,9.87947
0.234848,-0.214646,0.0366265,0.0407845,8.6692,8.41916
0.239899,-0.214646,0.0509342,0.0537112,5.90924,5.73695
0.244949,-0.214646,0.0612571,0.0625625,3.98271,3.01003
0.25,-0.214646,0.0389319,0.0391006,0.964569,0.730157
-0.25,-0.209596,-0.507607,-0.5005,10.9742,14.1636
-0.244949,-0.209596,-0.444021,-0.438608,8.48444,10.7288
-0.239899,-0.209596,-0.429982,-0.426181,5.65231,7.48783
-0.234848,-0.209596,-0.368689,-0.365682,4.74592,6.07222
-0.229798,-0.209596,-0.408956,-0.406451,4.12358,4.99189
-0.224747,-0.209596,-0.372499,-0.370223,3.45783,4.57093
-0.219697,-0.209596,-0.356358,-0.354651,2.5699,3.38256
-0.214646,-0.209596,-0.324524,-0.323076,2.0869,2.89455
-0.209596,-0.209596,-0.335768,-0.334978,1.08733,1.67638
-0.204545,-0.209596,-0.353238,-0.352398,1.07761,1.57207
-0.199495,-0.209596,-0.389692,-0.389479,0.102365,0.506639
-0.194444,-0.209596,-0.378764,-0.378862,-0.223246,0.00745058
-0.189394,-0.209596,-0.392081,-0.392474,-0.99344,-0.812113
-0.184343,-0.209596,-0.420681,-0.42139,-1.43966,-1.43796
-0.179293,-0.209596,-0.454396,-0.455126,-1.48601,-1.36346
-0.174242,-0.209596,-0.475478,-0.47645,-1.74946,-1.9148
-0.169192,-0.209596,-0.491291,-0.492141,-1.83979,-1.71363
-0.164141,-0.209596,-0.526325,-0.527583,-2.71614,-2.50339
-0.159091,-0.209596,-0.548893,-0.550129,-2.72307,-2.44379
-0.15404,-0.209596,-0.570665,-0.572056,-2.76262,-2.63751
-0.14899,-0.209596,-0.591475,-0.593394,-3.54392,-3.74019
-0.143939,-0.209596,-0.610586,-0.612617,-3.54297,-3.88175
-0.138889,-0.209596,-0.636382,-0.638768,-4.04793,-4.58211
-0.133838,-0.209596,-0.619413,-0.621423,-3.8244,-3.919
-0.128788,-0.209596,-0.717185,-0.719376,-4.4074,-4.26918
-0.123737,-0.209596,-0.707578,-0.709943,-4.40917,-4.69387
-0.118687,-0.209596,-0.738735,-0.741214,-4.39658,-5.00679
-0.113636,-0.209596,-0.730918,-0.733219,-4.3891,-4.64171
-0.108586,-0.209596,-0.802023,-0.804238,-4.44567,-4.62681
-0.103535,-0.209596,-0.837123,-0.839122,-3.7784,-4.03076
-0.0984849,-0.209596,-0.824454,-0.826925,-4.0933,-4.72367
-0.0934343,-0.209596,-0.865978,-0.86794,-3.15103,-3.74764
-0.0883838,-0.209596,-0.854353,-0.856072,-3.073,-3.41982
-0.0833333,-0.209596,-0.882846,-0.884153,-2.65575,-2.63751
-0.0782828,-0.209596,-0.952888,-0.954449,-2.98197,-3.20375
-0.0732323,-0.209596,-1.03975,-1.04138,-2.7998,-3.09944
-0.0681818,-0.209596,-1.05508,-1.05654,-2.61805,-2.79397
-0.0631313,-0.209596,-1.04812,-1.04966,-2.68988,-3.05101
-0.0580808,-0.209596,-1.00396,-1.00513,-2.05318,-2.2985
-0.0530303,-0.209596,-1.05947,-1.06006,-1.23202,-1.2219
-0.0479798,-0.209596,-1.07509,-1.07569,-0.988486,-1.18837
-0.0429293,-0.209596,-1.14379,-1.14408,-0.459301,-0.558793
-0.0378788,-0.209596,-1.11187,-1.11168,0.452649,0.456348
-0.0328283,-0.209596,-1.15615,-1.15591,0.502214,0.528991
-0.0277778,-0.209596,-1.15893,-1.15844,0.967851,1.00583
-0.0227273,-0.209596,-1.12586,-1.12516,1.3367,1.4361
-0.0176768,-0.209596,-1.11539,-1.11444,1.84902,1.94577
-0.0126263,-0.209596,-1.23139,-1.22985,2.96105,3.11434
-0.00757576,-0.209596,-1.16464,-1.16289,3.34908,3.5204
-0.00252525,-0.209596,-1.16842,-1.16652,3.77535,3.84077
0.00252525,-0.209596,-1.2037,-1.20136,4.48584,4.72181
0.00757576,-0.209596,-1.18719,-1.18472,4.77789,4.97699
0.0126263,-0.209596,-1.21094,-1.20831,5.03257,5.33462
0.0176768,-0.209596,-1.2212,-1.2184,5.28439,5.63636
0.0227273,-0.209596,-1.11221,-1.10932,5.55957,5.78538
0.0277778,-0.209596,-1.15547,-1.15202,6.59573,7.00727
0.0328283,-0.209596,-1.15876,-1.15536,6.53256,6.92904
0.0378788,-0.209596,-1.14967,-1.14624,6.81125,7.02217
0.0429293,-0.209596,-1.0739,-1.07024,7.15542,7.29412
0.0479798,-0.209596,-1.0618,-1.05775,7.64108,8.12113
0.0530303,-0.209596,-1.1029,-1.09873,8.10422,8.35955
0.0580808,-0.209596,-1.05679,-1.05219,8.67679,9.26852
0.0631313,-0.209596,-1.07577,-1.07109,8.92882,9.40263
0.0681818,-0.209596,-0.998658,-0.99393,8.95498,9.52184
0.0732323,-0.209596,-0.996448,-0.991493,9.53454,10.0434
0.0782828,-0.209596,-0.912446,-0.907309,9.45382,10.103
0.0833333,-0.209596,-0.883812,-0.878781,9.88989,10.2594
0.0883838,-0.209596,-0.919418,-0.913866,10.4155,11.2727
0.0934343,-0.209596,-0.884672,-0.879362,10.3939,10.5053
0.0984849,-0.209596,-0.844045,-0.838503,10.7147,11.0865
0.103535,-0.209596,-0.769648,-0.76367,11.0991,11.9358
0.108586,-0.209596,-0.743179,-0.737175,11.4466,12.219
0.113636,-0.209596,-0.70687,-0.700176,12.3394,13.3365
0.118687,-0.209596,-0.71647,-0.709936,12.6269,12.6809
0.123737,-0.209596,-0.671707,-0.665441,12.566,12.5915
0.128788,-0.209596,-0.631234,-0.624835,12.4295,12.8746
0.133838,-0.209596,-0.523376,-0.517085,12.1641,12.7256
0.138889,-0.209596,-0.471907,-0.465393,12.4246,13.2024
0.143939,-0.209596,-0.483876,-0.47715,12.6103,13.4855
0.14899,-0.209596,-0.446041,-0.438943,12.6178,14.0071
0.15404,-0.209596,-0.373818,-0.367314,12.4133,13.0534
0.159091,-0.209596,-0.315554,-0.309214,12.3355,12.8895
0.164141,-0.209596,-0.306377,-0.299856,12.5263,12.9938
0.169192,-0.209596,-0.294744,-0.288323,12.9059,12.9342
0.174242,-0.209596,-0.272001,-0.265092,13.0624,13.7836
0.179293,-0.209596,-0.210535,-0.204056,12.4654,13.0087
0.184343,-0.209596,-0.175367,-0.16886,12.0447,13.3067
0.189394,-0.209596,-0.179314,-0.173032,12.3933,12.5319
0.194444,-0.209596,-0.169233,-0.162795,12.3957,13.0832
0.199495,-0.209596,-0.14541,-0.139207,11.9872,12.8448
0.204545,-0.209596,-0.0929703,-0.0873655,11.3991,11.0865
0.209596,-0.209596,-0.0529149,-0.046879,11.3149,11.8613
0.214646,-0.209596,-0.0201684,-0.0146031,10.9071,11.2504
0.219697,-0.209596,-0.0297569,-0.024423,10.4468,10.9971
0.224747,-0.209596,0.0202328,0.0253022,9.53395,10.2073
0.229798,-0.209596,0.0139413,0.0183582,8.71206,9.0003
0.234848,-0.209596,0.0245619,0.0279397,6.98122,6.97374
0.239899,-0.209596,0.0303521,0.0325218,4.89923,4.56721
0.244949,-0.209596,0.038593,0.0398308,2.91478,2.47359
0.25,-0.209596,0.014268,0.0138432,0.0554926,-0.581145
-0.25,-0.204545,-0.481148,-0.473879,11.4524,14.3796
-0.244949,-0.204545,-0.426883,-0.421576,8.5725,10.8257
-0.239899,-0.204545,-0.406399,-0.402689,5.85813,7.42078
-0.234848,-0.204545,-0.3572,-0.354066,4.90911,6.31064
-0.229798,-0.204545,-0.389351,-0.386789,4.31501,5.23776
-0.224747,-0.204545,-0.344639,-0.342455,3.5207,4.40702
-0.219697,-0.204545,-0.349048,-0.347335,2.64027,3.30061
-0.214646,-0.204545,-0.322164,-0.32077,2.34887,2.76417
-0.209596,-0.204545,-0.327856,-0.327017,1.24729,1.60933
-0.204545,-0.204545,-0.335624,-0.33493,0.952984,1.32248
-0.199495,-0.204545,-0.372086,-0.371974,-0.0254255,0.156462
-0.194444,-0.204545,-0.367086,-0.367098,-0.104042,0.0149012
-0.189394,-0.204545,-0.397224,-0.397392,-0.661297,-0.335276
-0.184343,-0.204545,-0.422553,-0.423193,-1.20163,-1.22935
-0.179293,-0.204545,-0.448427,-0.449311,-1.53862,-1.6652
-0.174242,-0.204545,-0.467819,-0.46888,-1.83788,-1.95205
-0.169192,-0.204545,-0.48411,-0.485055,-2.01772,-1.90735
-0.164141,-0.204545,-0.519177,-0.520527,-2.81209,-2.63751
-0.159091,-0.204545,-0.538025,-0.539623,-2.94227,-3.1516
-0.15404,-0.204545,-0.556033,-0.557609,-3.08168,-2.97278
-0.14899,-0.204545,-0.576047,-0.578068,-3.83426,-3.98606
-0.143939,-0.204545,-0.621545,-0.623703,-4.0436,-4.24683
-0.138889,-0.204545,-0.646746,-0.649102,-4.49462,-4.59701
-0.133838,-0.204545,-0.63256,-0.635095,-4.25927,-4.92483
-0.128788,-0.204545,-0.728042,-0.730649,-4.82738,-5.23776
-0.123737,-0.204545,-0.717585,-0.720031,-4.93102,-4.81307
-0.118687,-0.204545,-0.748454,-0.751138,-4.93375,-5.33462
-0.113636,-0.204545,-0.739726,-0.742212,-4.94259,-5.0813
-0.108586,-0.204545,-0.81242,-0.814974,-4.98366,-5.19305
-0.103535,-0.204545,-0.846041,-0.848375,-4.3254,-4.70132
-0.0984849,-0.204545,-0.832474,-0.835046,-4.6244,-5.01424
-0.0934343,-0.204545,-0.872449,-0.874527,-3.73087,-4.14252
-0.0883838,-0.204545,-0.861173,-0.863045,-3.62642,-3.75509
-0.0833333,-0.204545,-0.888191,-0.88986,-3.26418,-3.30061
-0.0782828,-0.204545,-0.960261,-0.962153,-3.54467,-3.74019
-0.0732323,-0.204545,-1.04801,-1.04985,-3.37035,-3.62098
-0.0681818,-0.204545,-1.06367,-1.06541,-3.1651,-3.42727
-0.0631313,-0.204545,-1.05647,-1.05822,-3.25055,-3.47942
-0.0580808,-0.204545,-1.04189,-1.04326,-2.61112,-2.76417
-0.0530303,-0.204545,-1.09589,-1.09688,-1.82572,-1.9297
-0.0479798,-0.204545,-1.1109,-1.1117,-1.57878,-1.6354
-0.0429293,-0.204545,-1.17998,-1.18054,-1.06655,-1.08406
-0.0378788,-0.204545,-1.14845,-1.14857,-0.140706,-0.217929
-0.0328283,-0.204545,-1.19251,-1.19261,-0.0822353,-0.178814
-0.0277778,-0.204545,-1.19535,-1.19518,0.379669,0.363216
-0.0227273,-0.204545,-1.16205,-1.16165,0.745185,0.813976
-0.0176768,-0.204545,-1.15023,-1.14957,1.27261,1.32155
-0.0126263,-0.204545,-1.26411,-1.26291,2.35442,2.43448
-0.00757576,-0.204545,-1.19878,-1.19737,2.71317,2.85543
-0.00252525,-0.204545,-1.20248,-1.20085,3.14775,3.27453
0.00252525,-0.204545,-1.23968,-1.23758,3.86045,4.17419
0.00757576,-0.204545,-1.19541,-1.19323,4.35651,4.54113
0.0126263,-0.204545,-1.22003,-1.2176,4.60527,4.8764
0.0176768,-0.204545,-1.22991,-1.2273,4.77951,5.12227
0.0227273,-0.204545,-1.12188,-1.11917,5.06986,5.36069
0.0277778,-0.204545,-1.16399,-1.16084,6.09311,6.32927
0.0328283,-0.204545,-1.16483,-1.16168,6.06183,6.30692
0.0378788,-0.204545,-1.15491,-1.1516,6.38129,6.62729
0.0429293,-0.204545,-1.08039,-1.07686,6.68858,6.95884
0.0479798,-0.204545,-1.06857,-1.06478,7.15862,7.69645
0.0530303,-0.204545,-1.11181,-1.10767,7.63869,8.2925
0.0580808,-0.204545,-1.06509,-1.06083,8.20304,8.70228
0.0631313,-0.204545,-1.08721,-1.08279,8.41608,8.80659
0.0681818,-0.204545,-1.01073,-1.00627,8.42982,9.10461
0.0732323,-0.204545,-1.00922,-1.00448,9.01483,9.71556
0.0782828,-0.204545,-0.924555,-0.919782,8.95839,9.50694
0.0833333,-0.204545,-0.897043,-0.89208,9.35867,9.87202
0.0883838,-0.204545,-0.902374,-0.897244,9.87147,10.1626
0.0934343,-0.204545,-0.86916,-0.863887,9.79802,10.5277
0.0984849,-0.204545,-0.828785,-0.82349,10.1029,10.8257
0.103535,-0.204545,-0.754897,-0.749141,10.4947,11.3696
0.108586,-0.204545,-0.725885,-0.720143,10.8962,11.3398
0.113636,-0.204545,-0.682433,-0.676468,11.929,12.2488
0.118687,-0.204545,-0.688333,-0.681743,12.2907,13.1428
0.123737,-0.204545,-0.643218,-0.637054,12.2427,12.4574
0.128788,-0.204545,-0.608148,-0.601783,12.0347,12.9193
0.133838,-0.204545,-0.502193,-0.496224,11.7193,12.0848
0.138889,-0.204545,-0.459162,-0.452772,11.7804,12.7554
0.143939,-0.204545,-0.470333,-0.464156,11.9624,12.2339
0.14899,-0.204545,-0.425949,-0.419527,12.1472,12.7107
0.15404,-0.204545,-0.351922,-0.345454,11.9692,12.517
0.159091,-0.204545,-0.293382,-0.287086,11.902,12.5617
0.164141,-0.204545,-0.286131,-0.27968,12.0748,13.0981
0.169192,-0.204545,-0.285568,-0.279278,12.1856,12.7703
0.174242,-0.204545,-0.261149,-0.254348,12.3309,13.4706
0.179293,-0.204545,-0.198539,-0.192374,11.7502,12.368
0.184343,-0.204545,-0.164949,-0.158668,11.3237,12.4425
0.189394,-0.204545,-0.171011,-0.16503,11.5884,12.055
0.194444,-0.204545,-0.158522,-0.152498,11.6242,12.2935
0.199495,-0.204545,-0.135615,-0.129759,11.1661,11.6527
0.204545,-0.204545,-0.07952,-0.0738502,10.6915,11.4888
0.209596,-0.204545,-0.0447847,-0.0394583,10.3302,10.55
0.214646,-0.204545,-0.0250828,-0.019893,9.80179,10.2073
0.219697,-0.204545,-0.038892,-0.0341684,9.40486,9.59635
0.224747,-0.204545,0.0106027,0.0147074,8.454,8.41916
0.229798,-0.204545,0.00546265,0.00937283,7.42053,8.12113
0.234848,-0.204545,0.0118329,0.0147969,5.86223,6.03497
0.239899,-0.204545,0.0134831,0.01508,3.9679,3.39001
0.244949,-0.204545,0.0190888,0.0198707,2.26186,1.67638
0.25,-0.204545,-0.00500396,-0.00553578,-0.372165,-0.946224
-0.25,-0.199495,-0.504796,-0.497609,11.6614,14.2828
-0.244949,-0.199495,-0.455581,-0.450209,8.66926,10.7214
-0.239899,-0.199495,-0.429513,-0.425674,6.07719,7.60704
-0.234848,-0.199495,-0.383578,-0.380754,4.90027,5.95301
-0.229798,-0.199495,-0.419939,-0.417251,4.22835,5.47618
-0.224747,-0.199495,-0.355481,-0.353396,3.36098,4.1537
-0.219697,-0.199495,-0.357529,-0.355862,2.39527,3.24845
-0.214646,-0.199495,-0.32836,-0.326965,2.11811,2.902
-0.209596,-0.199495,-0.337619,-0.336833,1.11364,1.64658
-0.204545,-0.199495,-0.337746,-0.337332,0.704594,0.961125
-0.199495,-0.199495,-0.371253,-0.371329,-0.325875,-0.119209
-0.194444,-0.199495,-0.362455,-0.362717,-0.589827,-0.491738
-0.189394,-0.199495,-0.39734,-0.397786,-0.861157,-0.886619
-0.184343,-0.199495,-0.426944,-0.427574,-1.28956,-1.06543
-0.179293,-0.199495,-0.449727,-0.450693,-1.72306,-1.89245
-0.174242,-0.199495,-0.484018,-0.485286,-2.42052,-2.60025
-0.169192,-0.199495,-0.49373,-0.495158,-2.76703,-2.67476
-0.164141,-0.199495,-0.551467,-0.553392,-3.69908,-3.88175
-0.159091,-0.199495,-0.577017,-0.57891,-3.70317,-3.76254
-0.15404,-0.199495,-0.592849,-0.594981,-3.91,-4.17978
-0.14899,-0.199495,-0.608716,-0.611097,-4.67121,-4.77582
-0.143939,-0.199495,-0.65315,-0.655621,-4.93398,-5.21541
-0.138889,-0.199495,-0.676029,-0.679053,-5.41753,-5.87851
-0.133838,-0.199495,-0.663506,-0.666432,-5.18448,-6.02752
-0.128788,-0.199495,-0.787765,-0.790857,-5.88616,-6.00517
-0.123737,-0.199495,-0.777042,-0.780433,-5.95825,-6.86198
-0.118687,-0.199495,-0.807424,-0.810787,-5.93776,-6.60866
-0.113636,-0.199495,-0.797834,-0.801139,-5.97097,-6.44475
-0.108586,-0.199495,-0.868556,-0.87171,-6.11638,-6.3777
-0.103535,-0.199495,-0.90054,-0.903554,-5.46974,-6.12438
-0.0984849,-0.199495,-0.919791,-0.922695,-5.77228,-5.93066
-0.0934343,-0.199495,-0.960188,-0.962794,-4.90509,-5.29736
-0.0883838,-0.199495,-0.941744,-0.944205,-4.60306,-5.02914
-0.0833333,-0.199495,-0.999261,-1.00148,-4.28546,-4.47035
-0.0782828,-0.199495,-1.07161,-1.07397,-4.57011,-4.76837
-0.0732323,-0.199495,-1.1569,-1.1593,-4.42802,-4.88013
-0.0681818,-0.199495,-1.17324,-1.17552,-4.20841,-4.4927
-0.0631313,-0.199495,-1.16694,-1.1693,-4.29056,-4.73112
-0.0580808,-0.199495,-1.15499,-1.15699,-3.63085,-4.04939
-0.0530303,-0.199495,-1.20817,-1.20972,-2.85994,-3.14414
-0.0479798,-0.199495,-1.22154,-1.2228,-2.59419,-2.52202
-0.0429293,-0.199495,-1.29025,-1.29136,-2.10175,-2.25753
-0.0378788,-0.199495,-1.25621,-1.25684,-1.2101,-1.27405
-0.0328283,-0.199495,-1.30061,-1.30122,-1.13322,-1.24238
-0.0277778,-0.199495,-1.30405,-1.30443,-0.699067,-0.765547
-0.0227273,-0.199495,-1.25234,-1.25239,-0.120268,-0.115484
-0.0176768,-0.199495,-1.24023,-1.24004,0.411413,0.368804
-0.0126263,-0.199495,-1.33326,-1.33237,1.71059,1.7765
-0.00757576,-0.199495,-1.26779,-1.26672,2.08497,2.14763
-0.00252525,-0.199495,-1.27244,-1.27111,2.50275,2.66172
0.00252525,-0.199495,-1.3099,-1.30818,3.17139,3.44776
0.00757576,-0.199495,-1.28949,-1.28743,3.8878,4.07174
0.0126263,-0.199495,-1.31049,-1.30834,4.1444,4.34369
0.0176768,-0.199495,-1.31875,-1.31643,4.31984,4.59328
0.0227273,-0.199495,-1.18422,-1.18165,4.8128,5.11855
0.0277778,-0.199495,-1.22588,-1.22283,5.80116,6.07967
0.0328283,-0.199495,-1.2282,-1.22519,5.76238,5.94556
0.0378788,-0.199495,-1.21792,-1.21468,6.07454,6.39632
0.0429293,-0.199495,-1.14361,-1.14043,6.35935,6.51926
0.0479798,-0.199495,-1.13369,-1.13,6.78642,7.35372
0.0530303,-0.199495,-1.14821,-1.14444,7.34205,7.56979
0.0580808,-0.199495,-1.10006,-1.0959,7.88559,8.22544
0.0631313,-0.199495,-1.09273,-1.08842,8.15389,8.50111
0.0681818,-0.199495,-1.01477,-1.01026,8.17504,9.0003
0.0732323,-0.199495,-1.01538,-1.01079,8.74654,9.32067
0.0782828,-0.199495,-0.931916,-0.927277,8.69773,9.32813
0.0833333,-0.199495,-0.906541,-0.901759,9.05301,9.49949
0.0883838,-0.199495,-0.911839,-0.90678,9.59698,10.0434
0.0934343,-0.199495,-0.878295,-0.873335,9.52676,9.93162
0.0984849,-0.199495,-0.835299,-0.830121,9.85888,10.4681
0.103535,-0.199495,-0.753813,-0.748247,10.419,11.161
0.108586,-0.199495,-0.724655,-0.718981,10.8304,11.3696
0.113636,-0.199495,-0.673105,-0.667006,11.5141,12.3382
0.118687,-0.199495,-0.680063,-0.673547,11.8861,12.8299
0.123737,-0.199495,-0.638761,-0.63251,11.7599,12.3531
0.128788,-0.199495,-0.608832,-0.602975,11.4473,11.9209
0.133838,-0.199495,-0.503139,-0.497311,11.0972,11.9358
0.138889,-0.199495,-0.453373,-0.447437,11.3226,11.9507
0.143939,-0.199495,-0.463532,-0.457883,11.5233,11.459
0.14899,-0.199495,-0.421108,-0.415117,11.655,12.0699
0.15404,-0.199495,-0.342721,-0.336722,11.5934,11.8464
0.159091,-0.199495,-0.259438,-0.253484,11.2936,11.9954
0.164141,-0.199495,-0.258355,-0.252381,11.3297,11.7421
0.169192,-0.199495,-0.256115,-0.249729,11.458,12.7107
0.174242,-0.199495,-0.228303,-0.222057,11.6307,12.368
0.179293,-0.199495,-0.171304,-0.165418,10.9501,11.8911
0.184343,-0.199495,-0.138021,-0.132352,10.549,10.9673
0.189394,-0.199495,-0.14453,-0.138685,10.692,11.5335
0.194444,-0.199495,-0.14439,-0.138834,10.5793,10.55
0.199495,-0.199495,-0.113946,-0.10851,10.2566,10.9524
0.204545,-0.199495,-0.0614633,-0.0565797,9.55781,9.70065
0.209596,-0.199495,-0.0392347,-0.0347495,9.11656,9.14931
0.214646,-0.199495,-0.0224349,-0.0180602,8.57346,8.85129
0.219697,-0.199495,-0.0366259,-0.0326037,8.17069,8.06153
0.224747,-0.199495,0.0125978,0.0161231,7.0961,6.91414
0.229798,-0.199495,0.00423688,0.00722706,6.07569,6.15418
0.234848,-0.199495,0.00570908,0.00797957,4.80185,4.78327
0.239899,-0.199495,0.00650913,0.00785291,2.86474,2.83867
0.244949,-0.199495,0.0102917,0.0106469,1.28592,0.908971
0.25,-0.199495,-0.0124519,-0.0131875,-0.932246,-1.3113
-0.25,-0.194444,-0.499921,-0.492498,11.8534,14.6478
-0.244949,-0.194444,-0.451018,-0.445336,8.92111,11.2355
-0.239899,-0.194444,-0.424448,-0.420429,6.37478,7.94232
-0.234848,-0.194444,-0.372959,-0.369646,5.17008,6.62357
-0.229798,-0.194444,-0.419003,-0.416219,4.55618,5.57303
-0.224747,-0.194444,-0.350053,-0.347812,3.71639,4.56348
-0.219697,-0.194444,-0.344987,-0.343218,2.73812,3.52785
-0.214646,-0.194444,-0.319146,-0.3176,2.46856,3.17395
-0.209596,-0.194444,-0.325937,-0.325002,1.46645,1.87755
-0.204545,-0.194444,-0.332998,-0.332329,1.15532,1.45659
-0.199495,-0.194444,-0.355617,-0.35565,-0.0387033,0.0186264
-0.194444,-0.194444,-0.344842,-0.345137,-0.355076,-0.417232
-0.189394,-0.194444,-0.37455,-0.374965,-0.807073,-0.823289
-0.184343,-0.194444,-0.408347,-0.408936,-1.08627,-1.09151
-0.179293,-0.194444,-0.433562,-0.434253,-1.40245,-1.35973
-0.174242,-0.194444,-0.469914,-0.471026,-2.05998,-2.04891
-0.169192,-0.194444,-0.475177,-0.476502,-2.55034,-2.75671
-0.164141,-0.194444,-0.529621,-0.531696,-3.57637,-3.98606
-0.159091,-0.194444,-0.552311,-0.554144,-3.63508,-3.71784
-0.15404,-0.194444,-0.574082,-0.576094,-3.74311,-3.73274
-0.14899,-0.194444,-0.588992,-0.591472,-4.40961,-5.03659
-0.143939,-0.194444,-0.632084,-0.634551,-4.73095,-5.02169
-0.138889,-0.194444,-0.652331,-0.6551,-5.22838,-5.53578
-0.133838,-0.194444,-0.638447,-0.641331,-5.07998,-5.69969
-0.128788,-0.194444,-0.761904,-0.765286,-5.82819,-6.78748
-0.123737,-0.194444,-0.751743,-0.755042,-5.87563,-6.4075
-0.118687,-0.194444,-0.782458,-0.785716,-5.83542,-6.4671
-0.113636,-0.194444,-0.774575,-0.777692,-5.85262,-6.06477
-0.108586,-0.194444,-0.844602,-0.847876,-5.97781,-6.4671
-0.103535,-0.194444,-0.887307,-0.890404,-5.65376,-6.05732
-0.0984849,-0.194444,-0.904083,-0.907525,-5.99264,-6.72042
-0.0934343,-0.194444,-0.944689,-0.947535,-5.15231,-5.61029
-0.0883838,-0.194444,-0.92785,-0.930488,-4.79784,-5.126
-0.0833333,-0.194444,-0.98402,-0.986434,-4.53248,-4.81307
-0.0782828,-0.194444,-1.05737,-1.05994,-4.79242,-5.02169
-0.0732323,-0.194444,-1.14083,-1.14319,-4.67126,-4.80562
-0.0681818,-0.194444,-1.1548,-1.15724,-4.45961,-4.84288
-0.0631313,-0.194444,-1.15046,-1.15303,-4.53033,-5.04404
-0.0580808,-0.194444,-1.13599,-1.138,-3.89986,-4.10154
-0.0530303,-0.194444,-1.14481,-1.14645,-3.17944,-3.27825
-0.0479798,-0.194444,-1.15955,-1.16105,-2.92488,-3.13669
-0.0429293,-0.194444,-1.22866,-1.22993,-2.41441,-2.49594
-0.0378788,-0.194444,-1.1956,-1.1964,-1.51823,-1.63354
-0.0328283,-0.194444,-1.23977,-1.24053,-1.45065,-1.51806
-0.0277778,-0.194444,-1.24175,-1.24226,-1.02288,-1.03749
-0.0227273,-0.194444,-1.21705,-1.21726,-0.355301,-0.41537
-0.0176768,-0.194444,-1.20488,-1.20482,0.180422,0.122935
-0.0126263,-0.194444,-1.29882,-1.29804,1.45444,1.53063
-0.00757576,-0.194444,-1.23161,-1.23067,1.85419,1.88872
-0.00252525,-0.194444,-1.23583,-1.23467,2.29586,2.34321
0.00252525,-0.194444,-1.27153,-1.26992,2.96886,3.1963
0.00757576,-0.194444,-1.25208,-1.2502,3.6713,3.79235
0.0126263,-0.194444,-1.27378,-1.2717,3.94338,4.1388
0.0176768,-0.194444,-1.28207,-1.28001,4.08886,4.12762
0.0227273,-0.194444,-1.14722,-1.14485,4.57774,4.69014
0.0277778,-0.194444,-1.15665,-1.15396,5.25475,5.44265
0.0328283,-0.194444,-1.15899,-1.15623,5.19913,5.59166
0.0378788,-0.194444,-1.1493,-1.14638,5.51806,5.73695
0.0429293,-0.194444,-1.07522,-1.07215,5.82205,6.10203
0.0479798,-0.194444,-1.06646,-1.06324,6.21133,6.46338
0.0530303,-0.194444,-1.07992,-1.07626,6.80795,7.37607
0.0580808,-0.194444,-1.03294,-1.02915,7.30964,7.63684
0.0631313,-0.194444,-1.02484,-1.0207,7.57035,8.06153
0.0681818,-0.194444,-0.948508,-0.944309,7.56821,8.35955
0.0732323,-0.194444,-0.950069,-0.945941,8.12273,8.21799
0.0782828,-0.194444,-0.86611,-0.861786,8.07048,8.59052
0.0833333,-0.194444,-0.839591,-0.835225,8.43044,8.92579
0.0883838,-0.194444,-0.843058,-0.838369,9.03461,9.48459
0.0934343,-0.194444,-0.800883,-0.795953,9.11139,9.79006
0.0984849,-0.194444,-0.805523,-0.800386,9.48572,10.2371
0.103535,-0.194444,-0.726333,-0.721082,10.0282,10.5128
0.108586,-0.194444,-0.699045,-0.6935,10.4271,10.8629
0.113636,-0.194444,-0.650317,-0.644728,11.0485,11.2802
0.118687,-0.194444,-0.662182,-0.656441,11.315,11.7719
0.123737,-0.194444,-0.593622,-0.587419,11.0301,12.517
0.128788,-0.194444,-0.559375,-0.553772,10.8441,11.459
0.133838,-0.194444,-0.452436,-0.446677,10.5162,11.3994
0.138889,-0.194444,-0.403574,-0.397965,10.7322,11.4739
0.143939,-0.194444,-0.409309,-0.403658,11.0255,11.6378
0.14899,-0.194444,-0.372001,-0.365794,11.0778,12.1295
0.15404,-0.194444,-0.302119,-0.296235,10.8356,11.8017
0.159091,-0.194444,-0.217711,-0.212029,10.5456,11.3249
0.164141,-0.194444,-0.217798,-0.212476,10.5324,10.6245
0.169192,-0.194444,-0.212186,-0.206158,10.7305,11.8464
0.174242,-0.194444,-0.192195,-0.186756,10.738,11.0567
0.179293,-0.194444,-0.166187,-0.160754,10.3759,10.8629
0.184343,-0.194444,-0.129872,-0.124604,9.99749,10.6096
0.189394,-0.194444,-0.139596,-0.134051,10.0953,11.1461
0.194444,-0.194444,-0.134368,-0.12894,10.0712,10.699
0.199495,-0.194444,-0.10482,-0.100136,9.61055,9.83477
0.204545,-0.194444,-0.0640288,-0.0593513,8.87636,9.49204
0.209596,-0.194444,-0.0465249,-0.0421852,8.37488,8.88109
0.214646,-0.194444,-0.0286081,-0.0246763,7.86004,8.07643
0.219697,-0.194444,-0.0442782,-0.0406653,7.4019,7.55489
0.224747,-0.194444,0.00602738,0.0089705,6.22782,5.96046
0.229798,-0.194444,-0.00560331,-0.00269711,5.32703,5.88596
0.234848,-0.194444,-0.00731817,-0.00564009,4.16823,3.64333
0.239899,-0.194444,-0.00683843,-0.00564754,2.42231,2.46614
0.244949,-0.194444,-0.00376248,-0.00365078,0.971737,0.335276
0.25,-0.194444,-0.0245802,-0.0252873,-0.901592,-1.13249
-0.25,-0.189394,-0.490439,-0.483118,11.9034,14.5063
-0.244949,-0.189394,-0.439968,-0.434421,9.03004,11.1163
-0.239899,-0.189394,-0.415139,-0.411257,6.43663,7.79331
-0.234848,-0.189394,-0.360772,-0.357464,5.16099,6.69062
-0.229798,-0.189394,-0.405616,-0.402756,4.55611,5.66989
-0.224747,-0.189394,-0.34389,-0.341579,3.64683,4.64171
-0.219697,-0.189394,-0.33692,-0.33531,2.67349,3.30061
-0.214646,-0.189394,-0.30649,-0.305057,2.36725,2.89083
-0.209596,-0.189394,-0.316959,-0.316072,1.39065,1.74344
-0.204545,-0.189394,-0.321719,-0.321001,1.09634,1.51247
-0.199495,-0.189394,-0.363166,-0.363149,-0.194891,0.089407
-0.194444,-0.189394,-0.342598,-0.343047,-0.705623,-0.707805
-0.189394,-0.189394,-0.368111,-0.368655,-1.15943,-1.02818
-0.184343,-0.189394,-0.399255,-0.400029,-1.58502,-1.60933
-0.179293,-0.189394,-0.428664,-0.429533,-1.77492,-1.65403
-0.174242,-0.189394,-0.464437,-0.465691,-2.37786,-2.45869
-0.169192,-0.189394,-0.484146,-0.485539,-2.6868,-2.74181
-0.164141,-0.189394,-0.536677,-0.53867,-3.7731,-3.8296
-0.159091,-0.189394,-0.554824,-0.556983,-3.98589,-4.09782
-0.15404,-0.189394,-0.574006,-0.576273,-4.15507,-4.73112
-0.14899,-0.189394,-0.589275,-0.591867,-4.768,-5.126
-0.143939,-0.189394,-0.635972,-0.638641,-5.02941,-5.40167
-0.138889,-0.189394,-0.655791,-0.658542,-5.49943,-5.66244
-0.133838,-0.189394,-0.638591,-0.641607,-5.40865,-5.88596
-0.128788,-0.189394,-0.761305,-0.764549,-6.18948,-6.50436
-0.123737,-0.189394,-0.74989,-0.753254,-6.26079,-6.63102
-0.118687,-0.189394,-0.781103,-0.784412,-6.24233,-6.66827
-0.113636,-0.189394,-0.774245,-0.777483,-6.25268,-6.35534
-0.108586,-0.189394,-0.872136,-0.87554,-6.49626,-6.84708
-0.103535,-0.189394,-0.915756,-0.919029,-6.15718,-6.65337
-0.0984849,-0.189394,-0.93301,-0.936486,-6.44152,-7.04825
-0.0934343,-0.189394,-0.971424,-0.974514,-5.62541,-6.13928
-0.0883838,-0.189394,-0.952807,-0.95585,-5.30873,-6.03497
-0.0833333,-0.189394,-1.00857,-1.01127,-5.05726,-5.34952
-0.0782828,-0.189394,-1.08129,-1.08407,-5.30283,-5.50598
-0.0732323,-0.189394,-1.16577,-1.16853,-5.17938,-5.48363
-0.0681818,-0.189394,-1.18048,-1.18317,-4.95854,-5.28246
-0.0631313,-0.189394,-1.17536,-1.17809,-5.06656,-5.45382
-0.0580808,-0.189394,-1.16158,-1.16381,-4.41849,-4.45545
-0.0530303,-0.189394,-1.15756,-1.15955,-3.51803,-4.00469
-0.0479798,-0.189394,-1.17144,-1.17315,-3.24114,-3.43472
-0.0429293,-0.189394,-1.24178,-1.24323,-2.74204,-2.95788
-0.0378788,-0.189394,-1.20938,-1.21042,-1.84662,-1.9595
-0.0328283,-0.189394,-1.254,-1.255,-1.79049,-1.9446
-0.0277778,-0.189394,-1.31031,-1.3109,-1.10007,-1.13808
-0.0227273,-0.189394,-1.28413,-1.28439,-0.41227,-0.539236
-0.0176768,-0.189394,-1.26929,-1.26925,0.128102,0.0800937
-0.0126263,-0.189394,-1.36343,-1.36271,1.38513,1.43703
-0.00757576,-0.189394,-1.29655,-1.29563,1.75716,1.82446
-0.00252525,-0.189394,-1.29943,-1.29829,2.21021,2.26498
0.00252525,-0.189394,-1.33535,-1.33383,2.84894,3.0119
0.00757576,-0.189394,-1.31664,-1.31479,3.57503,3.74019
0.0126263,-0.189394,-1.34102,-1.33906,3.80304,3.94881
0.0176768,-0.189394,-1.34932,-1.3473,3.93196,4.05312
0.0227273,-0.189394,-1.21452,-1.2122,4.43791,4.63054
0.0277778,-0.189394,-1.22303,-1.22032,5.11809,5.33089
0.0328283,-0.189394,-1.2269,-1.2242,5.05505,5.31226
0.0378788,-0.189394,-1.21656,-1.21368,5.40437,5.7593
0.0429293,-0.189394,-1.11507,-1.11205,5.75555,6.02379
0.0479798,-0.189394,-1.10513,-1.10187,6.15653,6.50808
0.0530303,-0.189394,-1.12069,-1.1173,6.72387,6.75023
0.0580808,-0.189394,-1.07408,-1.07025,7.1966,7.63684
0.0631313,-0.189394,-1.06635,-1.06237,7.49488,7.93487
0.0681818,-0.189394,-0.99023,-0.986233,7.48442,7.84546
0.0732323,-0.189394,-0.989503,-0.985078,8.07145,8.83639
0.0782828,-0.189394,-0.901908,-0.897586,8.07371,8.71718
0.0833333,-0.189394,-0.869888,-0.865482,8.49813,8.9407
0.0883838,-0.189394,-0.874796,-0.869922,9.08637,9.59635
0.0934343,-0.189394,-0.835055,-0.830181,9.12819,9.6038
0.0984849,-0.189394,-0.839413,-0.834621,9.48618,9.6634
0.103535,-0.189394,-0.751988,-0.746839,9.6441,10.483
0.108586,-0.189394,-0.728765,-0.723571,9.97991,10.3116
0.113636,-0.189394,-0.670911,-0.665218,10.2909,11.0865
0.118687,-0.189394,-0.653292,-0.64747,10.5171,11.459
0.123737,-0.189394,-0.555923,-0.55033,10.1643,11.3249
0.128788,-0.189394,-0.523375,-0.518039,9.9721,10.6543
0.133838,-0.189394,-0.413617,-0.408277,9.67809,10.6096
0.138889,-0.189394,-0.367169,-0.362083,9.87272,10.2669
0.143939,-0.189394,-0.378325,-0.37314,10.0577,10.5351
0.14899,-0.189394,-0.341932,-0.336483,10.079,10.9822
0.15404,-0.189394,-0.271338,-0.266388,9.86043,10.1924
0.159091,-0.189394,-0.184915,-0.179961,9.58676,10.1477
0.164141,-0.189394,-0.18571,-0.180513,9.58022,10.2967
0.169192,-0.189394,-0.186946,-0.182033,9.62921,9.74536
0.174242,-0.189394,-0.165086,-0.160202,9.67667,9.86457
0.179293,-0.189394,-0.136623,-0.131696,9.31825,9.79006
0.184343,-0.189394,-0.104951,-0.100374,8.91605,9.10461
0.189394,-0.189394,-0.106707,-0.101745,9.08218,10.0881
0.194444,-0.189394,-0.101911,-0.0974685,8.95145,8.89599
0.199495,-0.189394,-0.0867702,-0.0824034,8.4532,8.80659
0.204545,-0.189394,-0.0474591,-0.0434369,7.66657,7.85291
0.209596,-0.189394,-0.028104,-0.0243187,7.20705,7.87526
0.214646,-0.189394,0.00188611,0.00546873,6.70466,7.21961
0.219697,-0.189394,-0.0106387,-0.00759959,6.16028,6.02752
0.224747,-0.189394,0.0368093,0.0391901,5.01301,4.87268
0.229798,-0.189394,0.0226952,0.0248104,4.32546,4.26918
0.234848,-0.189394,0.0204589,0.021942,3.08601,3.03239
0.239899,-0.189394,0.0197568,0.0205114,1.55982,1.58697
0.244949,-0.189394,0.0228915,0.0225976,0.170268,-0.536442
0.25,-0.189394,0.00297485,0.00178814,-1.6621,-2.16812
-0.25,-0.184343,-0.505248,-0.497721,12.2046,14.7894
-0.244949,-0.184343,-0.454348,-0.448905,9.26522,11.0716
-0.239899,-0.184343,-0.436886,-0.432931,6.46511,7.83801
-0.234848,-0.184343,-0.376048,-0.37276,5.33991,6.65337
-0.229798,-0.184343,-0.418449,-0.415631,4.71978,5.63264
-0.224747,-0.184343,-0.364415,-0.362005,3.87284,4.80935
-0.219697,-0.184343,-0.352863,-0.351101,2.87834,3.52412
-0.214646,-0.184343,-0.318919,-0.317391,2.56514,3.07336
-0.209596,-0.184343,-0.327036,-0.325981,1.54753,2.14204
-0.204545,-0.184343,-0.331553,-0.330631,1.23791,1.84402
-0.199495,-0.184343,-0.383528,-0.383552,-0.174958,0.00745058
-0.194444,-0.184343,-0.368115,-0.368424,-0.628582,-0.618398
-0.189394,-0.184343,-0.383873,-0.384398,-1.22735,-1.06916
-0.184343,-0.184343,-0.404741,-0.405572,-1.86386,-1.75834
-0.179293,-0.184343,-0.399595,-0.400465,-1.84817,-1.81794
-0.174242,-0.184343,-0.437081,-0.438407,-2.44989,-2.63005
-0.169192,-0.184343,-0.459868,-0.46134,-2.63045,-2.96533
-0.164141,-0.184343,-0.513598,-0.515573,-3.65549,-3.94881
-0.159091,-0.184343,-0.529972,-0.532046,-3.9483,-4.14252
-0.15404,-0.184343,-0.546465,-0.548616,-4.19393,-4.28408
-0.14899,-0.184343,-0.55722,-0.559896,-4.85885,-5.26756
-0.143939,-0.184343,-0.601835,-0.604548,-5.16526,-5.49853
-0.138889,-0.184343,-0.627551,-0.630587,-5.5069,-5.99772
-0.133838,-0.184343,-0.611405,-0.614323,-5.42552,-5.55068
-0.128788,-0.184343,-0.735492,-0.738807,-6.16696,-6.73532
-0.123737,-0.184343,-0.720057,-0.723496,-6.33918,-6.94394
-0.118687,-0.184343,-0.750516,-0.753812,-6.30396,-6.57141
-0.113636,-0.184343,-0.741743,-0.745177,-6.333,-6.96629
-0.108586,-0.184343,-0.794838,-0.798181,-6.47391,-6.74277
-0.103535,-0.184343,-0.837707,-0.841156,-6.13587,-6.85453
-0.0984849,-0.184343,-0.855447,-0.858955,-6.38515,-7.0259
-0.0934343,-0.184343,-0.922902,-0.925906,-5.65474,-5.99772
-0.0883838,-0.184343,-0.903982,-0.906885,-5.30642,-5.91576
-0.0833333,-0.184343,-0.960801,-0.963531,-5.07879,-5.51343
-0.0782828,-0.184343,-1.03273,-1.03581,-5.34402,-5.99027
-0.0732323,-0.184343,-1.11354,-1.11649,-5.27066,-5.81145
-0.0681818,-0.184343,-1.12861,-1.13121,-5.02287,-5.23776
-0.0631313,-0.184343,-1.12584,-1.12861,-5.10045,-5.56558
-0.0580808,-0.184343,-1.11206,-1.11442,-4.47677,-4.75347
-0.0530303,-0.184343,-1.09818,-1.09998,-3.38382,-3.63588
-0.0479798,-0.184343,-1.11079,-1.11248,-3.12367,-3.28943
-0.0429293,-0.184343,-1.18009,-1.18152,-2.6008,-2.8871
-0.0378788,-0.184343,-1.14694,-1.14788,-1.69716,-1.8198
-0.0328283,-0.184343,-1.18925,-1.1901,-1.62297,-1.72481
-0.0277778,-0.184343,-1.27847,-1.27912,-1.23463,-1.32062
-0.0227273,-0.184343,-1.25339,-1.25369,-0.560572,-0.647269
-0.0176768,-0.184343,-1.23874,-1.23877,-0.00530767,-0.086613
-0.0126263,-0.184343,-1.33312,-1.33246,1.25794,1.29081
-0.00757576,-0.184343,-1.26661,-1.26576,1.62862,1.70059
-0.00252525,-0.184343,-1.27092,-1.26988,2.03169,2.08244
0.00252525,-0.184343,-1.30661,-1.30514,2.67752,2.87034
0.00757576,-0.184343,-1.28741,-1.28558,3.40403,3.56883
0.0126263,-0.184343,-1.31143,-1.3096,3.61674,3.61726
0.0176768,-0.184343,-1.31903,-1.31704,3.71978,3.88175
0.0227273,-0.184343,-1.18312,-1.18093,4.25376,4.40702
0.0277778,-0.184343,-1.19356,-1.19097,4.91411,5.1409
0.0328283,-0.184343,-1.1981,-1.19556,4.85814,5.06639
0.0378788,-0.184343,-1.18887,-1.18611,5.18021,5.50225
0.0429293,-0.184343,-1.13153,-1.12866,5.4141,5.78538
0.0479798,-0.184343,-1.1228,-1.11978,5.79738,6.1579
0.0530303,-0.184343,-1.11114,-1.10769,6.43797,6.88434
0.0580808,-0.184343,-1.06345,-1.05978,6.92675,7.27922
0.0631313,-0.184343,-1.05382,-1.04995,7.23103,7.62939
0.0681818,-0.184343,-0.971388,-0.967577,7.31707,7.60704
0.0732323,-0.184343,-0.949293,-0.945255,7.59339,8.23289
0.0782828,-0.184343,-0.863903,-0.859939,7.561,7.93487
0.0833333,-0.184343,-0.833222,-0.829011,7.99254,8.3968
0.0883838,-0.184343,-0.837952,-0.833481,8.60613,8.94815
0.0934343,-0.184343,-0.803307,-0.798844,8.54723,9.03755
0.0984849,-0.184343,-0.809406,-0.80467,8.83951,9.46224
0.103535,-0.184343,-0.722185,-0.717387,8.99484,9.70065
0.108586,-0.184343,-0.696623,-0.691861,9.36489,9.71556
0.113636,-0.184343,-0.63429,-0.629187,9.75377,10.1626
0.118687,-0.184343,-0.616616,-0.61132,9.97029,10.3563
0.123737,-0.184343,-0.519531,-0.514403,9.60274,10.2371
0.128788,-0.184343,-0.485495,-0.480518,9.46146,10.0434
0.133838,-0.184343,-0.378525,-0.373669,9.12957,9.83477
0.138889,-0.184343,-0.33831,-0.333443,9.20074,9.67085
0.143939,-0.184343,-0.350093,-0.345051,9.38226,9.92417
0.14899,-0.184343,-0.313262,-0.307992,9.41003,10.1775
0.15404,-0.184343,-0.239382,-0.234425,9.23843,9.90927
0.159091,-0.184343,-0.157472,-0.152752,8.89808,9.52184
0.164141,-0.184343,-0.157175,-0.152692,8.90381,9.23872
0.169192,-0.184343,-0.16096,-0.156224,8.91773,9.44734
0.174242,-0.184343,-0.135314,-0.130683,8.9652,9.47714
0.179293,-0.184343,-0.109753,-0.105157,8.58962,9.23872
0.184343,-0.184343,-0.0742003,-0.0696182,8.25875,9.62615
0.189394,-0.184343,-0.0766698,-0.0724643,8.27904,8.34465
0.194444,-0.184343,-0.0842086,-0.0798553,8.14226,8.85129
0.199495,-0.184343,-0.0677185,-0.0634193,7.60592,8.19564
0.204545,-0.184343,-0.0295097,-0.0259429,6.87705,7.00354
0.209596,-0.184343,-0.0119378,-0.00874698,6.38062,6.67572
0.214646,-0.184343,0.0198298,0.0227317,5.77809,5.87851
0.219697,-0.184343,0.00701009,0.00955164,5.15733,5.20796
0.224747,-0.184343,0.0463959,0.0487417,4.54349,4.71622
0.229798,-0.184343,0.0300673,0.0321716,3.90105,4.25428
0.234848,-0.184343,0.0282969,0.0296086,2.73152,2.6226
0.239899,-0.184343,0.0278883,0.0283569,1.29799,0.946224
0.244949,-0.184343,0.0088127,0.00875443,0.0755742,-0.0447035
0.25,-0.184343,-0.00990525,-0.011012,-1.65214,-2.17557
-0.25,-0.179293,-0.50317,-0.495501,12.2572,15.0204
-0.244949,-0.179293,-0.445428,-0.439741,9.32079,11.2429
-0.239899,-0.179293,-0.425067,-0.421099,6.66577,7.91997
-0.234848,-0.179293,-0.364004,-0.360705,5.53342,6.55651
-0.229798,-0.179293,-0.405179,-0.402268,4.8619,5.81518
-0.224747,-0.179293,-0.347586,-0.345152,4.07351,4.88758
-0.219697,-0.179293,-0.344012,-0.342175,3.04771,3.67686
-0.214646,-0.179293,-0.307184,-0.305451,2.72727,3.50922
-0.209596,-0.179293,-0.322327,-0.321344,1.49741,1.9744
-0.204545,-0.179293,-0.329043,-0.328235,1.16158,1.60933
-0.199495,-0.179293,-0.375212,-0.375356,-0.285754,-0.230968
-0.194444,-0.179293,-0.363188,-0.363432,-0.643088,-0.409782
-0.189394,-0.179293,-0.380589,-0.381328,-1.19739,-1.37091
-0.184343,-0.179293,-0.393743,-0.394814,-1.97587,-1.96695
-0.179293,-0.179293,-0.402736,-0.403762,-2.19448,-2.01166
-0.174242,-0.179293,-0.440418,-0.441819,-2.7893,-2.80887
-0.169192,-0.179293,-0.461128,-0.462778,-3.05896,-3.2708
-0.164141,-0.179293,-0.52004,-0.522077,-3.90388,-4.00096
-0.159091,-0.179293,-0.537978,-0.540145,-4.18039,-4.40329
-0.15404,-0.179293,-0.552558,-0.554942,-4.50195,-4.84288
-0.14899,-0.179293,-0.563608,-0.566542,-5.14397,-5.61029
-0.143939,-0.179293,-0.60341,-0.606574,-5.55164,-6.50436
-0.138889,-0.179293,-0.626442,-0.629537,-5.9124,-6.25104
-0.133838,-0.179293,-0.610726,-0.613734,-5.83406,-6.17653
-0.128788,-0.179293,-0.695532,-0.698805,-6.34264,-6.77258
-0.123737,-0.179293,-0.679553,-0.682831,-6.48692,-6.58631
-0.118687,-0.179293,-0.710525,-0.714041,-6.45987,-7.14511
-0.113636,-0.179293,-0.700792,-0.704348,-6.54176,-6.96629
-0.108586,-0.179293,-0.753987,-0.757806,-6.53709,-7.42823
-0.103535,-0.179293,-0.795983,-0.799484,-6.23259,-7.0259
-0.0984849,-0.179293,-0.814659,-0.818178,-6.4871,-7.011
-0.0934343,-0.179293,-0.848621,-0.851929,-5.98301,-6.52671
-0.0883838,-0.179293,-0.829596,-0.832796,-5.59267,-6.31064
-0.0833333,-0.179293,-0.887697,-0.89065,-5.38051,-5.95301
-0.0782828,-0.179293,-0.96106,-0.96409,-5.60957,-6.16908
-0.0732323,-0.179293,-1.04085,-1.04371,-5.56312,-5.79655
-0.0681818,-0.179293,-1.0567,-1.05953,-5.3463,-5.72205
-0.0631313,-0.179293,-1.05211,-1.0549,-5.44056,-5.53578
-0.0580808,-0.179293,-1.0273,-1.02974,-4.5901,-4.91738
-0.0530303,-0.179293,-1.01291,-1.01467,-3.47262,-3.60981
-0.0479798,-0.179293,-1.02583,-1.02751,-3.20033,-3.34531
-0.0429293,-0.179293,-1.09767,-1.09908,-2.69347,-2.81259
-0.0378788,-0.179293,-1.06112,-1.06207,-1.8123,-1.89245
-0.0328283,-0.179293,-1.09119,-1.09199,-1.51775,-1.66707
-0.0277778,-0.179293,-1.17879,-1.17943,-1.15181,-1.33365
-0.0227273,-0.179293,-1.1551,-1.15536,-0.487187,-0.558793
-0.0176768,-0.179293,-1.14144,-1.14142,0.0491349,0.0202563
-0.0126263,-0.179293,-1.19511,-1.19452,1.1247,1.15391
-0.00757576,-0.179293,-1.15017,-1.14932,1.66953,1.69314
-0.00252525,-0.179293,-1.15477,-1.15366,2.07996,2.20537
0.00252525,-0.179293,-1.19149,-1.19003,2.73068,2.8871
0.00757576,-0.179293,-1.17225,-1.17036,3.46784,3.75137
0.0126263,-0.179293,-1.19582,-1.19391,3.65875,3.84077
0.0176768,-0.179293,-1.20426,-1.20226,3.74875,3.98606
0.0227273,-0.179293,-1.11039,-1.10818,4.0812,4.38467
0.0277778,-0.179293,-1.11923,-1.11664,4.7351,5.17443
0.0328283,-0.179293,-1.1246,-1.1221,4.66449,4.98816
0.0378788,-0.179293,-1.11521,-1.11258,5.00806,5.26011
0.0429293,-0.179293,-1.05852,-1.0557,5.2378,5.64754
0.0479798,-0.179293,-1.04871,-1.04562,5.62909,6.09457
0.0530303,-0.179293,-1.03588,-1.03246,6.29511,6.79493
0.0580808,-0.179293,-1.02623,-1.02258,6.8008,7.33137
0.0631313,-0.179293,-1.01706,-1.01335,7.09641,7.33137
0.0681818,-0.179293,-0.9404,-0.93665,7.09748,7.48783
0.0732323,-0.179293,-0.91532,-0.911467,7.43724,7.79331
0.0782828,-0.179293,-0.829948,-0.826091,7.41384,7.80821
0.0833333,-0.179293,-0.804215,-0.800058,7.72202,8.27759
0.0883838,-0.179293,-0.794966,-0.790663,8.00447,8.72463
0.0934343,-0.179293,-0.760543,-0.756241,7.92447,8.67992
0.0984849,-0.179293,-0.764632,-0.760347,8.25358,8.56072
0.103535,-0.179293,-0.673513,-0.668898,8.50664,9.26852
0.108586,-0.179293,-0.647214,-0.642441,8.87596,9.49204
0.113636,-0.179293,-0.587068,-0.582308,9.24124,9.52184
0.118687,-0.179293,-0.56815,-0.563055,9.46962,10.3563
0.123737,-0.179293,-0.470194,-0.465758,9.11827,9.03755
0.128788,-0.179293,-0.444219,-0.439636,8.83409,9.32813
0.133838,-0.179293,-0.376733,-0.372298,8.69444,8.97795
0.138889,-0.179293,-0.335609,-0.331037,8.78637,9.23872
0.143939,-0.179293,-0.323973,-0.319436,8.54559,9.05991
0.14899,-0.179293,-0.284407,-0.279978,8.59937,8.74698
0.15404,-0.179293,-0.21867,-0.214063,8.3227,9.27597
0.159091,-0.179293,-0.134431,-0.130132,8.01435,8.46386
0.164141,-0.179293,-0.138543,-0.134557,7.94528,8.04663
0.169192,-0.179293,-0.134722,-0.130333,8.05271,8.73208
0.174242,-0.179293,-0.11231,-0.108376,8.04956,7.92742
0.179293,-0.179293,-0.083893,-0.0799894,7.72563,8.00192
0.184343,-0.179293,-0.0517271,-0.0477284,7.2875,7.86781
0.189394,-0.179293,-0.0604685,-0.0566244,7.31394,7.7635
0.194444,-0.179293,-0.0689698,-0.0650212,7.11917,7.80076
0.199495,-0.179293,-0.0532784,-0.0497252,6.63821,7.0706
0.204545,-0.179293,-0.015945,-0.0128448,5.8919,6.23614
0.209596,-0.179293,0.00135662,0.00407547,5.35393,5.43892
0.214646,-0.179293,0.0326901,0.0350997,4.71562,4.76092
0.219697,-0.179293,0.0182931,0.0203848,4.14209,4.29153
0.224747,-0.179293,0.0557762,0.0576898,3.65003,3.83705
0.229798,-0.179293,0.0386023,0.0399053,2.99495,2.94298
0.234848,-0.179293,0.0359318,0.0367463,2.05743,1.76579
0.239899,-0.179293,0.0202366,0.020273,0.720321,0.26077
0.244949,-0.179293,0.00258389,0.00232458,-0.168381,-0.417232
0.25,-0.179293,-0.0148366,-0.0160113,-1.74827,-2.33203
-0.25,-0.174242,-0.491259,-0.483416,12.8177,15.3556
-0.244949,-0.174242,-0.431753,-0.425681,9.83289,12.0029
-0.239899,-0.174242,-0.411061,-0.406612,7.15556,8.76188
-0.234848,-0.174242,-0.357167,-0.353627,5.7915,7.0259
-0.229798,-0.174242,-0.397596,-0.394527,5.13853,6.13928
-0.224747,-0.174242,-0.336918,-0.334308,4.36772,5.23031
-0.219697,-0.174242,-0.334872,-0.332821,3.41313,4.07547
-0.214646,-0.174242,-0.306655,-0.305004,2.84542,3.35276
-0.209596,-0.174242,-0.322973,-0.321925,1.61307,2.12714
-0.204545,-0.174242,-0.320687,-0.319932,1.23173,1.54227
-0.199495,-0.174242,-0.374169,-0.374109,-0.152666,0.171363
-0.194444,-0.174242,-0.356395,-0.356697,-0.590926,-0.525266
-0.189394,-0.174242,-0.377433,-0.377979,-1.05737,-1.04681
-0.184343,-0.174242,-0.39289,-0.393748,-1.81124,-1.71363
-0.179293,-0.174242,-0.396141,-0.39725,-2.14612,-2.22772
-0.174242,-0.174242,-0.432599,-0.434004,-2.74499,-2.74926
-0.169192,-0.174242,-0.453807,-0.455447,-3.01749,-3.23355
-0.164141,-0.174242,-0.510316,-0.512421,-3.92164,-4.05312
-0.159091,-0.174242,-0.530375,-0.532679,-4.10247,-4.40329
-0.15404,-0.174242,-0.545786,-0.548236,-4.36921,-4.68641
-0.14899,-0.174242,-0.55845,-0.561051,-4.96882,-5.1558
-0.143939,-0.174242,-0.595879,-0.598796,-5.44581,-5.804
-0.138889,-0.174242,-0.615873,-0.618778,-5.88025,-5.82635
-0.133838,-0.174242,-0.599837,-0.603043,-5.82511,-6.3628
-0.128788,-0.174242,-0.682072,-0.685543,-6.40659,-6.98119
-0.123737,-0.174242,-0.69401,-0.697456,-6.58566,-6.80983
-0.118687,-0.174242,-0.682771,-0.686221,-6.40911,-7.06315
-0.113636,-0.174242,-0.67016,-0.673518,-6.49503,-6.81728
-0.108586,-0.174242,-0.722525,-0.726148,-6.51251,-7.42078
-0.103535,-0.174242,-0.797758,-0.801459,-6.58383,-7.34627
-0.0984849,-0.174242,-0.816,-0.819929,-6.84043,-7.85291
-0.0934343,-0.174242,-0.849223,-0.8526,-6.38836,-6.83218
-0.0883838,-0.174242,-0.832953,-0.836149,-5.99448,-6.3926
-0.0833333,-0.174242,-0.890145,-0.893205,-5.77475,-6.13183
-0.0782828,-0.174242,-0.961636,-0.964858,-5.97357,-6.4224
-0.0732323,-0.174242,-1.04162,-1.04479,-5.93327,-6.21378
-0.0681818,-0.174242,-1.0568,-1.05988,-5.66747,-6.16163
-0.0631313,-0.174242,-1.04431,-1.04732,-5.57742,-6.01262
-0.0580808,-0.174242,-1.02148,-1.02409,-4.75452,-5.22286
-0.0530303,-0.174242,-1.00452,-1.00651,-3.67816,-3.92646
-0.0479798,-0.174242,-1.01803,-1.01981,-3.39816,-3.58745
-0.0429293,-0.174242,-1.11466,-1.11604,-2.80158,-2.84612
-0.0378788,-0.174242,-1.08092,-1.08195,-1.91367,-2.02097
-0.0328283,-0.174242,-1.11106,-1.11193,-1.64343,-1.75089
-0.0277778,-0.174242,-1.19852,-1.19921,-1.27192,-1.40816
-0.0227273,-0.174242,-1.17467,-1.17503,-0.633918,-0.734813
-0.0176768,-0.174242,-1.15989,-1.15995,-0.07264,-0.121305
-0.0126263,-0.174242,-1.2129,-1.21238,0.977267,1.0347
-0.00757576,-0.174242,-1.1691,-1.16833,1.5307,1.5609
-0.00252525,-0.174242,-1.1731,-1.17206,1.93553,2.03587
0.00252525,-0.174242,-1.21079,-1.20937,2.57648,2.84612
0.00757576,-0.174242,-1.19169,-1.18992,3.31623,3.49805
0.0126263,-0.174242,-1.2164,-1.21451,3.5122,3.79235
0.0176768,-0.174242,-1.22577,-1.22383,3.58423,3.74392
0.0227273,-0.174242,-1.10977,-1.10761,4.05342,4.28036
0.0277778,-0.174242,-1.16023,-1.15778,4.54828,4.86523
0.0328283,-0.174242,-1.16396,-1.16159,4.48963,4.7721
0.0378788,-0.174242,-1.12428,-1.12186,4.54424,4.83543
0.0429293,-0.174242,-1.04106,-1.03852,4.8795,5.09247
0.0479798,-0.174242,-1.02566,-1.02282,5.33104,5.60656
0.0530303,-0.174242,-1.01347,-1.01036,6.003,6.23614
0.0580808,-0.174242,-1.00832,-1.00482,6.41981,6.93649
0.0631313,-0.174242,-0.996838,-0.9932,6.7894,7.32392
0.0681818,-0.174242,-0.920651,-0.917047,6.78098,6.93649
0.0732323,-0.174242,-0.90059,-0.896953,7.02798,7.28667
0.0782828,-0.174242,-0.816242,-0.812389,6.97841,7.55489
0.0833333,-0.174242,-0.791724,-0.787966,7.26566,7.689
0.0883838,-0.174242,-0.779808,-0.775717,7.6153,8.20309
0.0934343,-0.174242,-0.740719,-0.736721,7.60768,8.06153
0.0984849,-0.174242,-0.747155,-0.742987,7.88783,8.40425
0.103535,-0.174242,-0.656755,-0.652552,8.11197,8.61287
0.108586,-0.174242,-0.604623,-0.600167,8.4137,8.9705
0.113636,-0.174242,-0.542942,-0.5382,8.80062,9.56654
0.118687,-0.174242,-0.528112,-0.523292,8.9777,9.80496
0.123737,-0.174242,-0.434341,-0.429653,8.56212,9.20147
0.128788,-0.174242,-0.407477,-0.402912,8.30631,9.10461
0.133838,-0.174242,-0.338498,-0.33427,8.17568,8.32975
0.138889,-0.174242,-0.295028,-0.290662,8.28573,8.50111
0.143939,-0.174242,-0.285487,-0.281207,8.02831,8.56817
0.14899,-0.174242,-0.250127,-0.245906,8.00071,8.43406
0.15404,-0.174242,-0.182212,-0.178158,7.75188,8.18074
0.159091,-0.174242,-0.100606,-0.0967085,7.39373,7.94977
0.164141,-0.174242,-0.0895387,-0.0855923,7.49307,7.81566
0.169192,-0.174242,-0.0879614,-0.0842586,7.56094,7.86781
0.174242,-0.174242,-0.0644344,-0.0606328,7.56264,7.7337
0.179293,-0.174242,-0.0362412,-0.0326261,7.1677,7.29412
0.184343,-0.174242,-0.039769,-0.0357777,7.04608,7.69645
0.189394,-0.174242,-0.0495311,-0.0457838,6.9916,7.59959
0.194444,-0.174242,-0.0607702,-0.0570714,6.85158,7.31647
0.199495,-0.174242,-0.045465,-0.0421032,6.37763,6.95884
0.204545,-0.174242,-0.00904106,-0.00624359,5.6224,5.7593
0.209596,-0.174242,0.00979723,0.0124946,5.01357,5.31226
0.214646,-0.174242,0.0390484,0.0413582,4.38566,4.71622
0.219697,-0.174242,0.0210088,0.0229925,3.98435,4.03821
0.224747,-0.174242,0.0583618,0.0600219,3.43658,3.42727
0.229798,-0.174242,0.0413872,0.0428483,2.83671,2.98023
0.234848,-0.174242,0.0382261,0.0388995,1.79204,1.46031
0.239899,-0.174242,0.0225693,0.0227615,0.697272,0.64075
0.244949,-0.174242,0.00552777,0.0051409,-0.189222,-0.566244
0.25,-0.174242,-0.0116935,-0.0127181,-1.78073,-1.99676
-0.25,-0.169192,-0.50332,-0.495143,13.2768,16.015
-0.244949,-0.169192,-0.444597,-0.438429,10.2177,12.3046
-0.239899,-0.169192,-0.421133,-0.416588,7.60898,9.045
-0.234848,-0.169192,-0.369684,-0.36598,6.15672,7.35745
-0.229798,-0.169192,-0.384619,-0.381347,5.49089,6.47642
-0.224747,-0.169192,-0.3243,-0.321515,4.69592,5.57303
-0.219697,-0.169192,-0.325167,-0.322947,3.73076,4.48152
-0.214646,-0.169192,-0.298824,-0.296967,3.16725,3.7346
-0.209596,-0.169192,-0.311786,-0.310559,1.93192,2.52575
-0.204545,-0.169192,-0.311062,-0.31006,1.54087,2.04518
-0.199495,-0.169192,-0.334304,-0.333972,0.416339,0.715256
-0.194444,-0.169192,-0.322641,-0.322521,0.0213845,0.264496
-0.189394,-0.169192,-0.340662,-0.340819,-0.443007,-0.353903
-0.184343,-0.169192,-0.355175,-0.355791,-1.216,-1.24797
-0.179293,-0.169192,-0.361015,-0.361707,-1.49284,-1.3411
-0.174242,-0.169192,-0.391098,-0.392191,-2.18457,-2.1942
-0.169192,-0.169192,-0.411831,-0.412993,-2.47313,-2.35811
-0.164141,-0.169192,-0.467098,-0.468969,-3.39519,-3.62098
-0.159091,-0.169192,-0.487826,-0.489742,-3.58262,-3.79235
-0.15404,-0.169192,-0.504625,-0.506736,-3.82272,-4.23938
-0.14899,-0.169192,-0.516635,-0.519164,-4.36972,-4.82798
-0.143939,-0.169192,-0.557878,-0.560619,-4.8053,-5.43892
-0.138889,-0.169192,-0.574681,-0.577584,-5.30164,-5.67734
-0.133838,-0.169192,-0.55887,-0.561804,-5.26702,-5.93811
-0.128788,-0.169192,-0.637427,-0.640489,-5.90064,-6.28084
-0.123737,-0.169192,-0.647919,-0.651218,-6.1036,-6.48945
-0.118687,-0.169192,-0.639936,-0.64306,-5.87411,-6.28084
-0.113636,-0.169192,-0.628965,-0.631966,-5.93639,-6.25849
-0.108586,-0.169192,-0.682191,-0.685491,-5.98163,-6.51181
-0.103535,-0.169192,-0.766693,-0.770211,-6.33273,-6.93649
-0.0984849,-0.169192,-0.782492,-0.786133,-6.62402,-7.18981
-0.0934343,-0.169192,-0.813204,-0.816494,-6.15767,-6.64592
-0.0883838,-0.169192,-0.795925,-0.79909,-5.76988,-6.16163
-0.0833333,-0.169192,-0.852441,-0.855431,-5.5749,-5.94556
-0.0782828,-0.169192,-0.924536,-0.927687,-5.79986,-6.09457
-0.0732323,-0.169192,-1.00672,-1.00991,-5.73876,-6.4075
-0.0681818,-0.169192,-1.02184,-1.02471,-5.45781,-5.66244
-0.0631313,-0.169192,-1.00973,-1.0126,-5.37306,-5.88596
-0.0580808,-0.169192,-0.986645,-0.98899,-4.53914,-4.68641
-0.0530303,-0.169192,-0.972409,-0.974264,-3.46892,-3.76254
-0.0479798,-0.169192,-1.01012,-1.012,-3.52075,-3.78862
-0.0429293,-0.169192,-1.10523,-1.10683,-2.93703,-3.1963
-0.0378788,-0.169192,-1.07104,-1.0722,-2.05999,-2.30782
-0.0328283,-0.169192,-1.12376,-1.12465,-1.67264,-1.78814
-0.0277778,-0.169192,-1.21289,-1.2136,-1.29025,-1.42306
-0.0227273,-0.169192,-1.21166,-1.21193,-0.529728,-0.568107
-0.0176768,-0.169192,-1.19612,-1.1961,0.0376338,0.0116415
-0.0126263,-0.169192,-1.24924,-1.24868,1.05754,1.09244
-0.00757576,-0.169192,-1.20546,-1.20465,1.62168,1.59815
-0.00252525,-0.169192,-1.21039,-1.20937,2.00782,2.06195
0.00252525,-0.169192,-1.21034,-1.20905,2.41179,2.58721
0.00757576,-0.169192,-1.19266,-1.19096,3.14718,3.30806
0.0126263,-0.169192,-1.21686,-1.21503,3.34436,3.59863
0.0176768,-0.169192,-1.2261,-1.22429,3.41504,3.60981
0.0227273,-0.169192,-1.10991,-1.10786,3.8943,4.14625
0.0277778,-0.169192,-1.15894,-1.15665,4.4103,4.52995
0.0328283,-0.169192,-1.15919,-1.15684,4.41321,4.69387
0.0378788,-0.169192,-1.11847,-1.11602,4.49346,4.78327
0.0429293,-0.169192,-1.03631,-1.03375,4.79807,5.19678
0.0479798,-0.169192,-1.02372,-1.02106,5.20008,5.34579
0.0530303,-0.169192,-1.00941,-1.00625,5.90387,6.22868
0.0580808,-0.169192,-1.00606,-1.00266,6.28793,6.73532
0.0631313,-0.169192,-1.00524,-1.00145,6.79495,7.39097
0.0681818,-0.169192,-0.929696,-0.926025,6.7654,7.33137
0.0732323,-0.169192,-0.910138,-0.906393,7.00266,7.43568
0.0782828,-0.169192,-0.824417,-0.820525,6.98984,7.7188
0.0833333,-0.169192,-0.797061,-0.793278,7.31597,7.61449
0.0883838,-0.169192,-0.785403,-0.781454,7.67205,7.92742
0.0934343,-0.169192,-0.748346,-0.744313,7.61883,7.99447
0.0984849,-0.169192,-0.751825,-0.74777,7.95133,8.24034
0.103535,-0.169192,-0.661395,-0.657126,8.18753,8.54582
0.108586,-0.169192,-0.609835,-0.605069,8.49216,9.38773
0.113636,-0.169192,-0.554715,-0.550225,8.76818,9.03755
0.118687,-0.169192,-0.515443,-0.510506,8.85179,9.70811
0.123737,-0.169192,-0.419469,-0.414945,8.43484,9.12696
0.128788,-0.169192,-0.372315,-0.36782,8.03494,8.9854
0.133838,-0.169192,-0.299353,-0.294916,7.93995,8.85129
0.138889,-0.169192,-0.264579,-0.260249,7.95683,8.56072
0.143939,-0.169192,-0.25337,-0.249237,7.72815,7.96467
0.14899,-0.169192,-0.209054,-0.204705,7.84555,8.46386
0.15404,-0.169192,-0.176845,-0.172757,7.81627,8.20309
0.159091,-0.169192,-0.0941612,-0.0902265,7.47007,7.95722
0.164141,-0.169192,-0.0840981,-0.0798255,7.54804,8.41916
0.169192,-0.169192,-0.0833585,-0.0792742,7.6111,8.18074
0.174242,-0.169192,-0.0657094,-0.0616014,7.33505,8.09133
0.179293,-0.169192,-0.0431708,-0.0395104,6.97878,7.45058
0.184343,-0.169192,-0.0485651,-0.0449195,6.81519,7.40588
0.189394,-0.169192,-0.0600248,-0.0567734,6.77758,6.67572
0.194444,-0.169192,-0.0706675,-0.0673905,6.63835,6.64592
0.199495,-0.169192,-0.057152,-0.0539497,6.16012,6.47455
0.204545,-0.169192,-0.0173184,-0.0146776,5.32113,5.46128
0.209596,-0.169192,0.00011824,0.0026077,4.70828,4.96954
0.214646,-0.169192,0.0358696,0.0377744,3.92578,3.83705
0.219697,-0.169192,0.0158892,0.0176802,3.61315,3.61353
0.224747,-0.169192,0.0525332,0.0540689,3.07649,3.15905
0.229798,-0.169192,0.0347252,0.0359863,2.54456,2.72691
0.234848,-0.169192,0.0317313,0.0324473,1.58763,1.44541
0.239899,-0.169192,0.0335029,0.0335649,0.638296,0.156462
0.244949,-0.169192,0.0165086,0.0162497,-0.271433,-0.51409
0.25,-0.169192,-0.00142311,-0.00275671,-1.96178,-2.47359
-0.25,-0.164141,-0.502687,-0.494607,13.3647,15.9405
-0.244949,-0.164141,-0.43935,-0.433069,10.4303,12.368
-0.239899,-0.164141,-0.422538,-0.417992,7.53655,9.05618
-0.234848,-0.164141,-0.369348,-0.365555,6.17564,7.51763
-0.229798,-0.164141,-0.383643,-0.380348,5.50463,6.577
-0.224747,-0.164141,-0.32398,-0.321208,4.69833,5.56
-0.219697,-0.164141,-0.327386,-0.325264,3.52384,4.27104
-0.214646,-0.164141,-0.30342,-0.301633,3.00719,3.57255
-0.209596,-0.164141,-0.315381,-0.314422,1.73881,2.01538
-0.204545,-0.164141,-0.314224,-0.313364,1.37876,1.79931
-0.199495,-0.164141,-0.33816,-0.337947,0.294566,0.473112
-0.194444,-0.164141,-0.322841,-0.322916,-0.168606,-0.0633299
-0.189394,-0.164141,-0.341497,-0.341743,-0.635454,-0.517815
-0.184343,-0.164141,-0.359057,-0.359714,-1.34892,-1.30013
-0.179293,-0.164141,-0.3638,-0.364628,-1.64289,-1.72853
-0.174242,-0.164141,-0.395387,-0.396587,-2.32694,-2.33948
-0.169192,-0.164141,-0.410391,-0.411775,-2.71135,-2.79024
-0.164141,-0.164141,-0.467541,-0.469312,-3.61716,-3.53903
-0.159091,-0.164141,-0.484833,-0.486903,-3.86956,-4.06057
-0.15404,-0.164141,-0.519503,-0.521787,-4.25702,-4.5225
-0.14899,-0.164141,-0.531803,-0.534333,-4.70856,-5.04404
-0.143939,-0.164141,-0.572917,-0.575721,-5.17282,-5.55068
-0.138889,-0.164141,-0.593268,-0.59627,-5.61863,-5.93066
-0.133838,-0.164141,-0.576109,-0.579372,-5.63784,-6.38515
-0.128788,-0.164141,-0.655182,-0.658676,-6.27153,-7.0855
-0.123737,-0.164141,-0.66433,-0.667877,-6.53931,-7.20471
-0.118687,-0.164141,-0.652762,-0.65612,-6.34468,-6.82473
-0.113636,-0.164141,-0.639071,-0.642732,-6.42547,-7.26432
-0.108586,-0.164141,-0.696346,-0.700116,-6.39515,-7.36117
-0.103535,-0.164141,-0.779854,-0.783689,-6.73212,-7.78586
-0.0984849,-0.164141,-0.796367,-0.799954,-7.00224,-7.29412
-0.0934343,-0.164141,-0.829682,-0.833131,-6.5706,-7.10785
-0.0883838,-0.164141,-0.809651,-0.812881,-6.19811,-6.42985
-0.0833333,-0.164141,-0.866045,-0.869341,-5.99785,-6.56396
-0.0782828,-0.164141,-0.937049,-0.94036,-6.24347,-6.66082
-0.0732323,-0.164141,-1.01279,-1.0161,-6.03056,-6.54161
-0.0681818,-0.164141,-1.02871,-1.03182,-5.76575,-6.33299
-0.0631313,-0.164141,-1.01937,-1.02253,-5.6612,-6.34044
-0.0580808,-0.164141,-0.995977,-0.998538,-4.81373,-5.1558
-0.0530303,-0.164141,-0.981719,-0.983734,-3.75795,-3.99351
-0.0479798,-0.164141,-1.01962,-1.02164,-3.77575,-4.05684
-0.0429293,-0.164141,-1.11534,-1.11703,-3.1929,-3.41237
-0.0378788,-0.164141,-1.08079,-1.08202,-2.33247,-2.52947
-0.0328283,-0.164141,-1.08917,-1.09034,-2.07417,-2.35252
-0.0277778,-0.164141,-1.17827,-1.17923,-1.71622,-1.98558
-0.0227273,-0.164141,-1.17659,-1.17712,-0.975535,-1.08313
-0.0176768,-0.164141,-1.163,-1.16322,-0.395712,-0.46473
-0.0126263,-0.164141,-1.21603,-1.21568,0.635428,0.671484
-0.00757576,-0.164141,-1.19103,-1.19037,1.3265,1.32062
-0.00252525,-0.164141,-1.17991,-1.17888,1.88094,2.01911
0.00252525,-0.164141,-1.1789,-1.17762,2.27855,2.49408
0.00757576,-0.164141,-1.16126,-1.15966,3.03181,3.1665
0.0126263,-0.164141,-1.18447,-1.18271,3.22846,3.48315
0.0176768,-0.164141,-1.19262,-1.19082,3.29501,3.4906
0.0227273,-0.164141,-1.07147,-1.06941,3.83631,4.10527
0.0277778,-0.164141,-1.1212,-1.11889,4.35737,4.70504
0.0328283,-0.164141,-1.12486,-1.12266,4.30451,4.43309
0.0378788,-0.164141,-1.08391,-1.08152,4.40424,4.75719
0.0429293,-0.164141,-1.00085,-0.998367,4.73207,4.95464
0.0479798,-0.164141,-0.990796,-0.988077,5.10331,5.37187
0.0530303,-0.164141,-0.978777,-0.975609,5.77275,6.28084
0.0580808,-0.164141,-0.976049,-0.972845,6.13197,6.45965
0.0631313,-0.164141,-0.975665,-0.972196,6.62408,6.95884
0.0681818,-0.164141,-0.898768,-0.895038,6.61415,7.27177
0.0732323,-0.164141,-0.876394,-0.872515,6.87507,7.689
0.0782828,-0.164141,-0.789174,-0.785455,6.89354,7.37607
0.0833333,-0.164141,-0.763415,-0.759646,7.17969,7.42078
0.0883838,-0.164141,-0.74928,-0.7452,7.57924,8.05408
0.0934343,-0.164141,-0.713374,-0.709638,7.52745,7.78586
0.0984849,-0.164141,-0.717633,-0.713363,7.84963,8.41916
0.103535,-0.164141,-0.632236,-0.627845,8.01337,8.76188
0.108586,-0.164141,-0.580608,-0.576094,8.30031,9.13441
0.113636,-0.164141,-0.567302,-0.562437,8.71791,9.67085
0.118687,-0.164141,-0.522407,-0.517957,8.5316,9.12696
0.123737,-0.164141,-0.427806,-0.423372,8.08617,8.62777
0.128788,-0.164141,-0.376,-0.371911,7.77031,8.21054
0.133838,-0.164141,-0.310046,-0.306211,7.57478,7.80076
0.138889,-0.164141,-0.270703,-0.266582,7.648,8.2925
0.143939,-0.164141,-0.241499,-0.237733,7.24818,7.7188
0.14899,-0.164141,-0.196629,-0.192724,7.3447,7.80821
0.15404,-0.164141,-0.166149,-0.162035,7.29206,8.02427
0.159091,-0.164141,-0.0810203,-0.0773445,6.98542,7.39097
0.164141,-0.164141,-0.0718679,-0.0682622,7.05674,7.41333
0.169192,-0.164141,-0.0712534,-0.0675768,7.05766,7.34627
0.174242,-0.164141,-0.0586899,-0.0548363,6.81125,7.81566
0.179293,-0.164141,-0.036431,-0.0331625,6.40644,6.4522
0.184343,-0.164141,-0.0446038,-0.0410974,6.24668,7.07805
0.189394,-0.164141,-0.0562512,-0.0530556,6.22266,6.71297
0.194444,-0.164141,-0.0652933,-0.0624284,6.06077,5.97537
0.199495,-0.164141,-0.0510001,-0.0480786,5.55333,5.90831
0.204545,-0.164141,-0.0116463,-0.00932068,4.70654,4.74602
0.209596,-0.164141,0.00432197,0.00641495,4.14761,4.37349
0.214646,-0.164141,0.0518955,0.0537708,3.43781,3.71039
0.219697,-0.164141,0.0320902,0.0337884,3.10011,3.47197
0.224747,-0.164141,0.068306,0.0695437,2.60418,2.65241
0.229798,-0.164141,0.0503739,0.0512898,2.10202,1.96695
0.234848,-0.164141,0.0471027,0.04749,1.11683,0.879168
0.239899,-0.164141,0.0495693,0.0495613,0.385369,0.104308
0.244949,-0.164141,0.032556,0.0320524,-0.477719,-0.76741
0.25,-0.164141,0.0163657,0.0150576,-2.13621,-2.52575
-0.25,-0.159091,-0.489808,-0.48162,13.4669,16.1193
-0.244949,-0.159091,-0.417304,-0.411104,10.4942,12.3903
-0.239899,-0.159091,-0.395649,-0.390917,7.79114,9.3095
-0.234848,-0.159091,-0.342727,-0.339024,6.33171,7.3947
-0.229798,-0.159091,-0.361138,-0.357818,5.57847,6.57886
-0.224747,-0.159091,-0.304517,-0.301853,4.63516,5.34207
-0.219697,-0.159091,-0.307461,-0.305369,3.45406,4.1686
-0.214646,-0.159091,-0.282961,-0.281226,2.95341,3.44962
-0.209596,-0.159091,-0.307008,-0.306111,1.50616,1.84774
-0.204545,-0.159091,-0.303297,-0.302561,1.12766,1.52364
-0.199495,-0.159091,-0.32678,-0.32657,0.0547869,0.484288
-0.194444,-0.159091,-0.307133,-0.307247,-0.420127,-0.223517
-0.189394,-0.159091,-0.341906,-0.342291,-0.841122,-0.707805
-0.184343,-0.159091,-0.355394,-0.356168,-1.59878,-1.51619
-0.179293,-0.159091,-0.362653,-0.36351,-1.84525,-1.75461
-0.174242,-0.159091,-0.364654,-0.365823,-2.22637,-2.2091
-0.169192,-0.159091,-0.379816,-0.381093,-2.60569,-2.56672
-0.164141,-0.159091,-0.430733,-0.432625,-3.58756,-3.76254
-0.159091,-0.159091,-0.448599,-0.450745,-3.83146,-4.34369
-0.15404,-0.159091,-0.481472,-0.483856,-4.29047,-4.73857
-0.14899,-0.159091,-0.493798,-0.49632,-4.72018,-5.06639
-0.143939,-0.159091,-0.539916,-0.542596,-5.14902,-5.39422
-0.138889,-0.159091,-0.558496,-0.561588,-5.56143,-6.15418
-0.133838,-0.159091,-0.543272,-0.54621,-5.55791,-5.8338
-0.128788,-0.159091,-0.620288,-0.623628,-6.1862,-6.57141
-0.123737,-0.159091,-0.628243,-0.631697,-6.47981,-6.86943
-0.118687,-0.159091,-0.613932,-0.617094,-6.31429,-6.41495
-0.113636,-0.159091,-0.600566,-0.603981,-6.43743,-6.66827
-0.108586,-0.159091,-0.677819,-0.681356,-6.52499,-7.1153
-0.103535,-0.159091,-0.763104,-0.766724,-6.81588,-7.23451
-0.0984849,-0.159091,-0.780188,-0.783972,-7.05452,-7.53999
-0.0934343,-0.159091,-0.823508,-0.827216,-6.7816,-7.30157
-0.0883838,-0.159091,-0.806219,-0.80952,-6.39302,-6.70552
-0.0833333,-0.159091,-0.859702,-0.862986,-6.25193,-6.56396
-0.0782828,-0.159091,-0.887734,-0.891097,-6.47286,-6.74277
-0.0732323,-0.159091,-0.913751,-0.917062,-6.07524,-6.63847
-0.0681818,-0.159091,-0.928765,-0.931971,-5.82517,-6.31064
-0.0631313,-0.159091,-0.918862,-0.921875,-5.71692,-6.04242
-0.0580808,-0.159091,-0.888083,-0.890601,-4.71227,-5.09247
-0.0530303,-0.159091,-0.875104,-0.877079,-3.64906,-3.97116
-0.0479798,-0.159091,-0.912452,-0.914436,-3.65783,-3.96743
-0.0429293,-0.159091,-1.00897,-1.01059,-3.07624,-3.27453
-0.0378788,-0.159091,-0.975298,-0.97651,-2.20494,-2.46987
-0.0328283,-0.159091,-0.984149,-0.985183,-1.94783,-2.1141
-0.0277778,-0.159091,-1.0314,-1.03232,-1.74915,-1.85519
-0.0227273,-0.159091,-1.06099,-1.0617,-1.29425,-1.4361
-0.0176768,-0.159091,-1.06564,-1.06598,-0.613375,-0.688713
-0.0126263,-0.159091,-1.07888,-1.07876,0.217471,0.203028
-0.00757576,-0.159091,-1.05438,-1.0539,0.920734,0.93691
-0.00252525,-0.159091,-1.0435,-1.04273,1.48885,1.53854
0.00252525,-0.159091,-1.04194,-1.04088,1.89492,2.10479
0.00757576,-0.159091,-1.02355,-1.02209,2.66159,2.89828
0.0126263,-0.159091,-1.04258,-1.04102,2.89508,3.09572
0.0176768,-0.159091,-1.06481,-1.06315,3.10967,3.27453
0.0227273,-0.159091,-0.947456,-0.945561,3.60941,3.78489
0.0277778,-0.159091,-0.994829,-0.992577,4.16794,4.4629
0.0328283,-0.159091,-0.998478,-0.996228,4.11498,4.51505
0.0378788,-0.159091,-0.960392,-0.958122,4.1746,4.46662
0.0429293,-0.159091,-0.858933,-0.856552,4.56963,4.77582
0.0479798,-0.159091,-0.849188,-0.846643,4.91318,5.13345
0.0530303,-0.159091,-0.838431,-0.835374,5.58274,5.98282
0.0580808,-0.159091,-0.811195,-0.80828,5.65853,5.86733
0.0631313,-0.159091,-0.810614,-0.807241,6.16204,6.64592
0.0681818,-0.159091,-0.7746,-0.771232,6.17563,6.75023
0.0732323,-0.159091,-0.754081,-0.750549,6.41445,6.92904
0.0782828,-0.159091,-0.710291,-0.706933,6.4343,6.64592
0.0833333,-0.159091,-0.685936,-0.682399,6.69909,7.07805
0.0883838,-0.159091,-0.669677,-0.665739,7.12883,7.72625
0.0934343,-0.159091,-0.636136,-0.632368,7.04533,7.53254
0.0984849,-0.159091,-0.642984,-0.639245,7.30768,7.50273
0.103535,-0.159091,-0.556702,-0.552729,7.48868,7.91252
0.108586,-0.159091,-0.504594,-0.500455,7.7709,8.25524
0.113636,-0.159091,-0.491542,-0.487201,8.32678,8.88109
0.118687,-0.159091,-0.441012,-0.436485,8.31053,9.25362
0.123737,-0.159091,-0.39054,-0.386395,8.00138,8.27759
0.128788,-0.159091,-0.34203,-0.337861,7.63136,8.32975
0.133838,-0.159091,-0.254077,-0.250109,7.35613,7.79331
0.138889,-0.159091,-0.254489,-0.250347,7.43853,8.20309
0.143939,-0.159091,-0.219769,-0.216022,7.07288,7.59214
0.14899,-0.159091,-0.1787,-0.175014,7.15196,7.45058
0.15404,-0.159091,-0.145811,-0.141926,7.12553,7.86781
0.159091,-0.159091,-0.0605648,-0.0566095,6.80847,7.77095
0.164141,-0.159091,-0.0507236,-0.0472143,6.82813,7.011
0.169192,-0.159091,-0.0388276,-0.0353009,6.69054,7.0259
0.174242,-0.159091,-0.026067,-0.0225008,6.39757,6.85453
0.179293,-0.159091,-0.00776374,-0.00473112,5.99157,6.17653
0.184343,-0.159091,-0.0145182,-0.0117272,5.86645,5.804
0.189394,-0.159091,-0.026735,-0.023745,5.82405,6.10948
0.194444,-0.159091,-0.0369142,-0.0338182,5.67444,6.07967
0.199495,-0.159091,-0.0218701,-0.0191778,5.13509,5.40912
0.204545,-0.159091,0.0171491,0.0194088,4.26985,4.54485
0.209596,-0.159091,0.00916796,0.0113025,4.03425,4.22448
0.214646,-0.159091,0.0555287,0.0571161,3.40257,3.30806
0.219697,-0.159091,0.0363307,0.0377297,3.03745,2.85357
0.224747,-0.159091,0.071731,0.0728741,2.6095,2.36928
0.229798,-0.159091,0.0535923,0.0547171,2.13727,2.25753
0.234848,-0.159091,0.0513788,0.0519678,1.17357,1.24425
0.239899,-0.159091,0.0540617,0.0540614,0.483824,0.0819564
0.244949,-0.159091,0.0378034,0.0375435,-0.247391,-0.506639
0.25,-0.159091,0.022507,0.0212714,-1.95128,-2.42144
-0.25,-0.15404,-0.45997,-0.451561,13.8706,16.544
-0.244949,-0.15404,-0.388498,-0.382304,10.6417,12.3456
-0.239899,-0.15404,-0.37156,-0.36687,7.71047,9.20892
-0.234848,-0.15404,-0.314668,-0.310872,6.34191,7.57351
-0.229798,-0.15404,-0.336645,-0.333384,5.50364,6.47455
-0.224747,-0.15404,-0.29284,-0.290133,4.60363,5.39422
-0.219697,-0.15404,-0.296218,-0.294212,3.38251,3.99351
-0.214646,-0.15404,-0.268753,-0.26704,2.87973,3.43099
-0.209596,-0.15404,-0.293581,-0.292685,1.45667,1.76951
-0.204545,-0.15404,-0.294559,-0.293959,1.05415,1.30013
-0.199495,-0.15404,-0.316265,-0.31621,-0.0162612,0.145286
-0.194444,-0.15404,-0.296553,-0.296723,-0.496692,-0.245869
-0.189394,-0.15404,-0.32448,-0.32486,-0.939708,-0.786036
-0.184343,-0.15404,-0.342769,-0.343636,-1.67857,-1.72853
-0.179293,-0.15404,-0.347991,-0.348959,-1.96135,-1.9446
-0.174242,-0.15404,-0.352749,-0.353996,-2.28733,-2.47359
-0.169192,-0.15404,-0.370971,-0.372317,-2.6521,-2.5928
-0.164141,-0.15404,-0.429834,-0.431746,-3.57575,-3.78489
-0.159091,-0.15404,-0.442574,-0.444494,-3.90878,-3.98606
-0.15404,-0.15404,-0.475772,-0.478022,-4.34699,-4.4629
-0.14899,-0.15404,-0.484767,-0.487335,-4.81104,-5.1707
-0.143939,-0.15404,-0.529428,-0.532217,-5.20307,-5.63264
-0.138889,-0.15404,-0.569184,-0.572272,-5.71954,-6.22123
-0.133838,-0.15404,-0.553555,-0.556663,-5.68791,-6.07222
-0.128788,-0.15404,-0.633863,-0.637084,-6.32359,-6.64592
-0.123737,-0.15404,-0.642807,-0.646494,-6.60088,-7.31647
-0.118687,-0.15404,-0.644237,-0.647753,-6.5793,-7.03335
-0.113636,-0.15404,-0.632283,-0.636004,-6.67464,-7.38352
-0.108586,-0.15404,-0.705993,-0.709668,-6.83394,-7.21216
-0.103535,-0.15404,-0.7913,-0.795253,-7.16285,-7.77095
-0.0984849,-0.15404,-0.807765,-0.811733,-7.41625,-8.09878
-0.0934343,-0.15404,-0.855757,-0.859693,-7.09776,-7.81566
-0.0883838,-0.15404,-0.836743,-0.84044,-6.70645,-7.29412
-0.0833333,-0.15404,-0.890498,-0.894047,-6.54494,-7.22706
-0.0782828,-0.15404,-0.919666,-0.923224,-6.74424,-6.94394
-0.0732323,-0.15404,-0.94248,-0.946,-6.40134,-7.06315
-0.0681818,-0.15404,-0.959598,-0.962913,-6.13895,-6.64592
-0.0631313,-0.15404,-0.948676,-0.952013,-6.04326,-6.57886
-0.0580808,-0.15404,-0.917378,-0.920035,-5.0496,-5.45382
-0.0530303,-0.15404,-0.861831,-0.863999,-4.05243,-4.32879
-0.0479798,-0.15404,-0.898737,-0.900946,-4.0743,-4.51505
-0.0429293,-0.15404,-0.996158,-0.997987,-3.48059,-3.74019
-0.0378788,-0.15404,-0.962254,-0.963652,-2.59733,-2.82191
-0.0328283,-0.15404,-0.972512,-0.973772,-2.3533,-2.55369
-0.0277778,-0.15404,-1.01971,-1.02089,-2.14733,-2.36556
-0.0227273,-0.15404,-1.06841,-1.06924,-1.58199,-1.68197
-0.0176768,-0.15404,-1.07271,-1.07319,-0.897641,-0.979751
-0.0126263,-0.15404,-1.08558,-1.08562,-0.0777481,-0.105472
-0.00757576,-0.15404,-1.05914,-1.05882,0.633163,0.615604
-0.00252525,-0.15404,-1.04514,-1.04453,1.22264,1.19582
0.00252525,-0.15404,-1.04185,-1.04092,1.65355,1.80304
0.00757576,-0.15404,-1.02464,-1.02335,2.41978,2.56672
0.0126263,-0.15404,-1.03132,-1.02989,2.72986,2.88337
0.0176768,-0.15404,-1.05015,-1.04849,2.99043,3.25218
0.0227273,-0.15404,-0.931892,-0.93,3.50164,3.78117
0.0277778,-0.15404,-0.982789,-0.980783,3.98571,4.10899
0.0328283,-0.15404,-0.96768,-0.965588,4.03225,4.14252
0.0378788,-0.15404,-0.930628,-0.928439,4.0865,4.27291
0.0429293,-0.15404,-0.82969,-0.827316,4.4575,4.8019
0.0479798,-0.15404,-0.818588,-0.816006,4.82133,5.24148
0.0530303,-0.15404,-0.807956,-0.805058,5.49146,5.7444
0.0580808,-0.15404,-0.777336,-0.774395,5.61676,5.84125
0.0631313,-0.15404,-0.777383,-0.774063,6.0954,6.67572
0.0681818,-0.15404,-0.742505,-0.739291,6.10145,6.33299
0.0732323,-0.15404,-0.728136,-0.724636,6.52356,6.93649
0.0782828,-0.15404,-0.682978,-0.679515,6.56573,6.89924
0.0833333,-0.15404,-0.658966,-0.65539,6.83356,7.14511
0.0883838,-0.15404,-0.647727,-0.643782,7.19624,7.89761
0.0934343,-0.15404,-0.656937,-0.653058,7.16045,7.7486
0.0984849,-0.15404,-0.663155,-0.659086,7.43326,8.04663
0.103535,-0.15404,-0.576108,-0.572078,7.76407,8.24779
0.108586,-0.15404,-0.527672,-0.523508,8.01526,8.29995
0.113636,-0.15404,-0.502204,-0.49784,8.34082,8.84384
0.118687,-0.15404,-0.458775,-0.454232,8.25503,8.99285
0.123737,-0.15404,-0.404249,-0.400066,8.07154,8.52346
0.128788,-0.15404,-0.335505,-0.331439,7.62265,8.42661
0.133838,-0.15404,-0.250724,-0.246622,7.30869,7.93487
0.138889,-0.15404,-0.24581,-0.241794,7.4331,8.00192
0.143939,-0.15404,-0.21436,-0.210665,7.04537,7.39097
0.14899,-0.15404,-0.170843,-0.167057,7.14569,7.72625
0.15404,-0.15404,-0.138445,-0.134557,7.11726,7.7039
0.159091,-0.15404,-0.0523565,-0.0487715,6.75871,7.23451
0.164141,-0.15404,-0.0461531,-0.0424609,6.80428,7.39843
0.169192,-0.15404,-0.0356456,-0.0320524,6.63115,7.28667
0.174242,-0.15404,-0.0166223,-0.0131652,6.37898,7.01845
0.179293,-0.15404,0.00277013,0.0058189,5.99477,6.20633
0.184343,-0.15404,-0.00382623,-0.000908971,5.87061,6.21378
0.189394,-0.15404,-0.0172296,-0.0141338,5.82345,6.06477
0.194444,-0.15404,-0.0254642,-0.0223517,5.62128,5.82635
0.199495,-0.15404,-0.000119827,0.00242889,5.13617,5.1111
0.204545,-0.15404,0.0376102,0.0398755,4.3044,4.69387
0.209596,-0.15404,0.0282525,0.0304058,4.13839,4.22448
0.214646,-0.15404,0.0743407,0.0761896,3.4631,3.62843
0.219697,-0.15404,0.0608301,0.0622719,2.95336,2.90573
0.224747,-0.15404,0.0759495,0.0772774,2.4935,2.65241
0.229798,-0.15404,0.0581345,0.0590458,1.97839,1.99676
0.234848,-0.15404,0.057221,0.0577643,1.16879,1.13994
0.239899,-0.15404,0.0604964,0.0605136,0.410191,0.0372529
0.244949,-0.15404,0.0432553,0.0428632,-0.381189,-0.603497
0.25,-0.15404,0.0296336,0.0284389,-1.94027,-2.19792
-0.25,-0.14899,-0.449629,-0.441,14.3301,16.9724
-0.244949,-0.14899,-0.386627,-0.380322,10.6174,12.5617
-0.239899,-0.14899,-0.367898,-0.363249,7.78083,9.19402
-0.234848,-0.14899,-0.312728,-0.308946,6.29279,7.49901
-0.229798,-0.14899,-0.333814,-0.330549,5.50762,6.49318
-0.224747,-0.14899,-0.294862,-0.292201,4.51462,5.32344
-0.219697,-0.14899,-0.29572,-0.293754,3.34108,3.94136
-0.214646,-0.14899,-0.265262,-0.263568,2.85342,3.41982
-0.209596,-0.14899,-0.292194,-0.291303,1.43376,1.80677
-0.204545,-0.14899,-0.293441,-0.292718,1.05944,1.40816
-0.199495,-0.14899,-0.320066,-0.320118,-0.183128,0.0707805
-0.194444,-0.14899,-0.301495,-0.301767,-0.659883,-0.525266
-0.189394,-0.14899,-0.330123,-0.330631,-1.09471,-0.979751
-0.184343,-0.14899,-0.347048,-0.347979,-1.8741,-1.83284
-0.179293,-0.14899,-0.354939,-0.356004,-2.12851,-2.06009
-0.174242,-0.14899,-0.366679,-0.368081,-2.6528,-2.73436
-0.169192,-0.14899,-0.385411,-0.386991,-2.98553,-3.14414
-0.164141,-0.14899,-0.415057,-0.416942,-3.59102,-3.68059
-0.159091,-0.14899,-0.426703,-0.42884,-3.93642,-4.22448
-0.15404,-0.14899,-0.452821,-0.455111,-4.45455,-4.63426
-0.14899,-0.14899,-0.464564,-0.467241,-4.88405,-5.28246
-0.143939,-0.14899,-0.508166,-0.511222,-5.3652,-5.96046
-0.138889,-0.14899,-0.550085,-0.553101,-5.81319,-6.07967
-0.133838,-0.14899,-0.533116,-0.536181,-5.8116,-6.19143
-0.128788,-0.14899,-0.61511,-0.618488,-6.3981,-6.72787
-0.123737,-0.14899,-0.624478,-0.628062,-6.67153,-7.24196
-0.118687,-0.14899,-0.629359,-0.633106,-6.62477,-7.36117
-0.113636,-0.14899,-0.614384,-0.618033,-6.77514,-7.40588
-0.108586,-0.14899,-0.688689,-0.692367,-6.9233,-7.38352
-0.103535,-0.14899,-0.771031,-0.774875,-7.3064,-7.53999
-0.0984849,-0.14899,-0.788843,-0.792846,-7.53544,-8.00192
-0.0934343,-0.14899,-0.834201,-0.838123,-7.25966,-7.75605
-0.0883838,-0.14899,-0.816652,-0.820488,-6.8307,-7.6741
-0.0833333,-0.14899,-0.872903,-0.876404,-6.65493,-6.97374
-0.0782828,-0.14899,-0.901675,-0.905238,-6.87038,-7.21961
-0.0732323,-0.14899,-0.924324,-0.927694,-6.51465,-6.75768
-0.0681818,-0.14899,-0.941639,-0.944927,-6.2608,-6.64592
-0.0631313,-0.14899,-0.931154,-0.934534,-6.17283,-6.74277
-0.0580808,-0.14899,-0.899724,-0.902459,-5.1777,-5.43892
-0.0530303,-0.14899,-0.835134,-0.837214,-4.03744,-4.24683
-0.0479798,-0.14899,-0.872155,-0.874329,-4.08197,-4.37722
-0.0429293,-0.14899,-0.970009,-0.97191,-3.48728,-3.82215
-0.0378788,-0.14899,-0.935891,-0.937343,-2.60113,-2.90759
-0.0328283,-0.14899,-0.946678,-0.947928,-2.3481,-2.54251
-0.0277778,-0.14899,-0.982399,-0.983449,-1.97203,-2.15135
-0.0227273,-0.14899,-1.03054,-1.03131,-1.40885,-1.55624
-0.0176768,-0.14899,-1.03388,-1.03426,-0.701521,-0.780914
-0.0126263,-0.14899,-1.07627,-1.07632,-0.100616,-0.137021
-0.00757576,-0.14899,-1.05032,-1.05001,0.616035,0.596978
-0.00252525,-0.14899,-1.03848,-1.03784,1.16965,1.20606
0.00252525,-0.14899,-1.0371,-1.03626,1.56412,1.64285
0.00757576,-0.14899,-1.01674,-1.01542,2.35475,2.58349
0.0126263,-0.14899,-1.02212,-1.02069,2.6753,2.80701
0.0176768,-0.14899,-1.04566,-1.04418,2.89411,2.96719
0.0227273,-0.14899,-0.928151,-0.926431,3.40618,3.48687
0.0277778,-0.14899,-0.979413,-0.977378,3.88191,3.99724
0.0328283,-0.14899,-0.964905,-0.962771,3.91855,4.11272
0.0378788,-0.14899,-0.926235,-0.92401,3.9814,4.38467
0.0429293,-0.14899,-0.824641,-0.82235,4.34763,4.59701
0.0479798,-0.14899,-0.810833,-0.808354,4.75706,4.95464
0.0530303,-0.14899,-0.801305,-0.798382,5.41505,5.78165
0.0580808,-0.14899,-0.771338,-0.768531,5.51781,5.66989
0.0631313,-0.14899,-0.748543,-0.745445,5.72419,6.14673
0.0681818,-0.14899,-0.714862,-0.711814,5.72967,6.00517
0.0732323,-0.14899,-0.705215,-0.701845,6.3276,6.72787
0.0782828,-0.14899,-0.664632,-0.661328,6.30472,6.65337
0.0833333,-0.14899,-0.64208,-0.638679,6.55065,6.76513
0.0883838,-0.14899,-0.629872,-0.626355,6.93843,7.16001
0.0934343,-0.14899,-0.638981,-0.635274,6.90217,7.30157
0.0984849,-0.14899,-0.645032,-0.641264,7.17536,7.59214
0.103535,-0.14899,-0.557306,-0.553228,7.51755,8.04663
0.108586,-0.14899,-0.505727,-0.501528,7.91168,8.41171
0.113636,-0.14899,-0.485387,-0.481196,8.18028,8.60542
0.118687,-0.14899,-0.440683,-0.436269,8.0952,8.91089
0.123737,-0.14899,-0.385223,-0.380941,7.92887,8.76188
0.128788,-0.14899,-0.319336,-0.315495,7.44249,7.87526
0.133838,-0.14899,-0.229339,-0.225559,7.16202,7.66665
0.138889,-0.14899,-0.228377,-0.224583,7.25329,7.61449
0.143939,-0.14899,-0.193321,-0.18952,6.91935,7.33882
0.14899,-0.14899,-0.150815,-0.147127,7.00673,7.32392
0.15404,-0.14899,-0.11879,-0.115104,6.9354,7.33882
0.159091,-0.14899,-0.0340386,-0.030525,6.60017,7.18981
0.164141,-0.14899,-0.0313876,-0.0278205,6.61199,6.91414
0.169192,-0.14899,-0.0221553,-0.0188872,6.41598,6.66082
0.174242,-0.14899,-0.00206019,0.00112504,6.1902,6.57141
0.179293,-0.14899,0.0173641,0.0203997,5.8159,6.15418
0.184343,-0.14899,0.00842958,0.0113025,5.69186,5.66244
0.189394,-0.14899,-0.00229034,0.00051409,5.59296,5.66244
0.194444,-0.14899,-0.0105653,-0.00780076,5.40287,5.73695
0.199495,-0.14899,0.0137756,0.0162944,4.92647,5.1409
0.204545,-0.14899,0.0510726,0.0534281,4.12979,4.64171
0.209596,-0.14899,0.0409284,0.0430271,3.9877,4.21703
0.214646,-0.14899,0.0664105,0.0680685,3.58682,3.64333
0.219697,-0.14899,0.0584891,0.0598207,2.97107,2.71201
0.224747,-0.14899,0.0726305,0.0738278,2.47539,2.48849
0.229798,-0.14899,0.0554538,0.0564158,2.04487,2.09361
0.234848,-0.14899,0.0548619,0.0554994,1.30575,1.30385
0.239899,-0.14899,0.0587233,0.0587478,0.563375,0.0968575
0.244949,-0.14899,0.0409843,0.0406504,-0.278255,-0.536442
0.25,-0.14899,0.0277145,0.0264421,-1.91167,-2.33948
-0.25,-0.143939,-0.460402,-0.451583,14.6474,17.3598
-0.244949,-0.143939,-0.398226,-0.391889,10.8405,12.5505
-0.239899,-0.143939,-0.350187,-0.345349,8.14963,9.62987
-0.234848,-0.143939,-0.298907,-0.294998,6.49221,7.81938
-0.229798,-0.143939,-0.319188,-0.315856,5.71002,6.62729
-0.224747,-0.143939,-0.282971,-0.280198,4.69057,5.51343
-0.219697,-0.143939,-0.282065,-0.279974,3.53777,4.1984
-0.214646,-0.143939,-0.251874,-0.250109,3.03304,3.50922
-0.209596,-0.143939,-0.256073,-0.254944,1.92962,2.26125
-0.204545,-0.143939,-0.259319,-0.258349,1.56176,1.95578
-0.199495,-0.143939,-0.288887,-0.288643,0.317765,0.488013
-0.194444,-0.143939,-0.27016,-0.27021,-0.174622,0.00745058
-0.189394,-0.143939,-0.297947,-0.298269,-0.606961,-0.633299
-0.184343,-0.143939,-0.311704,-0.312328,-1.39245,-1.21817
-0.179293,-0.143939,-0.319876,-0.320766,-1.63977,-1.70618
-0.174242,-0.143939,-0.332271,-0.333425,-2.15055,-2.20537
-0.169192,-0.143939,-0.329152,-0.330232,-2.16641,-2.16067
-0.164141,-0.143939,-0.369806,-0.371415,-2.91167,-3.24473
-0.159091,-0.143939,-0.384514,-0.386231,-3.24005,-3.39374
-0.15404,-0.143939,-0.40985,-0.411727,-3.7544,-3.82215
-0.14899,-0.143939,-0.417789,-0.420138,-4.24337,-4.69387
-0.143939,-0.143939,-0.47673,-0.479408,-4.82909,-5.26756
-0.138889,-0.143939,-0.515777,-0.51865,-5.34451,-5.75185
-0.133838,-0.143939,-0.502426,-0.505202,-5.29566,-5.59539
-0.128788,-0.143939,-0.58471,-0.58791,-5.92206,-6.31064
-0.123737,-0.143939,-0.592318,-0.595704,-6.1655,-6.94394
-0.118687,-0.143939,-0.60134,-0.604764,-6.36838,-6.80238
-0.113636,-0.143939,-0.589293,-0.592582,-6.47,-6.65337
-0.108586,-0.143939,-0.663257,-0.666805,-6.64793,-7.21216
-0.103535,-0.143939,-0.744056,-0.747733,-7.0333,-7.31647
-0.0984849,-0.143939,-0.762218,-0.766069,-7.28001,-7.71135
-0.0934343,-0.143939,-0.805641,-0.809453,-7.04162,-7.7188
-0.0883838,-0.143939,-0.785776,-0.78921,-6.62633,-6.88434
-0.0833333,-0.143939,-0.843504,-0.846952,-6.46081,-6.92159
-0.0782828,-0.143939,-0.873868,-0.877418,-6.63546,-7.1302
-0.0732323,-0.143939,-0.898837,-0.902221,-6.26379,-6.85453
-0.0681818,-0.143939,-0.915091,-0.918314,-6.02117,-6.45965
-0.0631313,-0.143939,-0.905472,-0.908747,-5.92512,-6.4224
-0.0580808,-0.143939,-0.89332,-0.896141,-5.25897,-5.64754
-0.0530303,-0.143939,-0.846552,-0.848819,-4.09186,-4.48525
-0.0479798,-0.143939,-0.884104,-0.886247,-4.10098,-4.36976
-0.0429293,-0.143939,-0.981153,-0.983018,-3.51825,-3.75882
-0.0378788,-0.143939,-0.946794,-0.948191,-2.64877,-2.85543
-0.0328283,-0.143939,-0.972913,-0.974122,-2.30143,-2.44193
-0.0277778,-0.143939,-1.00793,-1.00894,-1.94254,-2.06567
-0.0227273,-0.143939,-1.05386,-1.05457,-1.34104,-1.44541
-0.0176768,-0.143939,-1.08809,-1.08856,-0.893903,-0.963919
-0.0126263,-0.143939,-1.12104,-1.12115,-0.193113,-0.247901
-0.00757576,-0.143939,-1.09613,-1.09584,0.543162,0.555068
-0.00252525,-0.143939,-1.08342,-1.08285,1.11837,1.12317
0.00252525,-0.143939,-1.08099,-1.08017,1.53112,1.6652
0.00757576,-0.143939,-1.04848,-1.04728,2.40112,2.39536
0.0126263,-0.143939,-1.05418,-1.0527,2.69986,2.90386
0.0176768,-0.143939,-1.07751,-1.07596,2.89445,3.07709
0.0227273,-0.143939,-0.960674,-0.958916,3.39901,3.50177
0.0277778,-0.143939,-1.01129,-1.00927,3.89187,4.02704
0.0328283,-0.143939,-0.996629,-0.99453,3.94344,4.14625
0.0378788,-0.143939,-0.956427,-0.954267,4.03153,4.22448
0.0429293,-0.143939,-0.854391,-0.852007,4.40741,4.74602
0.0479798,-0.143939,-0.84285,-0.84028,4.77023,5.05894
0.0530303,-0.143939,-0.82945,-0.8265,5.46701,5.85988
0.0580808,-0.143939,-0.808003,-0.804998,5.69349,6.06477
0.0631313,-0.143939,-0.789526,-0.786334,6.08212,6.38515
0.0681818,-0.143939,-0.756774,-0.753477,6.07565,6.51181
0.0732323,-0.143939,-0.75036,-0.746868,6.62462,6.96629
0.0782828,-0.143939,-0.709894,-0.706546,6.60003,6.88434
0.0833333,-0.143939,-0.687071,-0.683501,6.85674,7.0557
0.0883838,-0.143939,-0.673432,-0.669613,7.25363,7.68155
0.0934343,-0.143939,-0.684026,-0.680067,7.19671,7.86781
0.0984849,-0.143939,-0.669222,-0.665195,7.4515,8.05408
0.103535,-0.143939,-0.584608,-0.580624,7.787,8.06898
0.108586,-0.143939,-0.534098,-0.529908,8.1616,8.37445
0.113636,-0.143939,-0.497218,-0.492707,8.35249,8.96305
0.118687,-0.143939,-0.449171,-0.444666,8.29762,8.91834
0.123737,-0.143939,-0.39458,-0.390351,8.20068,8.70228
0.128788,-0.143939,-0.324437,-0.320092,7.74217,8.79913
0.133838,-0.143939,-0.237636,-0.23362,7.42722,8.12858
0.138889,-0.143939,-0.231959,-0.228018,7.56831,8.06898
0.143939,-0.143939,-0.199858,-0.196092,7.19967,7.39097
0.14899,-0.143939,-0.156098,-0.152074,7.25966,8.13603
0.15404,-0.143939,-0.126147,-0.122525,7.20379,7.33137
0.159091,-0.143939,-0.0439768,-0.0405684,6.84292,6.83963
0.164141,-0.143939,-0.0404752,-0.0369102,6.84046,7.15256
0.169192,-0.143939,-0.0324738,-0.0290722,6.6688,6.95884
0.174242,-0.143939,-0.0134069,-0.0100434,6.44536,6.85453
0.179293,-0.143939,0.0068609,0.0100806,6.05916,6.4522
0.184343,-0.143939,-0.00193304,0.00119954,5.94068,6.22868
0.189394,-0.143939,-0.0121076,-0.00906736,5.82683,6.10203
0.194444,-0.143939,-0.0217325,-0.01885,5.62496,5.90086
0.199495,-0.143939,0.00284564,0.00555813,5.14517,5.52833
0.204545,-0.143939,0.0384848,0.0407398,4.43088,4.4629
0.209596,-0.143939,0.0353576,0.0375137,4.09237,4.24683
0.214646,-0.143939,0.0664939,0.0683069,3.58481,3.66569
0.219697,-0.143939,0.0583681,0.0599101,3.03662,3.12924
0.224747,-0.143939,0.0731706,0.0742748,2.50517,2.30223
0.229798,-0.143939,0.0559762,0.0570565,2.08441,2.16067
0.234848,-0.143939,0.0567834,0.057511,1.43693,1.36346
0.239899,-0.143939,0.0598901,0.0599697,0.686708,0.26077
0.244949,-0.143939,0.0422414,0.042133,-0.180652,-0.0819564
0.25,-0.143939,0.0310893,0.0299737,-1.72352,-2.17557
-0.25,-0.138889,-0.455632,-0.446793,14.7862,17.3636
-0.244949,-0.138889,-0.392127,-0.385683,10.9681,12.8634
-0.239899,-0.138889,-0.348845,-0.344109,8.05459,9.40263
-0.234848,-0.138889,-0.291487,-0.287697,6.57286,7.60704
-0.229798,-0.138889,-0.314407,-0.311065,5.7097,6.69062
-0.224747,-0.138889,-0.28032,-0.277571,4.66865,5.47618
-0.219697,-0.138889,-0.280545,-0.278492,3.50731,4.07547
-0.214646,-0.138889,-0.250238,-0.24851,2.9837,3.46079
-0.209596,-0.138889,-0.232791,-0.231534,2.21762,2.563
-0.204545,-0.138889,-0.236767,-0.235688,1.83678,2.16067
-0.199495,-0.138889,-0.267503,-0.26704,0.625788,0.920147
-0.194444,-0.138889,-0.247909,-0.247821,0.124897,0.193715
-0.189394,-0.138889,-0.273679,-0.273798,-0.31097,-0.238419
-0.184343,-0.138889,-0.288837,-0.289425,-1.10956,-1.11386
-0.179293,-0.138889,-0.296288,-0.296965,-1.36515,-1.34483
-0.174242,-0.138889,-0.310724,-0.311673,-1.86023,-1.90362
-0.169192,-0.138889,-0.304781,-0.305708,-1.90248,-1.85519
-0.164141,-0.138889,-0.345985,-0.347402,-2.62471,-2.81632
-0.159091,-0.138889,-0.3273,-0.328742,-2.70329,-2.90945
-0.15404,-0.138889,-0.356241,-0.358012,-3.20326,-3.54648
-0.14899,-0.138889,-0.362587,-0.364665,-3.67508,-4.01586
-0.143939,-0.138889,-0.419078,-0.421286,-4.34167,-4.50015
-0.138889,-0.138889,-0.459444,-0.462048,-4.82343,-5.2005
-0.133838,-0.138889,-0.444631,-0.447385,-4.81892,-5.40167
-0.128788,-0.138889,-0.488767,-0.491604,-5.22694,-5.52088
-0.123737,-0.138889,-0.496496,-0.499338,-5.50768,-5.72205
-0.118687,-0.138889,-0.522752,-0.525817,-5.74824,-6.08712
-0.113636,-0.138889,-0.510816,-0.514194,-5.84777,-6.76513
-0.108586,-0.138889,-0.585858,-0.589006,-6.01276,-6.22123
-0.103535,-0.138889,-0.667241,-0.670746,-6.38803,-7.03335
-0.0984849,-0.138889,-0.701168,-0.704698,-6.70674,-7.25686
-0.0934343,-0.138889,-0.744656,-0.748008,-6.4647,-6.73532
-0.0883838,-0.138889,-0.724503,-0.727743,-6.0961,-6.51181
-0.0833333,-0.138889,-0.781627,-0.784755,-5.92212,-6.22123
-0.0782828,-0.138889,-0.810395,-0.813663,-6.12604,-6.63102
-0.0732323,-0.138889,-0.837712,-0.840686,-5.72573,-6.03497
-0.0681818,-0.138889,-0.855509,-0.858385,-5.4572,-5.77792
-0.0631313,-0.138889,-0.844195,-0.84706,-5.38497,-5.77792
-0.0580808,-0.138889,-0.868435,-0.871047,-4.98214,-5.27129
-0.0530303,-0.138889,-0.82259,-0.82469,-3.80062,-4.20958
-0.0479798,-0.138889,-0.858009,-0.860073,-3.8463,-4.1835
-0.0429293,-0.138889,-0.954463,-0.956209,-3.25772,-3.51295
-0.0378788,-0.138889,-0.919044,-0.92029,-2.35413,-2.52761
-0.0328283,-0.138889,-0.942583,-0.943667,-1.99773,-2.21282
-0.0277778,-0.138889,-0.978625,-0.979562,-1.64968,-1.87475
-0.0227273,-0.138889,-1.02705,-1.02764,-1.08172,-1.20979
-0.0176768,-0.138889,-1.06022,-1.06056,-0.632534,-0.709202
-0.0126263,-0.138889,-1.09229,-1.09224,0.105139,0.0903383
-0.00757576,-0.138889,-1.10077,-1.10048,0.576213,0.548549
-0.00252525,-0.138889,-1.08998,-1.08942,1.12574,1.08685
0.00252525,-0.138889,-1.08839,-1.08752,1.54094,1.68756
0.00757576,-0.138889,-1.05768,-1.05636,2.40249,2.56114
0.0126263,-0.138889,-1.06363,-1.06214,2.70381,2.95788
0.0176768,-0.138889,-1.08559,-1.08401,2.89164,3.15532
0.0227273,-0.138889,-1.00729,-1.00559,3.21379,3.40864
0.0277778,-0.138889,-1.05478,-1.05283,3.72088,3.81097
0.0328283,-0.138889,-1.03306,-1.03097,4.00427,4.07547
0.0378788,-0.138889,-0.99438,-0.992078,4.09241,4.51878
0.0429293,-0.138889,-0.89201,-0.889633,4.47094,4.69387
0.0479798,-0.138889,-0.880983,-0.878293,4.83708,5.37187
0.0530303,-0.138889,-0.807343,-0.804689,4.97134,5.30854
0.0580808,-0.138889,-0.784364,-0.781562,5.21796,5.55813
0.0631313,-0.138889,-0.769803,-0.766888,5.55696,5.91576
0.0681818,-0.138889,-0.736919,-0.733983,5.53402,5.84498
0.0732323,-0.138889,-0.73029,-0.72699,6.10135,6.51926
0.0782828,-0.138889,-0.689781,-0.686504,6.08047,6.51181
0.0833333,-0.138889,-0.666812,-0.663459,6.32968,6.72042
0.0883838,-0.138889,-0.635956,-0.632212,6.69909,7.35372
0.0934343,-0.138889,-0.643089,-0.639379,6.68042,7.36117
0.0984849,-0.138889,-0.63466,-0.631079,6.88904,7.16746
0.103535,-0.138889,-0.547975,-0.543982,7.22014,7.88271
0.108586,-0.138889,-0.496423,-0.492461,7.62128,7.83801
0.113636,-0.138889,-0.459825,-0.455722,7.80984,8.06153
0.118687,-0.138889,-0.413597,-0.409365,7.73031,8.56817
0.123737,-0.138889,-0.35517,-0.351123,7.6652,8.21054
0.128788,-0.138889,-0.288327,-0.284515,7.1786,7.61449
0.133838,-0.138889,-0.197135,-0.193477,6.90882,7.45058
0.138889,-0.138889,-0.195728,-0.192083,7.01308,7.14511
0.143939,-0.138889,-0.162266,-0.158668,6.62518,7.03335
0.14899,-0.138889,-0.118952,-0.115499,6.69677,7.0259
0.15404,-0.138889,-0.0914254,-0.0877306,6.6274,7.36862
0.159091,-0.138889,-0.00927665,-0.00596046,6.24923,6.80983
0.164141,-0.138889,-0.00740312,-0.00411272,6.25758,6.56396
0.169192,-0.138889,0.000617546,0.00395626,6.08943,6.70552
0.174242,-0.138889,0.0213159,0.0243932,5.85938,6.19143
0.179293,-0.138889,0.0500266,0.0528619,5.33497,5.56558
0.184343,-0.138889,0.0425479,0.0452846,5.17696,5.45382
0.189394,-0.138889,0.0402636,0.0428334,5.12135,5.25266
0.194444,-0.138889,0.0305819,0.0330508,4.9434,5.05149
0.199495,-0.138889,0.0541252,0.0564232,4.48315,4.59701
0.204545,-0.138889,0.0452838,0.0474229,4.37791,4.39584
0.209596,-0.138889,0.0420648,0.0441372,4.0387,4.17232
0.214646,-0.138889,0.0731339,0.074923,3.51373,3.63588
0.219697,-0.138889,0.0648344,0.0662655,2.94905,2.83867
0.224747,-0.138889,0.0798724,0.0812486,2.48882,2.65986
0.229798,-0.138889,0.0631203,0.0642017,2.15049,2.22027
0.234848,-0.138889,0.0631755,0.0639111,1.41186,1.65403
0.239899,-0.138889,0.0677559,0.0680536,0.815707,0.655651
0.244949,-0.138889,0.0509667,0.0507981,-0.0577693,-0.312924
0.25,-0.138889,0.0408598,0.0397861,-1.64689,-1.95205
-0.25,-0.133838,-0.450941,-0.442073,14.9427,17.4679
-0.244949,-0.133838,-0.387631,-0.38106,11.0455,12.9938
-0.239899,-0.133838,-0.342582,-0.33769,8.19884,9.62987
-0.234848,-0.133838,-0.289289,-0.285435,6.53876,7.72625
-0.229798,-0.133838,-0.309499,-0.306118,5.71086,6.72415
-0.224747,-0.133838,-0.279236,-0.276603,4.55273,5.29364
-0.219697,-0.133838,-0.282681,-0.280734,3.31689,3.92273
-0.214646,-0.133838,-0.251764,-0.250187,2.73398,3.1516
-0.209596,-0.133838,-0.237068,-0.235975,1.92863,2.22027
-0.204545,-0.133838,-0.236451,-0.235494,1.56922,1.92225
-0.199495,-0.133838,-0.267846,-0.26755,0.375302,0.614673
-0.194444,-0.133838,-0.255832,-0.255872,-0.157971,-0.119209
-0.189394,-0.133838,-0.279076,-0.279345,-0.596914,-0.543892
-0.184343,-0.133838,-0.294743,-0.295464,-1.39016,-1.41188
-0.179293,-0.133838,-0.301528,-0.302374,-1.63214,-1.70991
-0.174242,-0.133838,-0.310906,-0.312105,-2.17714,-2.32086
-0.169192,-0.133838,-0.311133,-0.312366,-2.20316,-2.35438
-0.164141,-0.133838,-0.349875,-0.351373,-2.92179,-3.05101
-0.159091,-0.133838,-0.333959,-0.335518,-2.97088,-3.06964
-0.15404,-0.133838,-0.360432,-0.362322,-3.49327,-3.68804
-0.14899,-0.133838,-0.369928,-0.37206,-3.93999,-4.22448
-0.143939,-0.133838,-0.427249,-0.429705,-4.59206,-4.96954
-0.138889,-0.133838,-0.425635,-0.428297,-4.93573,-5.33462
-0.133838,-0.133838,-0.413667,-0.416428,-4.90476,-5.42402
-0.128788,-0.133838,-0.456199,-0.459149,-5.34015,-5.90086
-0.123737,-0.133838,-0.463918,-0.466958,-5.60833,-5.99027
-0.118687,-0.133838,-0.489628,-0.492699,-5.86498,-6.21378
-0.113636,-0.133838,-0.480385,-0.48352,-5.92478,-6.32554
-0.108586,-0.133838,-0.5543,-0.557564,-6.08582,-6.58631
-0.103535,-0.133838,-0.637547,-0.641033,-6.47362,-6.94394
-0.0984849,-0.133838,-0.67258,-0.676282,-6.7595,-7.31647
-0.0934343,-0.133838,-0.713098,-0.716679,-6.56321,-6.95884
-0.0883838,-0.133838,-0.694963,-0.698171,-6.17996,-6.45965
-0.0833333,-0.133838,-0.750506,-0.75385,-6.0482,-6.69807
-0.0782828,-0.133838,-0.779597,-0.783063,-6.25064,-6.83218
-0.0732323,-0.133838,-0.817559,-0.820614,-5.73577,-6.16163
-0.0681818,-0.133838,-0.8354,-0.838477,-5.47312,-6.07967
-0.0631313,-0.133838,-0.822721,-0.825461,-5.22702,-5.44637
-0.0580808,-0.133838,-0.846019,-0.848651,-4.80424,-5.21168
-0.0530303,-0.133838,-0.799457,-0.801437,-3.6362,-3.96371
-0.0479798,-0.133838,-0.833727,-0.835713,-3.62477,-3.93391
-0.0429293,-0.133838,-0.944788,-0.946421,-2.98452,-3.30247
-0.0378788,-0.133838,-0.909056,-0.910204,-2.12124,-2.31154
-0.0328283,-0.133838,-0.950419,-0.951348,-1.72642,-1.89804
-0.0277778,-0.133838,-0.984879,-0.98564,-1.3532,-1.54972
-0.0227273,-0.133838,-1.03152,-1.03194,-0.790508,-0.855885
-0.0176768,-0.133838,-1.06582,-1.06601,-0.351131,-0.404485
-0.0126263,-0.133838,-1.06297,-1.06287,0.172579,0.161119
-0.00757576,-0.133838,-1.07064,-1.07033,0.633018,0.617467
-0.00252525,-0.133838,-1.06135,-1.06075,1.1823,1.18837
0.00252525,-0.133838,-1.06049,-1.05961,1.59151,1.7304
0.00757576,-0.133838,-1.06494,-1.06365,2.25561,2.50712
0.0126263,-0.133838,-1.07125,-1.06988,2.56382,2.70456
0.0176768,-0.133838,-1.09227,-1.09078,2.76978,2.93553
0.0227273,-0.133838,-1.01196,-1.0103,3.12299,3.31551
0.0277778,-0.133838,-1.06192,-1.06011,3.59525,3.69921
0.0328283,-0.133838,-1.03888,-1.03674,3.88576,4.23565
0.0378788,-0.133838,-0.999809,-0.997633,3.96429,4.27291
0.0429293,-0.133838,-0.896314,-0.894081,4.34526,4.4927
0.0479798,-0.133838,-0.884345,-0.881866,4.7233,4.93973
0.0530303,-0.133838,-0.812628,-0.810016,4.85292,5.22286
0.0580808,-0.133838,-0.791859,-0.789244,5.06358,5.26756
0.0631313,-0.133838,-0.777865,-0.775088,5.41187,5.60284
0.0681818,-0.133838,-0.743995,-0.741038,5.39871,5.90086
0.0732323,-0.133838,-0.736509,-0.733368,5.95345,6.11693
0.0782828,-0.133838,-0.680646,-0.677511,5.92508,6.29574
0.0833333,-0.133838,-0.65704,-0.6539,6.18473,6.31809
0.0883838,-0.133838,-0.626203,-0.622667,6.55359,7.14511
0.0934343,-0.133838,-0.637001,-0.633545,6.49977,6.85453
0.0984849,-0.133838,-0.626139,-0.622429,6.71433,7.18981
0.103535,-0.133838,-0.537975,-0.534117,7.05973,7.58469
0.108586,-0.133838,-0.473124,-0.469208,7.3812,7.77841
0.113636,-0.133838,-0.432525,-0.428371,7.69629,8.31485
0.118687,-0.133838,-0.369421,-0.365287,7.55788,8.21054
0.123737,-0.133838,-0.314829,-0.311121,7.45742,7.56234
0.128788,-0.133838,-0.243632,-0.239804,7.02475,7.53254
0.133838,-0.133838,-0.19427,-0.190727,6.91887,7.21216
0.138889,-0.133838,-0.192098,-0.188395,7.00448,7.51018
0.143939,-0.133838,-0.158013,-0.154495,6.62921,7.03335
0.14899,-0.133838,-0.118597,-0.115089,6.68839,7.24941
0.15404,-0.133838,-0.0912806,-0.087738,6.60355,7.0706
0.159091,-0.133838,-0.0101294,-0.00666082,6.23164,6.93649
0.164141,-0.133838,-0.00689308,-0.00359118,6.24624,6.54906
0.169192,-0.133838,0.0018415,0.00484288,6.06332,6.25849
0.174242,-0.133838,0.0205375,0.0237524,5.83944,6.59376
0.179293,-0.133838,0.0523173,0.0549927,5.26739,5.56558
0.184343,-0.133838,0.0435751,0.0462607,5.13888,5.46128
0.189394,-0.133838,0.041827,0.0444576,5.05497,5.26756
0.194444,-0.133838,0.031029,0.0335798,4.89608,5.17815
0.199495,-0.133838,0.0535406,0.0558794,4.50272,4.69387
0.204545,-0.133838,0.0444805,0.0467598,4.36253,4.55975
0.209596,-0.133838,0.0411948,0.0433996,4.02901,4.41074
0.214646,-0.133838,0.0715563,0.0733882,3.57153,3.74019
0.219697,-0.133838,0.0644908,0.0661537,2.99385,3.31551
0.224747,-0.133838,0.0791385,0.0803769,2.54905,2.52575
0.229798,-0.133838,0.0724341,0.073567,2.27219,2.5183
0.234848,-0.133838,0.0731096,0.07388,1.54025,1.45286
0.239899,-0.133838,0.0771317,0.0775978,0.841439,0.953674
0.244949,-0.133838,0.0615862,0.0614598,0.0689938,-0.13411
0.25,-0.133838,0.0642428,0.0632927,-1.47531,-1.79559
-0.25,-0.128788,-0.43655,-0.4276,15.0091,17.6318
-0.244949,-0.128788,-0.363159,-0.356395,11.4783,13.3291
-0.239899,-0.128788,-0.325473,-0.320569,8.24367,9.6932
-0.234848,-0.128788,-0.283101,-0.279307,6.52072,7.55116
-0.229798,-0.128788,-0.303533,-0.30021,5.67735,6.58631
-0.224747,-0.128788,-0.272043,-0.269365,4.54928,5.29736
-0.219697,-0.128788,-0.275466,-0.273537,3.32576,3.83332
-0.214646,-0.128788,-0.246308,-0.244718,2.7156,3.16277
-0.209596,-0.128788,-0.23402,-0.23292,1.87714,2.25753
-0.204545,-0.128788,-0.233009,-0.232223,1.53464,1.6503
-0.199495,-0.128788,-0.26358,-0.263333,0.346901,0.480562
-0.194444,-0.128788,-0.250907,-0.250895,-0.165054,-0.00372529
-0.189394,-0.128788,-0.275708,-0.275999,-0.623346,-0.584871
-0.184343,-0.128788,-0.291186,-0.291869,-1.41359,-1.42679
-0.179293,-0.128788,-0.297185,-0.298053,-1.67072,-1.81794
-0.174242,-0.128788,-0.308431,-0.30956,-2.19651,-2.24262
-0.169192,-0.128788,-0.307431,-0.308566,-2.2394,-2.30595
-0.164141,-0.128788,-0.347293,-0.348855,-2.94129,-3.04729
-0.159091,-0.128788,-0.325639,-0.327304,-3.02418,-3.28571
-0.15404,-0.128788,-0.358803,-0.360608,-3.50126,-3.59863
-0.14899,-0.128788,-0.366471,-0.368599,-3.94803,-4.23193
-0.143939,-0.128788,-0.424268,-0.426926,-4.60932,-5.22286
-0.138889,-0.128788,-0.423424,-0.426099,-4.92531,-5.28991
-0.133838,-0.128788,-0.407729,-0.410348,-4.96526,-5.23031
-0.128788,-0.128788,-0.449804,-0.452884,-5.38023,-6.12438
-0.123737,-0.128788,-0.459699,-0.462778,-5.64556,-6.10203
-0.118687,-0.128788,-0.48476,-0.487983,-5.91506,-6.40005
-0.113636,-0.128788,-0.47434,-0.47747,-6.00481,-6.33299
-0.108586,-0.128788,-0.551512,-0.554748,-6.12151,-6.4522
-0.103535,-0.128788,-0.634083,-0.637494,-6.51098,-6.88434
-0.0984849,-0.128788,-0.669358,-0.673003,-6.79139,-7.33137
-0.0934343,-0.128788,-0.712614,-0.716209,-6.56341,-7.19726
-0.0883838,-0.128788,-0.692109,-0.695437,-6.20831,-6.61611
-0.0833333,-0.128788,-0.748143,-0.751346,-6.07608,-6.53416
-0.0782828,-0.128788,-0.777815,-0.781193,-6.26891,-6.75768
-0.0732323,-0.128788,-0.771744,-0.774816,-5.8029,-6.19888
-0.0681818,-0.128788,-0.788837,-0.791788,-5.52237,-5.98282
-0.0631313,-0.128788,-0.7735,-0.776388,-5.29728,-5.82263
-0.0580808,-0.128788,-0.796432,-0.799026,-4.82681,-5.14835
-0.0530303,-0.128788,-0.750448,-0.752378,-3.64584,-3.8892
-0.0479798,-0.128788,-0.786738,-0.788666,-3.67743,-3.91155
-0.0429293,-0.128788,-0.899788,-0.901446,-3.03586,-3.31365
-0.0378788,-0.128788,-0.877466,-0.878584,-2.08101,-2.24821
-0.0328283,-0.128788,-0.916366,-0.917285,-1.68059,-1.88407
-0.0277778,-0.128788,-0.952859,-0.953591,-1.33621,-1.46776
-0.0227273,-0.128788,-1.00124,-1.00166,-0.786191,-0.847503
-0.0176768,-0.128788,-1.03567,-1.03585,-0.338321,-0.390282
-0.0126263,-0.128788,-1.03229,-1.03221,0.147953,0.139233
-0.00757576,-0.128788,-1.04136,-1.04103,0.617231,0.652857
-0.00252525,-0.128788,-1.03089,-1.03027,1.15983,1.19396
0.00252525,-0.128788,-1.02866,-1.02781,1.56825,1.66707
0.00757576,-0.128788,-1.03389,-1.03267,2.25241,2.41585
0.0126263,-0.128788,-1.03748,-1.03617,2.58511,2.61515
0.0176768,-0.128788,-1.0696,-1.06813,2.8831,2.87965
0.0227273,-0.128788,-0.990783,-0.989087,3.23612,3.36766
0.0277778,-0.128788,-1.03728,-1.03531,3.74702,3.92273
0.0328283,-0.128788,-1.01719,-1.01514,4.01223,4.16487
0.0378788,-0.128788,-0.97634,-0.974115,4.10776,4.43309
0.0429293,-0.128788,-0.874611,-0.872228,4.4608,4.73857
0.0479798,-0.128788,-0.864304,-0.861719,4.81893,5.20423
0.0530303,-0.128788,-0.792889,-0.790257,4.93389,5.1856
0.0580808,-0.128788,-0.770605,-0.767928,5.15002,5.4352
0.0631313,-0.128788,-0.757389,-0.754513,5.50906,5.71087
0.0681818,-0.128788,-0.722661,-0.719689,5.49758,5.84125
0.0732323,-0.128788,-0.716983,-0.713684,6.04016,6.482
0.0782828,-0.128788,-0.698993,-0.695765,6.05872,6.56396
0.0833333,-0.128788,-0.678005,-0.674695,6.28842,6.54906
0.0883838,-0.128788,-0.648239,-0.644714,6.64619,6.99609
0.0934343,-0.128788,-0.658399,-0.654787,6.58925,7.17491
0.0984849,-0.128788,-0.646517,-0.642918,6.81929,7.21961
0.103535,-0.128788,-0.561437,-0.557654,7.14207,7.50273
0.108586,-0.128788,-0.492414,-0.488371,7.48453,7.97957
0.113636,-0.128788,-0.438264,-0.434048,7.72968,8.37445
0.118687,-0.128788,-0.376436,-0.372186,7.57625,8.19564
0.123737,-0.128788,-0.316893,-0.312865,7.51819,7.94232
0.128788,-0.128788,-0.250014,-0.246264,7.05828,7.7039
0.133838,-0.128788,-0.199322,-0.1956,6.93508,7.36862
0.138889,-0.128788,-0.196704,-0.192933,7.03362,7.46548
0.143939,-0.128788,-0.167024,-0.163563,6.64782,6.98119
0.14899,-0.128788,-0.12743,-0.124,6.70327,6.85453
0.15404,-0.128788,-0.100995,-0.0974834,6.61617,7.06315
0.159091,-0.128788,-0.0192396,-0.0158921,6.25116,6.75768
0.164141,-0.128788,-0.0160989,-0.0127777,6.26805,6.54906
0.169192,-0.128788,0.000933281,0.00406057,5.96879,6.31809
0.174242,-0.128788,0.0280379,0.0310019,5.76992,6.19143
0.179293,-0.128788,0.0594324,0.0621006,5.20753,5.42402
0.184343,-0.128788,0.0505413,0.053294,5.04968,5.56558
0.189394,-0.128788,0.0477133,0.0502095,4.9983,4.98444
0.194444,-0.128788,0.0360159,0.0386015,4.87397,5.1558
0.199495,-0.128788,0.0592601,0.061661,4.45159,4.79817
0.204545,-0.128788,0.0498206,0.0519678,4.33063,4.59701
0.209596,-0.128788,0.0468539,0.0489503,4.00698,4.35859
0.214646,-0.128788,0.0766984,0.0787228,3.57019,4.17978
0.219697,-0.128788,0.0692845,0.0707954,3.00778,3.17395
0.224747,-0.128788,0.0839716,0.0851825,2.54797,2.5481
0.229798,-0.128788,0.0781751,0.0792369,2.34007,2.20537
0.234848,-0.128788,0.0792542,0.0799522,1.60051,1.49757
0.239899,-0.128788,0.0833805,0.0837445,0.900101,0.834465
0.244949,-0.128788,0.0682429,0.0682548,0.142865,0.0670552
0.25,-0.128788,0.0721934,0.0713319,-1.34877,-1.63168
-0.25,-0.123737,-0.432305,-0.423379,14.9934,17.5573
-0.244949,-0.123737,-0.357405,-0.350721,11.348,13.2732
-0.239899,-0.123737,-0.323936,-0.31919,7.95433,9.41381
-0.234848,-0.123737,-0.276878,-0.273138,6.37589,7.44685
-0.229798,-0.123737,-0.277123,-0.273995,5.35936,6.21751
-0.224747,-0.123737,-0.249167,-0.246793,4.1543,4.76092
-0.219697,-0.123737,-0.254203,-0.252511,2.89945,3.37511
-0.214646,-0.123737,-0.228035,-0.226721,2.24164,2.6077
-0.209596,-0.123737,-0.210621,-0.209652,1.47349,1.92225
-0.204545,-0.123737,-0.2088,-0.208132,1.11371,1.39698
-0.199495,-0.123737,-0.238679,-0.238731,-0.0673925,0.00372529
-0.194444,-0.123737,-0.229175,-0.229247,-0.583106,-0.268221
-0.189394,-0.123737,-0.257668,-0.25814,-1.04435,-1.08033
-0.184343,-0.123737,-0.278611,-0.279553,-1.8278,-1.81049
-0.179293,-0.123737,-0.28351,-0.284575,-2.07559,-2.15322
-0.174242,-0.123737,-0.295387,-0.296801,-2.60051,-2.77907
-0.169192,-0.123737,-0.292715,-0.294104,-2.65415,-2.77907
-0.164141,-0.123737,-0.339581,-0.341356,-3.30985,-3.42354
-0.159091,-0.123737,-0.318801,-0.320595,-3.37774,-3.63216
-0.15404,-0.123737,-0.348012,-0.350013,-3.88444,-4.02331
-0.14899,-0.123737,-0.360487,-0.362746,-4.28563,-4.54485
-0.143939,-0.123737,-0.416716,-0.419535,-4.94964,-5.61774
-0.138889,-0.123737,-0.418152,-0.42101,-5.26284,-5.66989
-0.133838,-0.123737,-0.409449,-0.412226,-5.16498,-5.58793
-0.128788,-0.123737,-0.447306,-0.450253,-5.64616,-5.87851
-0.123737,-0.123737,-0.458464,-0.461541,-5.88427,-6.05732
-0.118687,-0.123737,-0.48337,-0.486672,-6.16148,-6.47455
-0.113636,-0.123737,-0.472014,-0.475578,-6.26184,-7.0259
-0.108586,-0.123737,-0.549644,-0.553049,-6.3948,-6.76513
-0.103535,-0.123737,-0.635648,-0.639141,-6.74108,-6.89179
-0.0984849,-0.123737,-0.668346,-0.672162,-7.01747,-7.7188
-0.0934343,-0.123737,-0.712571,-0.716068,-6.6988,-6.81728
-0.0883838,-0.123737,-0.693309,-0.696756,-6.31973,-6.86943
-0.0833333,-0.123737,-0.761817,-0.765249,-6.21121,-6.85453
-0.0782828,-0.123737,-0.78791,-0.791304,-6.31317,-6.73532
-0.0732323,-0.123737,-0.781866,-0.784956,-5.82365,-6.08712
-0.0681818,-0.123737,-0.796334,-0.799324,-5.55893,-5.90086
-0.0631313,-0.123737,-0.781065,-0.783838,-5.32428,-5.61029
-0.0580808,-0.123737,-0.804419,-0.807084,-4.90058,-5.31599
-0.0530303,-0.123737,-0.759794,-0.761822,-3.74048,-4.07174
-0.0479798,-0.123737,-0.795673,-0.797588,-3.71687,-3.89665
-0.0429293,-0.123737,-0.908369,-0.909975,-3.05196,-3.241
-0.0378788,-0.123737,-0.887045,-0.888187,-2.13171,-2.32086
-0.0328283,-0.123737,-0.92798,-0.928899,-1.74281,-1.84402
-0.0277778,-0.123737,-0.964495,-0.965248,-1.38693,-1.52737
-0.0227273,-0.123737,-1.0133,-1.01375,-0.863258,-0.938773
-0.0176768,-0.123737,-1.04741,-1.04764,-0.424421,-0.481843
-0.0126263,-0.123737,-1.04449,-1.04445,0.0836293,0.0637956
-0.00757576,-0.123737,-1.05222,-1.05194,0.548136,0.536442
-0.00252525,-0.123737,-1.04055,-1.04,1.08722,1.07568
0.00252525,-0.123737,-1.03621,-1.0354,1.54012,1.57952
0.00757576,-0.123737,-1.04239,-1.04125,2.20464,2.27429
0.0126263,-0.123737,-1.04825,-1.04685,2.51222,2.68966
0.0176768,-0.123737,-1.07826,-1.07679,2.83981,2.93367
0.0227273,-0.123737,-1.0083,-1.00655,3.29122,3.41237
0.0277778,-0.123737,-1.05604,-1.05399,3.79596,4.03821
0.0328283,-0.123737,-1.03398,-1.03188,4.09808,4.26173
0.0378788,-0.123737,-0.996324,-0.994019,4.16298,4.51505
0.0429293,-0.123737,-0.895412,-0.892967,4.50501,4.8764
0.0479798,-0.123737,-0.862198,-0.859719,4.57305,4.83543
0.0530303,-0.123737,-0.789995,-0.787497,4.69689,5.0813
0.0580808,-0.123737,-0.767977,-0.765439,4.90208,5.08875
0.0631313,-0.123737,-0.753215,-0.750333,5.25683,5.71832
0.0681818,-0.123737,-0.70613,-0.703197,5.24425,5.90086
0.0732323,-0.123737,-0.700936,-0.69771,5.93746,6.4373
0.0782828,-0.123737,-0.687528,-0.684552,5.91351,6.00144
0.0833333,-0.123737,-0.665659,-0.662275,6.15115,6.66827
0.0883838,-0.123737,-0.637269,-0.633717,6.5068,6.99609
0.0934343,-0.123737,-0.6449,-0.641309,6.47273,7.011
0.0984849,-0.123737,-0.635042,-0.631347,6.66983,7.38352
0.103535,-0.123737,-0.546137,-0.542276,7.01132,7.60704
0.108586,-0.123737,-0.479811,-0.475973,7.34724,7.65175
0.113636,-0.123737,-0.425091,-0.42098,7.58424,8.06153
0.118687,-0.123737,-0.360424,-0.356331,7.45823,8.10623
0.123737,-0.123737,-0.303632,-0.299662,7.37777,8.05408
0.128788,-0.123737,-0.23476,-0.231072,6.90577,7.63684
0.133838,-0.123737,-0.184226,-0.180714,6.79546,7.06315
0.138889,-0.123737,-0.185712,-0.181854,6.87896,7.40588
0.143939,-0.123737,-0.154539,-0.151195,6.49171,6.78003
0.14899,-0.123737,-0.116663,-0.113189,6.54017,6.98864
0.15404,-0.123737,-0.0895406,-0.0860915,6.46054,6.82473
0.159091,-0.123737,-0.00404884,-0.000923872,6.15387,6.34044
0.164141,-0.123737,-0.000460198,0.00272691,6.16241,6.37025
0.169192,-0.123737,0.0156332,0.0187457,5.87182,6.24359
0.174242,-0.123737,0.0524622,0.0554174,5.53487,5.87106
0.179293,-0.123737,0.0837776,0.0864267,4.97329,5.31971
0.184343,-0.123737,0.0740681,0.0765547,4.83777,5.17815
0.189394,-0.123737,0.0715698,0.0741184,4.77702,5.19305
0.194444,-0.123737,0.0598864,0.0623763,4.66441,5.01424
0.199495,-0.123737,0.0606998,0.0630766,4.52986,4.85778
0.204545,-0.123737,0.0505122,0.0527874,4.42597,4.63426
0.209596,-0.123737,0.0468344,0.0488609,4.12831,4.12762
0.214646,-0.123737,0.0770806,0.0788495,3.64058,3.67314
0.219697,-0.123737,0.0700646,0.0717714,3.07848,3.39001
0.224747,-0.123737,0.0889055,0.0903606,2.61191,2.77162
0.229798,-0.123737,0.0826422,0.083819,2.33692,2.34693
0.234848,-0.123737,0.0837419,0.084646,1.68375,1.69128
0.239899,-0.123737,0.0883323,0.0888482,0.932478,1.09524
0.244949,-0.123737,0.0730217,0.0730082,0.0999599,0.0149012
0.25,-0.123737,0.0777793,0.0767782,-1.31237,-1.82539
-0.25,-0.118687,-0.427631,-0.418652,15.0296,17.643
-0.244949,-0.118687,-0.352259,-0.34555,11.3538,13.2769
-0.239899,-0.118687,-0.316567,-0.311818,8.04149,9.40263
-0.234848,-0.118687,-0.274071,-0.270303,6.28383,7.41333
-0.229798,-0.118687,-0.273027,-0.269908,5.29595,6.24731
-0.224747,-0.118687,-0.244626,-0.242166,4.12026,4.88385
-0.219697,-0.118687,-0.246916,-0.245161,2.9162,3.47197
-0.214646,-0.118687,-0.226442,-0.225164,2.16461,2.59653
-0.209596,-0.118687,-0.20726,-0.206377,1.4381,1.79186
-0.204545,-0.118687,-0.207071,-0.206392,1.04596,1.41934
-0.199495,-0.118687,-0.236869,-0.236835,-0.11555,0.0633299
-0.194444,-0.118687,-0.227488,-0.227727,-0.64218,-0.469387
-0.189394,-0.118687,-0.229885,-0.23035,-0.791431,-0.890344
-0.184343,-0.118687,-0.254418,-0.255294,-1.59666,-1.71363
-0.179293,-0.118687,-0.257612,-0.258535,-1.8363,-1.86637
-0.174242,-0.118687,-0.270412,-0.27176,-2.35577,-2.63005
-0.169192,-0.118687,-0.268653,-0.269871,-2.39147,-2.40654
-0.164141,-0.118687,-0.312265,-0.313871,-3.07443,-3.06964
-0.159091,-0.118687,-0.293923,-0.295524,-3.13016,-3.24845
-0.15404,-0.118687,-0.291628,-0.293422,-3.39806,-3.53903
-0.14899,-0.118687,-0.304194,-0.306368,-3.79294,-4.29898
-0.143939,-0.118687,-0.370817,-0.37317,-4.53093,-4.86523
-0.138889,-0.118687,-0.373449,-0.376195,-4.83674,-5.36442
-0.133838,-0.118687,-0.364085,-0.366628,-4.74245,-4.96209
-0.128788,-0.118687,-0.402844,-0.405654,-5.21465,-5.71459
-0.123737,-0.118687,-0.409907,-0.413023,-5.51498,-6.15418
-0.118687,-0.118687,-0.43791,-0.441,-5.76171,-6.08712
-0.113636,-0.118687,-0.424777,-0.427864,-5.87232,-6.13928
-0.108586,-0.118687,-0.502179,-0.50544,-6.01473,-6.63847
-0.103535,-0.118687,-0.586923,-0.590295,-6.36949,-6.69807
-0.0984849,-0.118687,-0.621296,-0.624992,-6.6333,-7.36117
-0.0934343,-0.118687,-0.666031,-0.669517,-6.29407,-6.95884
-0.0883838,-0.118687,-0.646548,-0.649802,-5.90468,-6.4522
-0.0833333,-0.118687,-0.713537,-0.716641,-5.75672,-6.28084
-0.0782828,-0.118687,-0.739498,-0.742495,-5.84099,-5.92321
-0.0732323,-0.118687,-0.733689,-0.73649,-5.385,-5.64381
-0.0681818,-0.118687,-0.750055,-0.752848,-5.1388,-5.55441
-0.0631313,-0.118687,-0.735786,-0.738401,-4.92187,-5.24148
-0.0580808,-0.118687,-0.755675,-0.758082,-4.50044,-4.81307
-0.0530303,-0.118687,-0.711154,-0.712924,-3.30028,-3.5055
-0.0479798,-0.118687,-0.746689,-0.748413,-3.33692,-3.47942
-0.0429293,-0.118687,-0.874447,-0.875866,-2.62804,-2.83308
-0.0378788,-0.118687,-0.876687,-0.877781,-1.9748,-2.21468
-0.0328283,-0.118687,-0.918522,-0.919384,-1.58966,-1.73599
-0.0277778,-0.118687,-0.955271,-0.955923,-1.24255,-1.30571
-0.0227273,-0.118687,-1.00485,-1.00523,-0.701109,-0.799075
-0.0176768,-0.118687,-1.03724,-1.03738,-0.263487,-0.311527
-0.0126263,-0.118687,-1.03235,-1.03223,0.22782,0.204425
-0.00757576,-0.118687,-1.07009,-1.06985,0.467872,0.460073
-0.00252525,-0.118687,-1.05942,-1.05889,1.02408,1.04401
0.00252525,-0.118687,-1.05619,-1.05544,1.44014,1.44728
0.00757576,-0.118687,-1.05104,-1.04988,2.19827,2.28733
0.0126263,-0.118687,-1.05651,-1.05513,2.50873,2.7325
0.0176768,-0.118687,-1.08643,-1.08491,2.8243,3.03984
0.0227273,-0.118687,-1.01528,-1.01349,3.30162,3.56883
0.0277778,-0.118687,-1.06441,-1.06231,3.80771,4.04566
0.0328283,-0.118687,-1.04578,-1.04365,4.06452,4.1835
0.0378788,-0.118687,-1.00808,-1.00597,4.12697,4.27291
0.0429293,-0.118687,-0.907427,-0.90507,4.48365,4.77582
0.0479798,-0.118687,-0.87358,-0.871092,4.55655,4.98816
0.0530303,-0.118687,-0.801094,-0.798665,4.69068,4.83543
0.0580808,-0.118687,-0.780005,-0.777423,4.88623,5.06267
0.0631313,-0.118687,-0.762793,-0.760134,5.24512,5.43147
0.0681818,-0.118687,-0.715384,-0.712518,5.24428,5.71459
0.0732323,-0.118687,-0.71596,-0.712849,5.98901,6.16163
0.0782828,-0.118687,-0.700898,-0.697568,5.97955,6.65337
0.0833333,-0.118687,-0.678243,-0.675067,6.2218,6.38515
0.0883838,-0.118687,-0.639298,-0.635944,6.31006,6.74277
0.0934343,-0.118687,-0.649039,-0.645734,6.25152,6.51181
0.0984849,-0.118687,-0.636601,-0.633247,6.46399,6.78003
0.103535,-0.118687,-0.549676,-0.546053,6.89138,7.19726
0.108586,-0.118687,-0.470815,-0.46692,7.17359,7.75605
0.113636,-0.118687,-0.413366,-0.409171,7.4354,8.20309
0.118687,-0.118687,-0.351305,-0.347428,7.28823,7.83801
0.123737,-0.118687,-0.293382,-0.289582,7.20069,7.66665
0.128788,-0.118687,-0.223549,-0.220105,6.74202,7.00354
0.133838,-0.118687,-0.178056,-0.174373,6.62056,7.27177
0.138889,-0.118687,-0.177709,-0.17409,6.69671,7.29412
0.143939,-0.118687,-0.147719,-0.14428,6.29972,6.86943
0.14899,-0.118687,-0.108883,-0.105478,6.35897,6.80983
0.15404,-0.118687,-0.0833624,-0.0799745,6.28767,6.75023
0.159091,-0.118687,-0.0041211,-0.00113994,5.78236,6.08712
0.164141,-0.118687,-0.00195854,0.0012219,5.78745,6.3777
0.169192,-0.118687,0.0165617,0.0193045,5.46854,5.72205
0.174242,-0.118687,0.0524737,0.0552982,5.14844,5.60284
0.179293,-0.118687,0.0835612,0.0859946,4.56471,4.91738
0.184343,-0.118687,0.0736477,0.0761375,4.44055,4.95464
0.189394,-0.118687,0.0697967,0.0721365,4.43989,4.66406
0.194444,-0.118687,0.0578874,0.0602156,4.3195,4.67151
0.199495,-0.118687,0.058731,0.0608712,4.18182,4.29898
0.204545,-0.118687,0.0490519,0.0512674,4.07486,4.41819
0.209596,-0.118687,0.0455258,0.0473782,3.81272,3.64333
0.214646,-0.118687,0.075569,0.0772998,3.31992,3.54648
0.219697,-0.118687,0.0695334,0.070937,2.77703,2.80142
0.224747,-0.118687,0.090919,0.0919923,2.23105,2.24262
0.229798,-0.118687,0.0850359,0.0858828,1.95334,1.92225
0.234848,-0.118687,0.0949591,0.0955537,1.35882,1.2219
0.239899,-0.118687,0.0896635,0.0900254,0.879901,0.692904
0.244949,-0.118687,0.0749025,0.0748634,0.0316923,0.0447035
0.25,-0.118687,0.0884928,0.0877902,-1.35354,-1.34855
-0.25,-0.113636,-0.439303,-0.430226,15.0594,17.8218
-0.244949,-0.113636,-0.360591,-0.353847,11.4607,13.3738
-0.239899,-0.113636,-0.319319,-0.314351,8.33969,9.80869
-0.234848,-0.113636,-0.272532,-0.268653,6.68813,7.72998
-0.229798,-0.113636,-0.253802,-0.250589,5.52176,6.39632
-0.224747,-0.113636,-0.226376,-0.223849,4.33409,5.03659
-0.219697,-0.113636,-0.23129,-0.229452,3.07621,3.66941
-0.214646,-0.113636,-0.206673,-0.205219,2.38512,2.98396
-0.209596,-0.113636,-0.190604,-0.189669,1.63069,1.9148
-0.204545,-0.113636,-0.188589,-0.187803,1.25292,1.58325
-0.199495,-0.113636,-0.216993,-0.216987,0.0957476,0.178814
-0.194444,-0.113636,-0.207062,-0.207346,-0.426786,-0.439584
-0.189394,-0.113636,-0.212542,-0.212815,-0.577972,-0.528991
-0.184343,-0.113636,-0.250028,-0.250693,-1.43983,-1.16974
-0.179293,-0.113636,-0.25211,-0.252999,-1.68625,-1.80677
-0.174242,-0.113636,-0.265672,-0.266876,-2.19618,-2.29478
-0.169192,-0.113636,-0.262874,-0.264157,-2.24827,-2.57045
-0.164141,-0.113636,-0.304763,-0.306234,-2.91154,-2.91318
-0.159091,-0.113636,-0.287177,-0.288714,-2.9853,-3.01003
-0.15404,-0.113636,-0.287271,-0.289138,-3.2517,-3.67314
-0.14899,-0.113636,-0.298285,-0.300355,-3.64893,-4.04566
-0.143939,-0.113636,-0.374136,-0.376403,-4.46745,-4.5523
-0.138889,-0.113636,-0.378474,-0.380933,-4.76213,-4.94719
-0.133838,-0.113636,-0.369406,-0.371978,-4.65331,-5.00679
-0.128788,-0.113636,-0.408214,-0.410959,-5.1353,-5.34207
-0.123737,-0.113636,-0.416335,-0.419192,-5.41923,-5.71459
-0.118687,-0.113636,-0.440088,-0.443213,-5.71726,-6.14673
-0.113636,-0.113636,-0.428776,-0.431895,-5.80011,-6.34789
-0.108586,-0.113636,-0.506027,-0.509225,-5.94639,-6.34044
-0.103535,-0.113636,-0.586573,-0.589944,-6.32241,-6.75023
-0.0984849,-0.113636,-0.623284,-0.626892,-6.55644,-7.24941
-0.0934343,-0.113636,-0.666489,-0.669956,-6.20842,-6.85453
-0.0883838,-0.113636,-0.65673,-0.660077,-6.06185,-6.4522
-0.0833333,-0.113636,-0.724559,-0.727795,-5.95521,-6.4522
-0.0782828,-0.113636,-0.752255,-0.755452,-6.03676,-6.30319
-0.0732323,-0.113636,-0.758818,-0.761777,-5.54884,-5.93066
-0.0681818,-0.113636,-0.773059,-0.775926,-5.32097,-5.67362
-0.0631313,-0.113636,-0.757666,-0.760525,-5.09105,-5.57303
-0.0580808,-0.113636,-0.781037,-0.783555,-4.68273,-5.03659
-0.0530303,-0.113636,-0.734874,-0.736784,-3.5351,-3.82587
-0.0479798,-0.113636,-0.771884,-0.773761,-3.54939,-3.74392
-0.0429293,-0.113636,-0.898256,-0.899866,-2.87101,-3.25404
-0.0378788,-0.113636,-0.89553,-0.896716,-2.14269,-2.3786
-0.0328283,-0.113636,-0.938085,-0.939047,-1.724,-1.93529
-0.0277778,-0.113636,-0.975228,-0.975964,-1.36587,-1.50222
-0.0227273,-0.113636,-1.02388,-1.02431,-0.826779,-0.875909
-0.0176768,-0.113636,-1.06449,-1.06465,-0.305002,-0.351927
-0.0126263,-0.113636,-1.06011,-1.05998,0.20895,0.214204
-0.00757576,-0.113636,-1.09943,-1.0992,0.400546,0.408385
-0.00252525,-0.113636,-1.08709,-1.08656,0.970043,1.00303
0.00252525,-0.113636,-1.08324,-1.08249,1.39032,1.47894
0.00757576,-0.113636,-1.07868,-1.07745,2.30466,2.45124
0.0126263,-0.113636,-1.08158,-1.08016,2.63155,2.76789
0.0176768,-0.113636,-1.11262,-1.111,2.93847,3.2559
0.0227273,-0.113636,-1.04309,-1.04137,3.38169,3.42727
0.0277778,-0.113636,-1.09941,-1.0973,3.97193,4.16115
0.0328283,-0.113636,-1.07961,-1.07718,4.24449,4.72739
0.0378788,-0.113636,-1.04259,-1.04023,4.3139,4.72367
0.0429293,-0.113636,-0.940841,-0.938334,4.67139,4.98444
0.0479798,-0.113636,-0.907754,-0.905331,4.74086,4.82425
0.0530303,-0.113636,-0.837468,-0.834785,4.86476,5.31226
0.0580808,-0.113636,-0.812109,-0.809386,5.09316,5.38304
0.0631313,-0.113636,-0.797565,-0.794627,5.44688,5.87106
0.0681818,-0.113636,-0.750716,-0.747841,5.4311,5.69224
0.0732323,-0.113636,-0.751039,-0.747643,6.17125,6.73532
0.0782828,-0.113636,-0.723283,-0.71995,6.17591,6.68317
0.0833333,-0.113636,-0.70261,-0.699244,6.39707,6.88434
0.0883838,-0.113636,-0.663578,-0.660084,6.47776,6.89924
0.0934343,-0.113636,-0.668853,-0.665367,6.4394,6.91414
0.0984849,-0.113636,-0.659332,-0.655696,6.64498,7.1302
0.103535,-0.113636,-0.571898,-0.568189,7.06386,7.43568
0.108586,-0.113636,-0.490948,-0.486962,7.36898,8.09133
0.113636,-0.113636,-0.432322,-0.428483,7.36277,7.77095
0.118687,-0.113636,-0.369237,-0.365399,7.20255,7.61449
0.123737,-0.113636,-0.310132,-0.30636,7.12071,7.56979
0.128788,-0.113636,-0.244231,-0.240691,6.65409,7.26432
0.133838,-0.113636,-0.187579,-0.184052,6.46637,7.1004
0.138889,-0.113636,-0.189005,-0.185527,6.53066,6.95884
0.143939,-0.113636,-0.15928,-0.155911,6.14997,6.73532
0.14899,-0.113636,-0.116814,-0.113346,6.25493,6.68317
0.15404,-0.113636,-0.0816198,-0.078246,6.09483,6.75768
0.159091,-0.113636,-0.00364244,-0.000618398,5.58665,6.09457
0.164141,-0.113636,-0.000561591,0.00255555,5.58249,6.19143
0.169192,-0.113636,0.0178067,0.0205412,5.27347,5.44637
0.174242,-0.113636,0.053315,0.0558272,4.94886,5.0962
0.179293,-0.113636,0.0896232,0.0917539,4.3091,4.38839
0.184343,-0.113636,0.0802784,0.0824556,4.17652,4.40329
0.189394,-0.113636,0.0763982,0.0784323,4.17291,4.20958
0.194444,-0.113636,0.0641295,0.066109,4.04832,4.14252
0.199495,-0.113636,0.0647453,0.0667572,3.91555,4.07547
0.204545,-0.113636,0.0544631,0.0565499,3.82408,4.09782
0.209596,-0.113636,0.0511399,0.0530779,3.51415,3.96371
0.214646,-0.113636,0.0813641,0.0828355,3.07561,2.93553
0.219697,-0.113636,0.0760509,0.0773966,2.56761,2.85357
0.224747,-0.113636,0.0979303,0.0988841,2.03958,2.02656
0.229798,-0.113636,0.0927821,0.0937432,1.77846,1.92225
0.234848,-0.113636,0.101768,0.102282,1.07398,0.998378
0.239899,-0.113636,0.0977017,0.0981465,0.702443,0.841915
0.244949,-0.113636,0.0838246,0.0836849,-0.147118,-0.245869
0.25,-0.113636,0.0971929,0.0961646,-1.51294,-1.92225
-0.25,-0.108586,-0.428435,-0.419468,14.9443,17.6914
-0.244949,-0.108586,-0.347694,-0.340998,11.343,13.2509
-0.239899,-0.108586,-0.306725,-0.301819,8.20885,9.71928
-0.234848,-0.108586,-0.259645,-0.255797,6.52102,7.70017
-0.229798,-0.108586,-0.241731,-0.238527,5.32233,6.33672
-0.224747,-0.108586,-0.21345,-0.211008,4.1769,4.86523
-0.219697,-0.108586,-0.219099,-0.217441,2.89001,3.28571
-0.214646,-0.108586,-0.197047,-0.195734,2.17066,2.64496
-0.209596,-0.108586,-0.182292,-0.181478,1.39122,1.71363
-0.204545,-0.108586,-0.17896,-0.17821,1.03261,1.45286
-0.199495,-0.108586,-0.208136,-0.208117,-0.131778,0.0372529
-0.194444,-0.108586,-0.178111,-0.178292,-0.351921,-0.335276
-0.189394,-0.108586,-0.184607,-0.184804,-0.50681,-0.398606
-0.184343,-0.108586,-0.218683,-0.21949,-1.35323,-1.44541
-0.179293,-0.108586,-0.224834,-0.225633,-1.61032,-1.6056
-0.174242,-0.108586,-0.237949,-0.2391,-2.13039,-2.20537
-0.169192,-0.108586,-0.233517,-0.234641,-2.17464,-2.2538
-0.164141,-0.108586,-0.276123,-0.277504,-2.83237,-2.9318
-0.159091,-0.108586,-0.258467,-0.260014,-2.92208,-3.13297
-0.15404,-0.108586,-0.258847,-0.260595,-3.18653,-3.48687
-0.14899,-0.108586,-0.271069,-0.273068,-3.56514,-3.85567
-0.143939,-0.108586,-0.349924,-0.352249,-4.35666,-4.61191
-0.138889,-0.108586,-0.354235,-0.356637,-4.63154,-4.85778
-0.133838,-0.108586,-0.344215,-0.346638,-4.52669,-4.82798
-0.128788,-0.108586,-0.386888,-0.389628,-4.98412,-5.37932
-0.123737,-0.108586,-0.393668,-0.396542,-5.28134,-5.64754
-0.118687,-0.108586,-0.415826,-0.418663,-5.57226,-5.7295
-0.113636,-0.108586,-0.402742,-0.405751,-5.69261,-5.93066
-0.108586,-0.108586,-0.48037,-0.483528,-5.8119,-6.30319
-0.103535,-0.108586,-0.560072,-0.563465,-6.05384,-6.76513
-0.0984849,-0.108586,-0.596298,-0.599772,-6.29799,-6.96629
-0.0934343,-0.108586,-0.642522,-0.645615,-5.96251,-6.25849
-0.0883838,-0.108586,-0.632955,-0.636205,-5.82673,-6.37025
-0.0833333,-0.108586,-0.702126,-0.70525,-5.68215,-6.25849
-0.0782828,-0.108586,-0.728652,-0.731729,-5.75131,-6.15418
-0.0732323,-0.108586,-0.734124,-0.73703,-5.27385,-5.74067
-0.0681818,-0.108586,-0.753004,-0.755757,-5.02199,-5.43147
-0.0631313,-0.108586,-0.736608,-0.739131,-4.82499,-5.06267
-0.0580808,-0.108586,-0.759798,-0.76222,-4.42856,-4.86895
-0.0530303,-0.108586,-0.714647,-0.716343,-3.27618,-3.4254
-0.0479798,-0.108586,-0.760474,-0.762297,-3.29379,-3.61539
-0.0429293,-0.108586,-0.906,-0.907496,-2.90213,-3.03239
-0.0378788,-0.108586,-0.90295,-0.90416,-2.15605,-2.43075
-0.0328283,-0.108586,-0.943706,-0.944649,-1.75779,-1.90269
-0.0277778,-0.108586,-0.982135,-0.982875,-1.37378,-1.49943
-0.0227273,-0.108586,-1.03028,-1.03069,-0.813002,-0.870786
-0.0176768,-0.108586,-1.07347,-1.07363,-0.302166,-0.338856
-0.0126263,-0.108586,-1.06773,-1.06762,0.198827,0.18673
-0.00757576,-0.108586,-1.10628,-1.10606,0.434799,0.419095
-0.00252525,-0.108586,-1.09528,-1.09478,0.981831,0.97882
0.00252525,-0.108586,-1.09068,-1.0899,1.38896,1.52923
0.00757576,-0.108586,-1.08447,-1.08324,2.32604,2.44752
0.0126263,-0.108586,-1.09034,-1.08894,2.63688,2.80328
0.0176768,-0.108586,-1.12251,-1.12099,2.92359,3.06778
0.0227273,-0.108586,-1.05233,-1.05053,3.35853,3.49432
0.0277778,-0.108586,-1.10774,-1.10568,3.94482,4.2133
0.0328283,-0.108586,-1.08795,-1.08563,4.22456,4.67151
0.0378788,-0.108586,-1.04936,-1.04697,4.30352,4.74974
0.0429293,-0.108586,-0.949734,-0.947379,4.65191,4.71622
0.0479798,-0.108586,-0.916315,-0.913721,4.73047,5.13345
0.0530303,-0.108586,-0.842751,-0.840124,4.87237,5.16325
0.0580808,-0.108586,-0.821773,-0.819083,5.06943,5.35324
0.0631313,-0.108586,-0.806855,-0.80388,5.42182,5.82635
0.0681818,-0.108586,-0.760804,-0.757921,5.40779,5.79655
0.0732323,-0.108586,-0.758857,-0.755526,6.17429,6.71297
0.0782828,-0.108586,-0.734179,-0.730857,6.15811,6.57141
0.0833333,-0.108586,-0.712581,-0.709251,6.37669,6.65337
0.0883838,-0.108586,-0.669978,-0.666611,6.47811,6.66082
0.0934343,-0.108586,-0.677799,-0.674374,6.42795,6.94394
0.0984849,-0.108586,-0.657242,-0.653543,6.59016,7.33137
0.103535,-0.108586,-0.567534,-0.56392,7.02854,7.37607
0.108586,-0.108586,-0.488909,-0.48501,7.33017,7.74115
0.113636,-0.108586,-0.429231,-0.425518,7.31624,7.39097
0.118687,-0.108586,-0.365193,-0.361212,7.16306,7.7188
0.123737,-0.108586,-0.310831,-0.30718,7.0708,7.27177
0.128788,-0.108586,-0.242921,-0.239186,6.60682,7.34627
0.133838,-0.108586,-0.187016,-0.183523,6.40118,6.97374
0.138889,-0.108586,-0.189754,-0.186369,6.47626,6.71297
0.143939,-0.108586,-0.158173,-0.154883,6.10024,6.63847
0.14899,-0.108586,-0.116472,-0.113145,6.20408,6.63847
0.15404,-0.108586,-0.0818096,-0.078544,6.04369,6.60866
0.159091,-0.108586,-0.00329224,-0.000245869,5.53921,6.09457
0.164141,-0.108586,2.35104e-05,0.00289828,5.5185,5.87106
0.169192,-0.108586,0.0190893,0.0219196,5.19354,5.59539
0.174242,-0.108586,0.054126,0.0567734,4.86788,5.40912
0.179293,-0.108586,0.0901507,0.092417,4.22906,4.5225
0.184343,-0.108586,0.07968,0.0819117,4.14307,4.5225
0.189394,-0.108586,0.0761525,0.0781044,4.12438,3.89665
0.194444,-0.108586,0.0634164,0.06558,4.01906,4.36604
0.199495,-0.108586,0.063941,0.0660792,3.88696,4.14252
0.204545,-0.108586,0.0542017,0.0560805,3.82433,3.95626
0.209596,-0.108586,0.0502042,0.0521243,3.49448,3.89665
0.214646,-0.108586,0.0811108,0.0828504,3.03796,3.40491
0.219697,-0.108586,0.0764892,0.0777245,2.59068,2.55555
0.224747,-0.108586,0.0977144,0.0987202,2.01108,2.01166
0.229798,-0.108586,0.0929754,0.0937879,1.79957,1.79559
0.234848,-0.108586,0.102154,0.102714,1.09157,1.24425
0.239899,-0.108586,0.0990739,0.0993833,0.749447,0.700355
0.244949,-0.108586,0.0855547,0.0855327,-0.0777733,-0.0223517
0.25,-0.108586,0.0995066,0.0986829,-1.47759,-1.66148
-0.25,-0.103535,-0.43079,-0.421744,15.234,17.7734
-0.244949,-0.103535,-0.351726,-0.345018,11.406,13.236
-0.239899,-0.103535,-0.30512,-0.300083,8.51393,9.96888
-0.234848,-0.103535,-0.266763,-0.262938,6.45589,7.56979
-0.229798,-0.103535,-0.247274,-0.244103,5.31256,6.23614
-0.224747,-0.103535,-0.220912,-0.218429,4.12379,4.96581
-0.219697,-0.103535,-0.225511,-0.223827,2.86087,3.44217
-0.214646,-0.103535,-0.201371,-0.200104,2.16758,2.55182
-0.209596,-0.103535,-0.188742,-0.187881,1.37593,1.84402
-0.204545,-0.103535,-0.18429,-0.18362,1.02351,1.34483
-0.199495,-0.103535,-0.198474,-0.198595,-0.259438,-0.238419
-0.194444,-0.103535,-0.168693,-0.16892,-0.493358,-0.372529
-0.189394,-0.103535,-0.172929,-0.17323,-0.629094,-0.584871
-0.184343,-0.103535,-0.187922,-0.188585,-1.20834,-1.36346
-0.179293,-0.103535,-0.196324,-0.19706,-1.45134,-1.46776
-0.174242,-0.103535,-0.207776,-0.208776,-1.96914,-2.00793
-0.169192,-0.103535,-0.209412,-0.210483,-1.9852,-2.13087
-0.164141,-0.103535,-0.250601,-0.251979,-2.64579,-2.74926
-0.159091,-0.103535,-0.232998,-0.234462,-2.72409,-2.89828
-0.15404,-0.103535,-0.233844,-0.23545,-3.01476,-3.23355
-0.14899,-0.103535,-0.24583,-0.247668,-3.37663,-3.65823
-0.143939,-0.103535,-0.333546,-0.335626,-4.22133,-4.33624
-0.138889,-0.103535,-0.332475,-0.334889,-4.52401,-4.76092
-0.133838,-0.103535,-0.326704,-0.329174,-4.38291,-4.91738
-0.128788,-0.103535,-0.367078,-0.36972,-4.85553,-5.30481
-0.123737,-0.103535,-0.377107,-0.37992,-5.1171,-5.55068
-0.118687,-0.103535,-0.397474,-0.400454,-5.40339,-5.94556
-0.113636,-0.103535,-0.384349,-0.387251,-5.45987,-5.84871
-0.108586,-0.103535,-0.457907,-0.460863,-5.62787,-5.99027
-0.103535,-0.103535,-0.541904,-0.545107,-5.86326,-6.53416
-0.0984849,-0.103535,-0.57925,-0.582516,-6.1188,-6.52671
-0.0934343,-0.103535,-0.623727,-0.626832,-5.79916,-6.28084
-0.0883838,-0.103535,-0.613768,-0.616781,-5.62478,-6.17653
-0.0833333,-0.103535,-0.683726,-0.68672,-5.48588,-5.95301
-0.0782828,-0.103535,-0.711849,-0.714838,-5.55558,-5.99027
-0.0732323,-0.103535,-0.718539,-0.721157,-5.08186,-5.37187
-0.0681818,-0.103535,-0.737567,-0.740237,-4.83143,-5.23776
-0.0631313,-0.103535,-0.722926,-0.725329,-4.61535,-4.87268
-0.0580808,-0.103535,-0.746601,-0.748929,-4.23297,-4.64916
-0.0530303,-0.103535,-0.699205,-0.700833,-3.09312,-3.2708
-0.0479798,-0.103535,-0.745054,-0.746686,-3.095,-3.3211
-0.0429293,-0.103535,-0.890609,-0.892067,-2.70786,-2.94857
-0.0378788,-0.103535,-0.90808,-0.909293,-2.26332,-2.43075
-0.0328283,-0.103535,-0.948259,-0.949221,-1.82489,-1.9772
-0.0277778,-0.103535,-0.986454,-0.987248,-1.48135,-1.60094
-0.0227273,-0.103535,-1.03497,-1.03546,-0.927141,-1.02678
-0.0176768,-0.103535,-1.07738,-1.07759,-0.386274,-0.454835
-0.0126263,-0.103535,-1.07371,-1.07364,0.123792,0.103377
-0.00757576,-0.103535,-1.11235,-1.11215,0.337217,0.348315
-0.00252525,-0.103535,-1.09968,-1.09922,0.913025,0.890344
0.00252525,-0.103535,-1.09747,-1.09673,1.32523,1.44262
0.00757576,-0.103535,-1.08557,-1.08427,2.29578,2.56114
0.0126263,-0.103535,-1.09092,-1.08949,2.5811,2.76789
0.0176768,-0.103535,-1.1276,-1.12599,2.94712,3.12552
0.0227273,-0.103535,-1.05848,-1.05673,3.3992,3.43844
0.0277778,-0.103535,-1.11389,-1.11174,3.97808,4.22448
0.0328283,-0.103535,-1.09261,-1.0903,4.25149,4.57838
0.0378788,-0.103535,-1.05629,-1.05391,4.31818,4.71622
0.0429293,-0.103535,-0.958705,-0.956152,4.76094,5.14463
0.0479798,-0.103535,-0.924248,-0.921667,4.84205,5.21168
0.0530303,-0.103535,-0.854097,-0.851437,4.96234,5.33834
0.0580808,-0.103535,-0.831614,-0.828803,5.17193,5.62146
0.0631313,-0.103535,-0.817294,-0.814244,5.51954,5.95301
0.0681818,-0.103535,-0.768792,-0.76586,5.52117,5.85616
0.0732323,-0.103535,-0.770347,-0.766888,6.27285,6.79493
0.0782828,-0.103535,-0.743705,-0.740454,6.26428,6.52671
0.0833333,-0.103535,-0.7212,-0.717737,6.4948,6.96629
0.0883838,-0.103535,-0.680266,-0.676833,6.59347,6.83963
0.0934343,-0.103535,-0.687791,-0.684284,6.53217,6.99609
0.0984849,-0.103535,-0.664203,-0.660554,6.71575,7.17491
0.103535,-0.103535,-0.576725,-0.57295,7.14009,7.56234
0.108586,-0.103535,-0.496502,-0.492476,7.42476,7.89761
0.113636,-0.103535,-0.435513,-0.431359,7.42177,8.21799
0.118687,-0.103535,-0.375698,-0.372015,7.25461,7.56979
0.123737,-0.103535,-0.321418,-0.3177,7.16598,7.36862
0.128788,-0.103535,-0.253691,-0.250094,6.69431,7.14511
0.133838,-0.103535,-0.198537,-0.195168,6.50444,6.83963
0.138889,-0.103535,-0.200323,-0.19706,6.58422,6.55651
0.143939,-0.103535,-0.166567,-0.163078,6.24227,7.0259
0.14899,-0.103535,-0.124172,-0.120901,6.34151,6.48945
0.15404,-0.103535,-0.0973117,-0.0941828,5.98989,6.3777
0.159091,-0.103535,-0.0173211,-0.0143275,5.4575,5.95301
0.164141,-0.103535,-0.0147454,-0.0118464,5.45551,5.87106
0.169192,-0.103535,0.0100934,0.0127479,5.05202,5.52833
0.174242,-0.103535,0.0444077,0.0469014,4.73797,5.1707
0.179293,-0.103535,0.0805635,0.0827238,4.12503,4.29153
0.184343,-0.103535,0.0704553,0.0725985,4.02635,4.30644
0.189394,-0.103535,0.0664755,0.068672,4.00734,4.39584
0.194444,-0.103535,0.0584418,0.0604019,3.80776,4.02331
0.199495,-0.103535,0.0585209,0.0605062,3.70164,4.00096
0.204545,-0.103535,0.0495318,0.0514835,3.64187,4.09037
0.209596,-0.103535,0.045106,0.0467747,3.33713,3.44217
0.214646,-0.103535,0.0763542,0.0778288,2.89052,2.87592
0.219697,-0.103535,0.0723535,0.0737682,2.45138,2.76417
0.224747,-0.103535,0.0934395,0.0943467,1.89271,1.8701
0.229798,-0.103535,0.0891693,0.090085,1.69092,1.82539
0.234848,-0.103535,0.097666,0.0980869,0.937997,0.931322
0.239899,-0.103535,0.0956217,0.095889,0.603499,0.409782
0.244949,-0.103535,0.0826128,0.082396,-0.197167,-0.417232
0.25,-0.103535,0.0971517,0.0961795,-1.57733,-1.85519
-0.25,-0.0984849,-0.423418,-0.414334,15.253,17.8479
-0.244949,-0.0984849,-0.342581,-0.335887,11.4544,13.2173
-0.239899,-0.0984849,-0.294299,-0.28922,8.57901,10.0136
-0.234848,-0.0984849,-0.258374,-0.254657,6.4537,7.45803
-0.229798,-0.0984849,-0.239571,-0.236522,5.25051,6.10203
-0.224747,-0.0984849,-0.213115,-0.210714,4.08933,4.787
-0.219697,-0.0984849,-0.218734,-0.217095,2.78792,3.30061
-0.214646,-0.0984849,-0.196112,-0.194821,2.07563,2.5779
-0.209596,-0.0984849,-0.182748,-0.181947,1.31245,1.59442
-0.204545,-0.0984849,-0.178766,-0.17821,0.944673,1.11014
-0.199495,-0.0984849,-0.191961,-0.192203,-0.309708,-0.499189
-0.194444,-0.0984849,-0.163355,-0.163533,-0.563185,-0.327826
-0.189394,-0.0984849,-0.169316,-0.169631,-0.698872,-0.603497
-0.184343,-0.0984849,-0.185108,-0.18581,-1.28149,-1.34483
-0.179293,-0.0984849,-0.191285,-0.192031,-1.50424,-1.46404
-0.174242,-0.0984849,-0.2048,-0.205789,-2.0255,-1.98558
-0.169192,-0.0984849,-0.205365,-0.206485,-2.05698,-2.2091
-0.164141,-0.0984849,-0.247208,-0.248715,-2.69841,-2.93925
-0.159091,-0.0984849,-0.23023,-0.231761,-2.79463,-3.01376
-0.15404,-0.0984849,-0.230624,-0.23229,-3.07257,-3.27453
-0.14899,-0.0984849,-0.239149,-0.241004,-3.4489,-3.72902
-0.143939,-0.0984849,-0.299098,-0.301205,-4.05183,-4.21703
-0.138889,-0.0984849,-0.298672,-0.301011,-4.34058,-4.72367
-0.133838,-0.0984849,-0.289514,-0.291795,-4.21622,-4.58956
-0.128788,-0.0984849,-0.331147,-0.33357,-4.64451,-4.79817
-0.123737,-0.0984849,-0.338804,-0.341341,-4.92724,-5.13345
-0.118687,-0.0984849,-0.364049,-0.366747,-5.20345,-5.38677
-0.113636,-0.0984849,-0.351692,-0.354506,-5.27055,-5.58048
-0.108586,-0.0984849,-0.424286,-0.427268,-5.45369,-5.91576
-0.103535,-0.0984849,-0.47004,-0.473052,-5.58593,-5.98282
-0.0984849,-0.0984849,-0.51322,-0.516422,-5.84006,-6.25849
-0.0934343,-0.0984849,-0.55873,-0.561707,-5.52639,-5.8189
-0.0883838,-0.0984849,-0.556318,-0.559285,-5.39515,-5.91576
-0.0833333,-0.0984849,-0.59678,-0.599522,-5.21244,-5.55813
-0.0782828,-0.0984849,-0.630614,-0.633549,-5.30111,-5.79283
-0.0732323,-0.0984849,-0.640312,-0.642847,-4.79973,-5.08502
-0.0681818,-0.0984849,-0.658829,-0.661232,-4.56619,-4.85033
-0.0631313,-0.0984849,-0.644179,-0.646498,-4.32795,-4.63054
-0.0580808,-0.0984849,-0.667468,-0.669535,-3.94606,-4.2282
-0.0530303,-0.0984849,-0.620924,-0.622397,-2.79312,-2.98023
-0.0479798,-0.0984849,-0.664803,-0.666318,-2.81223,-3.0417
-0.0429293,-0.0984849,-0.808318,-0.809584,-2.39864,-2.51457
-0.0378788,-0.0984849,-0.835314,-0.83637,-1.92077,-2.14018
-0.0328283,-0.0984849,-0.875424,-0.876228,-1.52436,-1.63633
-0.0277778,-0.0984849,-0.912091,-0.912697,-1.15937,-1.22655
-0.0227273,-0.0984849,-0.960942,-0.961261,-0.609462,-0.674743
-0.0176768,-0.0984849,-1.00246,-1.00251,-0.0896624,-0.141328
-0.0126263,-0.0984849,-0.999655,-0.99942,0.436147,0.431202
-0.00757576,-0.0984849,-1.03797,-1.03762,0.681813,0.689179
-0.00252525,-0.0984849,-1.02716,-1.0265,1.23921,1.28057
0.00252525,-0.0984849,-1.05591,-1.05515,1.40554,1.50502
0.00757576,-0.0984849,-1.04477,-1.04352,2.37988,2.52947
0.0126263,-0.0984849,-1.05097,-1.04951,2.6786,2.88896
0.0176768,-0.0984849,-1.08636,-1.08474,3.03818,3.23728
0.0227273,-0.0984849,-1.01572,-1.01389,3.48617,3.62843
0.0277778,-0.0984849,-1.07126,-1.06909,4.06844,4.23938
0.0328283,-0.0984849,-1.0513,-1.04891,4.34892,4.66779
0.0378788,-0.0984849,-1.0125,-1.01016,4.43252,4.61563
0.0429293,-0.0984849,-0.915613,-0.912934,4.84258,5.27129
0.0479798,-0.0984849,-0.920856,-0.918254,4.80561,5.126
0.0530303,-0.0984849,-0.844419,-0.84189,5.0135,5.02169
0.0580808,-0.0984849,-0.823602,-0.820655,5.27317,5.86361
0.0631313,-0.0984849,-0.801891,-0.798918,5.64113,5.99027
0.0681818,-0.0984849,-0.786522,-0.783492,5.60093,5.99772
0.0732323,-0.0984849,-0.778452,-0.775143,6.37516,6.60866
0.0782828,-0.0984849,-0.753331,-0.749893,6.35576,6.76513
0.0833333,-0.0984849,-0.73099,-0.72746,6.58757,7.21216
0.0883838,-0.0984849,-0.689731,-0.686072,6.68835,7.21961
0.0934343,-0.0984849,-0.694986,-0.691391,6.64582,7.20471
0.0984849,-0.0984849,-0.673928,-0.670239,6.81789,7.39097
0.103535,-0.0984849,-0.579539,-0.575803,6.97082,7.34627
0.108586,-0.0984849,-0.498884,-0.495084,7.2585,7.57724
0.113636,-0.0984849,-0.434549,-0.430495,7.22005,8.00192
0.118687,-0.0984849,-0.374151,-0.37045,7.05066,7.33882
0.123737,-0.0984849,-0.319019,-0.315256,6.95235,7.45803
0.128788,-0.0984849,-0.251995,-0.248127,6.4859,7.61449
0.133838,-0.0984849,-0.195782,-0.192426,6.30197,6.71297
0.138889,-0.0984849,-0.198174,-0.194788,6.38248,6.87688
0.143939,-0.0984849,-0.164522,-0.161365,6.04353,6.40005
0.14899,-0.0984849,-0.122967,-0.119761,6.14358,6.44475
0.15404,-0.0984849,-0.0925517,-0.0894293,5.81493,6.31809
0.159091,-0.0984849,-0.0125922,-0.0095889,5.28087,5.84125
0.164141,-0.0984849,-0.0102549,-0.00752509,5.27552,5.55068
0.169192,-0.0984849,0.0138524,0.0165924,4.87873,5.33462
0.174242,-0.0984849,0.0492581,0.0516698,4.55706,4.88013
0.179293,-0.0984849,0.0841942,0.0863597,3.96928,4.29153
0.184343,-0.0984849,0.073409,0.0753328,3.87065,3.97116
0.189394,-0.0984849,0.0696195,0.0716597,3.86105,4.12017
0.194444,-0.0984849,0.0624101,0.064522,3.66675,4.10527
0.199495,-0.0984849,0.065553,0.0673383,3.50934,3.71784
0.204545,-0.0984849,0.0565976,0.0583678,3.40707,3.52412
0.209596,-0.0984849,0.0541817,0.0557452,3.07527,3.17395
0.214646,-0.0984849,0.0861584,0.0875667,2.66441,2.85357
0.219697,-0.0984849,0.0874779,0.088729,2.23716,2.47359
0.224747,-0.0984849,0.107884,0.108853,1.66509,1.8999
0.229798,-0.0984849,0.103908,0.104681,1.50616,1.55717
0.234848,-0.0984849,0.111993,0.112332,0.740423,0.789761
0.239899,-0.0984849,0.110123,0.110306,0.314883,0.476837
0.244949,-0.0984849,0.0973879,0.0970364,-0.434488,-0.596046
0.25,-0.0984849,0.107441,0.106543,-1.49611,-1.66148
-0.25,-0.0934343,-0.413765,-0.404589,15.4319,18.0677
-0.244949,-0.0934343,-0.335382,-0.328664,11.4098,13.3365
-0.239899,-0.0934343,-0.286747,-0.281755,8.56472,9.86084
-0.234848,-0.0934343,-0.253569,-0.24984,6.34939,7.40215
-0.229798,-0.0934343,-0.23084,-0.227828,5.2525,6.02007
-0.224747,-0.0934343,-0.207212,-0.204876,3.99317,4.66034
-0.219697,-0.0934343,-0.213136,-0.211541,2.69332,3.18885
-0.214646,-0.0934343,-0.190445,-0.189353,1.99143,2.20165
-0.209596,-0.0934343,-0.178456,-0.177726,1.22514,1.44169
-0.204545,-0.0934343,-0.15996,-0.159308,1.09926,1.35973
-0.199495,-0.0934343,-0.172883,-0.172868,-0.133535,-0.0223517
-0.194444,-0.0934343,-0.14502,-0.145204,-0.39772,-0.298023
-0.189394,-0.0934343,-0.149398,-0.149723,-0.525861,-0.607222
-0.184343,-0.0934343,-0.163062,-0.163641,-1.09735,-1.12876
-0.179293,-0.0934343,-0.17262,-0.173341,-1.32834,-1.37836
-0.174242,-0.0934343,-0.188183,-0.189088,-1.83877,-1.89245
-0.169192,-0.0934343,-0.186213,-0.187211,-1.86979,-1.93715
-0.164141,-0.0934343,-0.229737,-0.231102,-2.51421,-2.78279
-0.159091,-0.0934343,-0.211991,-0.213385,-2.61086,-2.71201
-0.15404,-0.0934343,-0.212158,-0.213787,-2.88473,-3.20375
-0.14899,-0.0934343,-0.222627,-0.224411,-3.24646,-3.54648
-0.143939,-0.0934343,-0.280525,-0.282545,-3.86075,-4.04939
-0.138889,-0.0934343,-0.278988,-0.281222,-4.12443,-4.41074
-0.133838,-0.0934343,-0.270942,-0.273027,-3.99614,-4.22075
-0.128788,-0.0934343,-0.314802,-0.31729,-4.44766,-4.67896
-0.123737,-0.0934343,-0.322877,-0.325553,-4.71509,-5.34207
-0.118687,-0.0934343,-0.353637,-0.356384,-5.02406,-5.51343
-0.113636,-0.0934343,-0.340655,-0.343531,-5.07937,-5.7593
-0.108586,-0.0934343,-0.376475,-0.379294,-5.11473,-5.64754
-0.103535,-0.0934343,-0.422594,-0.42545,-5.27102,-5.65499
-0.0984849,-0.0934343,-0.466399,-0.46929,-5.53915,-5.90831
-0.0934343,-0.0934343,-0.51344,-0.516254,-5.22694,-5.66989
-0.0883838,-0.0934343,-0.510743,-0.513613,-5.09842,-5.71087
-0.0833333,-0.0934343,-0.550489,-0.553191,-4.93644,-5.4054
-0.0782828,-0.0934343,-0.593462,-0.596181,-4.99242,-5.45382
-0.0732323,-0.0934343,-0.598867,-0.601273,-4.49237,-4.77955
-0.0681818,-0.0934343,-0.619831,-0.622049,-4.21784,-4.45917
-0.0631313,-0.0934343,-0.60392,-0.606094,-3.98565,-4.29153
-0.0580808,-0.0934343,-0.627506,-0.629425,-3.59157,-3.87803
-0.0530303,-0.0934343,-0.595426,-0.596892,-2.71329,-2.95415
-0.0479798,-0.0934343,-0.604204,-0.605693,-2.79553,-3.04542
-0.0429293,-0.0934343,-0.749854,-0.751117,-2.41957,-2.52575
-0.0378788,-0.0934343,-0.774545,-0.775557,-1.93809,-2.06381
-0.0328283,-0.0934343,-0.819126,-0.819916,-1.4986,-1.58697
-0.0277778,-0.0934343,-0.856511,-0.857117,-1.15628,-1.24052
-0.0227273,-0.0934343,-0.903568,-0.903894,-0.619671,-0.679633
-0.0176768,-0.0934343,-0.910851,-0.910986,-0.236445,-0.29357
-0.0126263,-0.0934343,-0.907094,-0.906955,0.260547,0.251923
-0.00757576,-0.0934343,-0.947519,-0.94726,0.487847,0.487547
-0.00252525,-0.0934343,-0.942859,-0.942282,1.09536,1.13621
0.00252525,-0.0934343,-0.971957,-0.971267,1.28188,1.35787
0.00757576,-0.0934343,-0.960226,-0.958979,2.25555,2.49036
0.0126263,-0.0934343,-0.966082,-0.964714,2.54797,2.69897
0.0176768,-0.0934343,-1.00169,-1.0001,2.91809,3.12179
0.0227273,-0.0934343,-0.932282,-0.930544,3.36165,3.43472
0.0277778,-0.0934343,-0.961729,-0.959743,3.68393,3.92646
0.0328283,-0.0934343,-0.935429,-0.933308,3.99191,4.20585
0.0378788,-0.0934343,-0.934685,-0.932537,3.93357,4.25428
0.0429293,-0.0934343,-0.83831,-0.835996,4.34273,4.59701
0.0479798,-0.0934343,-0.841667,-0.839278,4.30453,4.66779
0.0530303,-0.0934343,-0.764666,-0.762287,4.51713,4.69387
0.0580808,-0.0934343,-0.745429,-0.742886,4.76872,5.04777
0.0631313,-0.0934343,-0.723185,-0.720434,5.13423,5.4203
0.0681818,-0.0934343,-0.699043,-0.696372,5.1157,5.35324
0.0732323,-0.0934343,-0.693212,-0.689961,5.88088,6.42613
0.0782828,-0.0934343,-0.668296,-0.665132,5.86882,6.33672
0.0833333,-0.0934343,-0.645778,-0.642493,6.09377,6.53416
0.0883838,-0.0934343,-0.602191,-0.598766,6.20508,6.73532
0.0934343,-0.0934343,-0.609151,-0.605799,6.16174,6.71297
0.0984849,-0.0934343,-0.587029,-0.583641,6.32655,6.74277
0.103535,-0.0934343,-0.530208,-0.526577,6.56931,7.24941
0.108586,-0.0934343,-0.448881,-0.445344,6.6106,7.17491
0.113636,-0.0934343,-0.383846,-0.380427,6.56602,7.01845
0.118687,-0.0934343,-0.317785,-0.314273,6.36338,6.95884
0.123737,-0.0934343,-0.262298,-0.258774,6.29846,6.86198
0.128788,-0.0934343,-0.228452,-0.225298,6.00837,6.40005
0.133838,-0.0934343,-0.172787,-0.169657,5.82616,6.17653
0.138889,-0.0934343,-0.173602,-0.170417,5.89892,6.28829
0.143939,-0.0934343,-0.141402,-0.138357,5.56521,6.03497
0.14899,-0.0934343,-0.094698,-0.091657,5.62984,6.10203
0.15404,-0.0934343,-0.0643063,-0.0615939,5.28831,5.52833
0.159091,-0.0934343,0.0152508,0.0176877,4.75425,4.95464
0.164141,-0.0934343,0.0179984,0.0205934,4.72927,5.1707
0.169192,-0.0934343,0.0416401,0.0439361,4.35354,4.71622
0.174242,-0.0934343,0.07682,0.0790283,4.05138,4.4927
0.179293,-0.0934343,0.0875949,0.0895336,3.71886,3.8892
0.184343,-0.0934343,0.0763174,0.0781417,3.6346,3.64333
0.189394,-0.0934343,0.0744442,0.0764728,3.60316,3.919
0.194444,-0.0934343,0.0664402,0.068292,3.4293,3.69549
0.199495,-0.0934343,0.0692652,0.071004,3.29508,3.54648
0.204545,-0.0934343,0.0610459,0.0626892,3.18968,3.30806
0.209596,-0.0934343,0.0588805,0.0603944,2.84246,3.01003
0.214646,-0.0934343,0.0908586,0.092186,2.46879,2.71201
0.219697,-0.0934343,0.0921072,0.093244,2.05569,2.22772
0.224747,-0.0934343,0.112329,0.113122,1.48158,1.65403
0.229798,-0.0934343,0.108621,0.109278,1.24245,1.30385
0.234848,-0.0934343,0.117765,0.118047,0.578969,0.476837
0.239899,-0.0934343,0.116426,0.116453,0.133635,0.111759
0.244949,-0.0934343,0.104081,0.10366,-0.609762,-0.789761
0.25,-0.0934343,0.11356,0.112548,-1.72318,-1.9595
-0.25,-0.0883838,-0.403742,-0.394508,15.4519,18.2055
-0.244949,-0.0883838,-0.325728,-0.319079,11.3524,13.2248
-0.239899,-0.0883838,-0.276461,-0.271372,8.53489,10.0732
-0.234848,-0.0883838,-0.241451,-0.237804,6.3663,7.21961
-0.229798,-0.0883838,-0.221138,-0.218123,5.20044,5.99027
-0.224747,-0.0883838,-0.196911,-0.19455,3.97411,4.67524
-0.219697,-0.0883838,-0.189988,-0.188135,2.959,3.66196
-0.214646,-0.0883838,-0.168584,-0.167336,2.22166,2.48104
-0.209596,-0.0883838,-0.157416,-0.156634,1.45107,1.6652
-0.204545,-0.0883838,-0.13879,-0.138115,1.32616,1.46031
-0.199495,-0.0883838,-0.15787,-0.157844,0.0654106,0.130385
-0.194444,-0.0883838,-0.128392,-0.128381,-0.178747,0.111759
-0.189394,-0.0883838,-0.133268,-0.133347,-0.310722,-0.141561
-0.184343,-0.0883838,-0.148762,-0.149209,-0.88301,-0.845641
-0.179293,-0.0883838,-0.158301,-0.158809,-1.10855,-0.983477
-0.174242,-0.0883838,-0.170814,-0.171717,-1.60616,-1.73226
-0.169192,-0.0883838,-0.172196,-0.173055,-1.63774,-1.73599
-0.164141,-0.0883838,-0.216039,-0.217263,-2.31305,-2.47732
-0.159091,-0.0883838,-0.200575,-0.201847,-2.40506,-2.47732
-0.15404,-0.0883838,-0.199876,-0.20124,-2.67616,-2.70456
-0.14899,-0.0883838,-0.211548,-0.213139,-3.01075,-3.18512
-0.143939,-0.0883838,-0.263983,-0.265986,-3.64247,-3.95998
-0.138889,-0.0883838,-0.266938,-0.269014,-3.92448,-4.13135
-0.133838,-0.0883838,-0.260957,-0.262938,-3.78878,-3.98979
-0.128788,-0.0883838,-0.302839,-0.305261,-4.25243,-4.80935
-0.123737,-0.0883838,-0.311664,-0.314072,-4.49931,-4.83543
-0.118687,-0.0883838,-0.341917,-0.344515,-4.78158,-5.1558
-0.113636,-0.0883838,-0.327823,-0.330456,-4.85956,-5.23031
-0.108586,-0.0883838,-0.368751,-0.371344,-4.89176,-5.23776
-0.103535,-0.0883838,-0.414343,-0.417113,-5.05221,-5.53578
-0.0984849,-0.0883838,-0.45817,-0.461102,-5.32041,-5.87106
-0.0934343,-0.0883838,-0.504223,-0.506852,-5.02994,-5.30481
-0.0883838,-0.0883838,-0.503045,-0.505731,-4.89409,-5.21168
-0.0833333,-0.0883838,-0.541378,-0.543799,-4.73773,-4.92483
-0.0782828,-0.0883838,-0.583526,-0.586145,-4.79674,-5.27874
-0.0732323,-0.0883838,-0.591374,-0.593625,-4.26054,-4.5225
-0.0681818,-0.0883838,-0.621588,-0.623886,-4.30282,-4.60446
-0.0631313,-0.0883838,-0.606291,-0.608429,-4.03264,-4.28408
-0.0580808,-0.0883838,-0.6296,-0.631526,-3.62468,-3.83332
-0.0530303,-0.0883838,-0.599606,-0.601103,-2.76818,-3.00631
-0.0479798,-0.0883838,-0.607002,-0.608472,-2.85092,-2.98582
-0.0429293,-0.0883838,-0.75412,-0.75544,-2.43805,-2.63005
-0.0378788,-0.0883838,-0.778413,-0.779458,-1.96988,-2.16998
-0.0328283,-0.0883838,-0.823441,-0.824265,-1.54966,-1.69128
-0.0277778,-0.0883838,-0.862735,-0.863331,-1.16735,-1.22096
-0.0227273,-0.0883838,-0.911932,-0.912259,-0.629384,-0.703614
-0.0176768,-0.0883838,-0.918536,-0.918669,-0.278659,-0.303902
-0.0126263,-0.0883838,-0.913855,-0.913701,0.26004,0.266358
-0.00757576,-0.0883838,-0.953611,-0.953346,0.482152,0.496395
-0.00252525,-0.0883838,-0.947121,-0.946532,1.07558,1.1269
0.00252525,-0.0883838,-0.976869,-0.976202,1.27602,1.30944
0.00757576,-0.0883838,-0.965957,-0.964716,2.26807,2.41026
0.0126263,-0.0883838,-0.971369,-0.969993,2.55048,2.7623
0.0176768,-0.0883838,-1.00789,-1.00634,2.90492,3.08268
0.0227273,-0.0883838,-0.93583,-0.934079,3.38488,3.54648
0.0277778,-0.0883838,-0.967962,-0.965975,3.70273,3.94881
0.0328283,-0.0883838,-0.942689,-0.940524,3.99254,4.30271
0.0378788,-0.0883838,-0.940623,-0.938475,3.9253,4.19468
0.0429293,-0.0883838,-0.844657,-0.842381,4.33201,4.57093
0.0479798,-0.0883838,-0.846568,-0.844285,4.31491,4.58211
0.0530303,-0.0883838,-0.77132,-0.768885,4.5129,4.8019
0.0580808,-0.0883838,-0.751664,-0.749234,4.75553,4.90248
0.0631313,-0.0883838,-0.726414,-0.723597,5.13959,5.58421
0.0681818,-0.0883838,-0.704878,-0.70215,5.14664,5.43892
0.0732323,-0.0883838,-0.699308,-0.696234,5.90295,6.19143
0.0782828,-0.0883838,-0.672867,-0.669736,5.8954,6.23986
0.0833333,-0.0883838,-0.649263,-0.645995,6.12922,6.56396
0.0883838,-0.0883838,-0.607574,-0.604324,6.24357,6.54906
0.0934343,-0.0883838,-0.614546,-0.611201,6.18845,6.64592
0.0984849,-0.0883838,-0.592022,-0.588581,6.35304,6.87688
0.103535,-0.0883838,-0.536532,-0.532858,6.60269,7.26432
0.108586,-0.0883838,-0.455732,-0.452228,6.63636,7.16001
0.113636,-0.0883838,-0.390517,-0.387065,6.59308,6.81728
0.118687,-0.0883838,-0.325492,-0.322089,6.39513,6.91414
0.123737,-0.0883838,-0.264985,-0.261441,6.30887,6.95139
0.128788,-0.0883838,-0.231741,-0.228479,6.02219,6.50436
0.133838,-0.0883838,-0.175296,-0.172093,5.83371,6.41495
0.138889,-0.0883838,-0.176096,-0.172779,5.90672,6.60866
0.143939,-0.0883838,-0.143393,-0.140406,5.57156,5.89341
0.14899,-0.0883838,-0.0957576,-0.0927597,5.61288,6.02007
0.15404,-0.0883838,-0.0659239,-0.0630915,5.28242,5.72205
0.159091,-0.0883838,0.0133404,0.015974,4.74624,5.23031
0.164141,-0.0883838,0.0152089,0.01771,4.74862,5.126
0.169192,-0.0883838,0.0393277,0.0416413,4.35893,4.58956
0.174242,-0.0883838,0.0740235,0.0762418,4.07453,4.32134
0.179293,-0.0883838,0.0847228,0.0867248,3.74051,3.9041
0.184343,-0.0883838,0.0739018,0.0758618,3.6618,3.92646
0.189394,-0.0883838,0.0726161,0.0745356,3.61689,3.93391
0.194444,-0.0883838,0.0648394,0.0666305,3.44681,3.61353
0.199495,-0.0883838,0.067736,0.0695214,3.29781,3.67314
0.204545,-0.0883838,0.0594797,0.061132,3.22024,3.47942
0.209596,-0.0883838,0.0571011,0.0587031,2.88584,3.24845
0.214646,-0.0883838,0.0907135,0.0920221,2.48695,2.63005
0.219697,-0.0883838,0.0917313,0.0928566,2.03077,2.26498
0.224747,-0.0883838,0.112722,0.113405,1.49357,1.43051
0.229798,-0.0883838,0.109498,0.110112,1.26568,1.21444
0.234848,-0.0883838,0.118601,0.118896,0.608474,0.491738
0.239899,-0.0883838,0.118687,0.118807,0.197616,0.245869
0.244949,-0.0883838,0.107144,0.106774,-0.576524,-0.663102
0.25,-0.0883838,0.115545,0.114523,-1.7419,-1.9446
-0.25,-0.0833333,-0.393751,-0.384521,15.4695,18.1794
-0.244949,-0.0833333,-0.318141,-0.311524,11.2057,13.1167
-0.239899,-0.0833333,-0.266183,-0.261169,8.518,9.9428
-0.234848,-0.0833333,-0.231309,-0.227522,6.32596,7.46176
-0.229798,-0.0833333,-0.213937,-0.210952,5.06241,5.94929
-0.224747,-0.0833333,-0.188303,-0.186056,3.88376,4.51505
-0.219697,-0.0833333,-0.183519,-0.181876,2.84363,3.28571
-0.214646,-0.0833333,-0.162811,-0.161607,2.09662,2.41399
-0.209596,-0.0833333,-0.153209,-0.152294,1.31957,1.79559
-0.204545,-0.0833333,-0.134999,-0.13436,1.19021,1.29268
-0.199495,-0.0833333,-0.151937,-0.151835,-0.0441011,0.167638
-0.194444,-0.0833333,-0.123752,-0.123885,-0.29274,-0.361353
-0.189394,-0.0833333,-0.130046,-0.130184,-0.432538,-0.301748
-0.184343,-0.0833333,-0.143347,-0.143826,-0.993837,-1.03936
-0.179293,-0.0833333,-0.150065,-0.150681,-1.20313,-1.19209
-0.174242,-0.0833333,-0.166682,-0.167545,-1.70369,-1.71363
-0.169192,-0.0833333,-0.166672,-0.167571,-1.71526,-1.67638
-0.164141,-0.0833333,-0.211743,-0.213001,-2.38285,-2.49594
-0.159091,-0.0833333,-0.194668,-0.19601,-2.47749,-2.65241
-0.15404,-0.0833333,-0.194653,-0.196133,-2.7519,-2.8424
-0.14899,-0.0833333,-0.212743,-0.214349,-3.1437,-3.28198
-0.143939,-0.0833333,-0.269558,-0.271607,-3.79221,-4.18723
-0.138889,-0.0833333,-0.270029,-0.272032,-4.0745,-4.03076
-0.133838,-0.0833333,-0.264311,-0.26634,-3.92783,-4.11645
-0.128788,-0.0833333,-0.305131,-0.307508,-4.38354,-4.72367
-0.123737,-0.0833333,-0.315594,-0.317983,-4.65138,-4.77582
-0.118687,-0.0833333,-0.346598,-0.349268,-4.93152,-5.24521
-0.113636,-0.0833333,-0.33559,-0.33839,-4.99494,-5.56558
-0.108586,-0.0833333,-0.375566,-0.378363,-5.02915,-5.47618
-0.103535,-0.0833333,-0.422622,-0.425339,-5.15644,-5.50598
-0.0984849,-0.0833333,-0.467014,-0.469834,-5.42808,-5.73695
-0.0934343,-0.0833333,-0.512434,-0.515178,-5.13658,-5.47245
-0.0883838,-0.0833333,-0.511778,-0.514422,-5.01729,-5.30481
-0.0833333,-0.0833333,-0.55214,-0.554711,-4.84721,-5.18188
-0.0782828,-0.0833333,-0.592483,-0.595007,-4.91296,-5.09247
-0.0732323,-0.0833333,-0.598703,-0.601061,-4.37807,-4.74974
-0.0681818,-0.0833333,-0.630367,-0.632662,-4.37661,-4.57838
-0.0631313,-0.0833333,-0.614233,-0.616427,-4.15995,-4.36976
-0.0580808,-0.0833333,-0.638729,-0.640668,-3.73773,-3.9041
-0.0530303,-0.0833333,-0.608396,-0.609914,-2.85587,-3.00817
-0.0479798,-0.0833333,-0.616363,-0.617957,-2.937,-3.17208
-0.0429293,-0.0833333,-0.764483,-0.765771,-2.52957,-2.60584
-0.0378788,-0.0833333,-0.789401,-0.790462,-2.04309,-2.16998
-0.0328283,-0.0833333,-0.832615,-0.833453,-1.61216,-1.71177
-0.0277778,-0.0833333,-0.873118,-0.873787,-1.25213,-1.36718
-0.0227273,-0.0833333,-0.923736,-0.924109,-0.727167,-0.752509
-0.0176768,-0.0833333,-0.930498,-0.93068,-0.373462,-0.392087
-0.0126263,-0.0833333,-0.924297,-0.924202,0.152194,0.157859
-0.00757576,-0.0833333,-0.963329,-0.963119,0.376143,0.380911
-0.00252525,-0.0833333,-0.93169,-0.931252,0.796303,0.835396
0.00252525,-0.0833333,-0.954759,-0.954215,1.02521,1.05891
0.00757576,-0.0833333,-0.94103,-0.939956,2.03394,2.11596
0.0126263,-0.0833333,-0.947597,-0.946354,2.33488,2.47173
0.0176768,-0.0833333,-0.982851,-0.981403,2.71736,2.8722
0.0227273,-0.0833333,-0.913599,-0.911858,3.17365,3.39001
0.0277778,-0.0833333,-0.945928,-0.944115,3.47912,3.66569
0.0328283,-0.0833333,-0.919714,-0.917658,3.78916,4.09037
0.0378788,-0.0833333,-0.919389,-0.917386,3.71813,3.91528
0.0429293,-0.0833333,-0.820971,-0.818778,4.13175,4.38094
0.0479798,-0.0833333,-0.8241,-0.821937,4.09166,4.35114
0.0530303,-0.0833333,-0.748919,-0.746701,4.29089,4.49642
0.0580808,-0.0833333,-0.72385,-0.721384,4.56049,4.92111
0.0631313,-0.0833333,-0.69998,-0.697341,4.93999,5.21913
0.0681818,-0.0833333,-0.679305,-0.676606,4.93437,5.33089
0.0732323,-0.0833333,-0.670846,-0.66784,5.70306,6.09085
0.0782828,-0.0833333,-0.64421,-0.641126,5.69585,6.13928
0.0833333,-0.0833333,-0.621291,-0.618041,5.92474,6.37397
0.0883838,-0.0833333,-0.579672,-0.576332,6.02523,6.65337
0.0934343,-0.0833333,-0.585669,-0.582464,5.9803,6.40005
0.0984849,-0.0833333,-0.564818,-0.561528,6.15562,6.59376
0.103535,-0.0833333,-0.510072,-0.506654,6.38946,6.96629
0.108586,-0.0833333,-0.425508,-0.422224,6.18352,6.57886
0.113636,-0.0833333,-0.361617,-0.358343,6.14144,6.44475
0.118687,-0.0833333,-0.296671,-0.293449,5.94862,6.41495
0.123737,-0.0833333,-0.236176,-0.233106,5.86891,6.10203
0.128788,-0.0833333,-0.202274,-0.199273,5.58344,5.93066
0.133838,-0.0833333,-0.146166,-0.143327,5.39523,5.61029
0.138889,-0.0833333,-0.147019,-0.144124,5.46933,5.79655
0.143939,-0.0833333,-0.110448,-0.107735,5.09857,5.38677
0.14899,-0.0833333,-0.0929853,-0.0901371,5.35765,5.71459
0.15404,-0.0833333,-0.0623671,-0.059694,5.01734,5.42402
0.159091,-0.0833333,0.0173981,0.0196397,4.47626,4.51505
0.164141,-0.0833333,0.0195738,0.0220165,4.46332,4.84288
0.169192,-0.0833333,0.0414614,0.0435859,4.11736,4.35859
0.174242,-0.0833333,0.0774014,0.0795051,3.81653,4.20958
0.179293,-0.0833333,0.0879641,0.089772,3.49144,3.65823
0.184343,-0.0833333,0.0775809,0.0794157,3.40067,3.74764
0.189394,-0.0833333,0.0756809,0.0774413,3.38371,3.56883
0.194444,-0.0833333,0.0681984,0.069879,3.24208,3.44217
0.199495,-0.0833333,0.0717493,0.073269,3.05637,3.1516
0.204545,-0.0833333,0.0633614,0.0648573,2.98106,3.03984
0.209596,-0.0833333,0.060315,0.061743,2.66642,2.89083
0.214646,-0.0833333,0.0951699,0.0963584,2.27573,2.34693
0.219697,-0.0833333,0.0962742,0.0971928,1.81555,1.83284
0.224747,-0.0833333,0.117526,0.118211,1.30264,1.33365
0.229798,-0.0833333,0.113715,0.11427,1.01654,1.12504
0.234848,-0.0833333,0.123876,0.12403,0.420327,0.290573
0.239899,-0.0833333,0.12644,0.126444,-0.0204021,-0.0223517
0.244949,-0.0833333,0.114624,0.114202,-0.772134,-0.678003
0.25,-0.0833333,0.123221,0.121906,-1.96006,-2.33203
-0.25,-0.0782828,-0.396778,-0.387426,15.6868,18.3918
-0.244949,-0.0782828,-0.321701,-0.315029,11.2692,13.1652
-0.239899,-0.0782828,-0.269907,-0.264864,8.5989,9.98005
-0.234848,-0.0782828,-0.228507,-0.224616,6.61216,7.689
-0.229798,-0.0782828,-0.220265,-0.217259,5.0603,5.95674
-0.224747,-0.0782828,-0.194874,-0.192571,3.90303,4.57838
-0.219697,-0.0782828,-0.189237,-0.187427,2.88176,3.5949
-0.214646,-0.0782828,-0.168887,-0.167616,2.12742,2.55555
-0.209596,-0.0782828,-0.155695,-0.154927,1.41049,1.57207
-0.204545,-0.0782828,-0.140053,-0.139344,1.24356,1.42306
-0.199495,-0.0782828,-0.15868,-0.158574,-0.0013719,0.100583
-0.194444,-0.0782828,-0.13231,-0.132356,-0.265268,-0.0521541
-0.189394,-0.0782828,-0.136948,-0.137154,-0.389323,-0.365078
-0.184343,-0.0782828,-0.132411,-0.132758,-0.68888,-0.666827
-0.179293,-0.0782828,-0.125423,-0.125907,-0.998913,-0.987202
-0.174242,-0.0782828,-0.138711,-0.139546,-1.48051,-1.72481
-0.169192,-0.0782828,-0.139871,-0.140693,-1.48815,-1.60933
-0.164141,-0.0782828,-0.190053,-0.191249,-2.1731,-2.33948
-0.159091,-0.0782828,-0.171399,-0.172567,-2.27364,-2.32086
-0.15404,-0.0782828,-0.173278,-0.174589,-2.54473,-2.67848
-0.14899,-0.0782828,-0.190343,-0.191879,-2.92577,-3.14042
-0.143939,-0.0782828,-0.24525,-0.247005,-3.56365,-3.65451
-0.138889,-0.0782828,-0.246456,-0.24851,-3.84126,-4.08664
-0.133838,-0.0782828,-0.241476,-0.243481,-3.71038,-3.98233
-0.128788,-0.0782828,-0.284745,-0.286985,-4.16084,-4.47035
-0.123737,-0.0782828,-0.296008,-0.298418,-4.42444,-4.90248
-0.118687,-0.0782828,-0.323881,-0.326395,-4.72246,-5.20796
-0.113636,-0.0782828,-0.315234,-0.317842,-4.76812,-5.27501
-0.108586,-0.0782828,-0.355515,-0.358202,-4.80926,-5.27501
-0.103535,-0.0782828,-0.404028,-0.406593,-4.91929,-5.13345
-0.0984849,-0.0782828,-0.448703,-0.451557,-5.19254,-5.61029
-0.0934343,-0.0782828,-0.494167,-0.496879,-4.89715,-5.37187
-0.0883838,-0.0782828,-0.492789,-0.495419,-4.77766,-5.23403
-0.0833333,-0.0782828,-0.531819,-0.534374,-4.61796,-5.02542
-0.0782828,-0.0782828,-0.571751,-0.574123,-4.65377,-4.79817
-0.0732323,-0.0782828,-0.578431,-0.580616,-4.14251,-4.42564
-0.0681818,-0.0782828,-0.573778,-0.576027,-4.17863,-4.39957
-0.0631313,-0.0782828,-0.558107,-0.560272,-3.92249,-4.28036
-0.0580808,-0.0782828,-0.581573,-0.583418,-3.52358,-3.71039
-0.0530303,-0.0782828,-0.55213,-0.553537,-2.64151,-2.86847
-0.0479798,-0.0782828,-0.561175,-0.562647,-2.69808,-2.91131
-0.0429293,-0.0782828,-0.674579,-0.675848,-2.36842,-2.59839
-0.0378788,-0.0782828,-0.720509,-0.721682,-2.15202,-2.35438
-0.0328283,-0.0782828,-0.765094,-0.766021,-1.73226,-1.85333
-0.0277778,-0.0782828,-0.807289,-0.808005,-1.36679,-1.46031
-0.0227273,-0.0782828,-0.857054,-0.857502,-0.850291,-0.927597
-0.0176768,-0.0782828,-0.862809,-0.863083,-0.495493,-0.569737
-0.0126263,-0.0782828,-0.825785,-0.825852,-0.144483,-0.156637
-0.00757576,-0.0782828,-0.864124,-0.864085,0.079753,0.0540167
-0.00252525,-0.0782828,-0.831057,-0.830816,0.480141,0.473112
0.00252525,-0.0782828,-0.856492,-0.8561,0.712683,0.759028
0.00757576,-0.0782828,-0.840551,-0.8396,1.7308,1.86451
0.0126263,-0.0782828,-0.84568,-0.844572,2.03678,2.14949
0.0176768,-0.0782828,-0.883395,-0.88205,2.40392,2.61888
0.0227273,-0.0782828,-0.815763,-0.814289,2.88091,2.95974
0.0277778,-0.0782828,-0.847137,-0.845414,3.18809,3.41609
0.0328283,-0.0782828,-0.821501,-0.819582,3.49064,3.73647
0.0378788,-0.0782828,-0.819318,-0.817478,3.43268,3.62098
0.0429293,-0.0782828,-0.723762,-0.721741,3.84073,3.97116
0.0479798,-0.0782828,-0.726004,-0.723995,3.79784,3.98606
0.0530303,-0.0782828,-0.648577,-0.646491,4.00871,4.10899
0.0580808,-0.0782828,-0.624465,-0.622272,4.2708,4.48897
0.0631313,-0.0782828,-0.601878,-0.599436,4.63955,4.87268
0.0681818,-0.0782828,-0.578661,-0.576172,4.65649,4.96581
0.0732323,-0.0782828,-0.571036,-0.568174,5.42323,5.74067
0.0782828,-0.0782828,-0.543923,-0.541139,5.40849,5.61401
0.0833333,-0.0782828,-0.556623,-0.553627,5.64268,5.89341
0.0883838,-0.0782828,-0.51459,-0.511535,5.75341,6.03497
0.0934343,-0.0782828,-0.521188,-0.518117,5.70834,6.10948
0.0984849,-0.0782828,-0.501438,-0.498369,5.86626,6.19888
0.103535,-0.0782828,-0.480497,-0.477128,6.20171,6.67572
0.108586,-0.0782828,-0.395984,-0.39269,5.99142,6.54906
0.113636,-0.0782828,-0.332267,-0.329144,5.95394,6.34044
0.118687,-0.0782828,-0.266014,-0.262901,5.75989,6.16163
0.123737,-0.0782828,-0.206056,-0.202894,5.68016,6.3926
0.128788,-0.0782828,-0.171893,-0.169002,5.39878,5.79655
0.133838,-0.0782828,-0.147331,-0.1444,5.39054,5.8189
0.138889,-0.0782828,-0.147496,-0.144601,5.47188,5.86361
0.143939,-0.0782828,-0.110507,-0.107884,5.09894,5.43892
0.14899,-0.0782828,-0.0997722,-0.0970364,5.17906,5.63264
0.15404,-0.0782828,-0.068972,-0.066407,4.82983,5.21541
0.159091,-0.0782828,0.0102873,0.0125468,4.29792,4.38094
0.164141,-0.0782828,0.0114145,0.013724,4.30669,4.63426
0.169192,-0.0782828,0.0347893,0.0369474,3.9514,4.32879
0.174242,-0.0782828,0.0710963,0.0729561,3.64409,3.93391
0.179293,-0.0782828,0.0820067,0.0840649,3.32751,4.06057
0.184343,-0.0782828,0.071355,0.0730902,3.232,3.45707
0.189394,-0.0782828,0.0696163,0.0712126,3.22167,3.2559
0.194444,-0.0782828,0.0624237,0.0640154,3.06162,3.2261
0.199495,-0.0782828,0.0652688,0.0666454,2.9045,2.77907
0.204545,-0.0782828,0.0566904,0.0581741,2.82958,2.94298
0.209596,-0.0782828,0.0557428,0.0569597,2.51639,2.5332
0.214646,-0.0782828,0.0901574,0.0912398,2.14457,2.25008
0.219697,-0.0782828,0.0918922,0.0927746,1.68355,1.76579
0.224747,-0.0782828,0.112999,0.113606,1.18612,1.3113
0.229798,-0.0782828,0.109994,0.110388,0.880695,0.827014
0.234848,-0.0782828,0.119351,0.119507,0.271076,0.268221
0.239899,-0.0782828,0.122755,0.122614,-0.133706,-0.238419
0.244949,-0.0782828,0.110963,0.110574,-0.891058,-0.715256
0.25,-0.0782828,0.119862,0.118732,-2.10497,-2.10851
-0.25,-0.0732323,-0.386868,-0.377566,15.6955,18.3396
-0.244949,-0.0732323,-0.304244,-0.297498,11.5288,13.3105
-0.239899,-0.0732323,-0.262002,-0.257023,8.48327,9.88319
-0.234848,-0.0732323,-0.220168,-0.216331,6.51281,7.59587
-0.229798,-0.0732323,-0.211113,-0.208162,4.994,5.86733
-0.224747,-0.0732323,-0.184405,-0.182211,3.8848,4.35486
-0.219697,-0.0732323,-0.18194,-0.18033,2.78418,3.22238
-0.214646,-0.0732323,-0.15741,-0.156142,2.1099,2.51085
-0.209596,-0.0732323,-0.14735,-0.146475,1.34515,1.70246
-0.204545,-0.0732323,-0.131809,-0.131108,1.17089,1.39326
-0.199495,-0.0732323,-0.152382,-0.152402,-0.0776461,0.0335276
-0.194444,-0.0732323,-0.127809,-0.127986,-0.356446,-0.372529
-0.189394,-0.0732323,-0.12962,-0.129811,-0.450018,-0.350177
-0.184343,-0.0732323,-0.126459,-0.126798,-0.755966,-0.718981
-0.179293,-0.0732323,-0.117304,-0.117753,-1.05421,-1.00955
-0.174242,-0.0732323,-0.131911,-0.132669,-1.54728,-1.49012
-0.169192,-0.0732323,-0.133983,-0.1348,-1.54999,-1.58325
-0.164141,-0.0732323,-0.185917,-0.187121,-2.23027,-2.32086
-0.159091,-0.0732323,-0.168292,-0.169534,-2.33041,-2.44379
-0.15404,-0.0732323,-0.170245,-0.171561,-2.591,-2.63378
-0.14899,-0.0732323,-0.184922,-0.186477,-2.96575,-3.09944
-0.143939,-0.0732323,-0.243034,-0.24505,-3.60939,-3.88548
-0.138889,-0.0732323,-0.246476,-0.248563,-3.88492,-4.18723
-0.133838,-0.0732323,-0.238009,-0.240013,-3.77238,-4.14252
-0.128788,-0.0732323,-0.282694,-0.284921,-4.21379,-4.47035
-0.123737,-0.0732323,-0.295321,-0.297718,-4.47453,-4.77582
-0.118687,-0.0732323,-0.323573,-0.326142,-4.77698,-5.1111
-0.113636,-0.0732323,-0.313785,-0.316292,-4.82959,-5.04404
-0.108586,-0.0732323,-0.356064,-0.358596,-4.85008,-5.07384
-0.103535,-0.0732323,-0.403305,-0.405818,-4.96342,-5.17815
-0.0984849,-0.0732323,-0.449473,-0.452265,-5.21278,-5.61029
-0.0934343,-0.0732323,-0.460509,-0.463128,-4.86243,-5.17443
-0.0883838,-0.0732323,-0.45841,-0.460923,-4.72047,-5.05149
-0.0833333,-0.0732323,-0.497202,-0.499744,-4.57519,-4.97699
-0.0782828,-0.0732323,-0.538425,-0.540983,-4.62919,-5.06639
-0.0732323,-0.0732323,-0.543978,-0.54615,-4.10477,-4.35114
-0.0681818,-0.0732323,-0.538774,-0.541035,-4.1464,-4.48897
-0.0631313,-0.0732323,-0.522429,-0.524621,-3.89675,-4.36604
-0.0580808,-0.0732323,-0.54768,-0.549577,-3.48723,-3.78862
-0.0530303,-0.0732323,-0.515936,-0.517264,-2.59276,-2.71015
-0.0479798,-0.0732323,-0.526421,-0.527784,-2.65041,-2.7921
-0.0429293,-0.0732323,-0.607334,-0.608619,-2.4182,-2.54251
-0.0378788,-0.0732323,-0.652682,-0.653882,-2.2189,-2.40654
-0.0328283,-0.0732323,-0.699,-0.699977,-1.78229,-1.9744
-0.0277778,-0.0732323,-0.740493,-0.741246,-1.42212,-1.51806
-0.0227273,-0.0732323,-0.790962,-0.791441,-0.877997,-0.970438
-0.0176768,-0.0732323,-0.796271,-0.796552,-0.534977,-0.610016
-0.0126263,-0.0732323,-0.758246,-0.758335,-0.185114,-0.209489
-0.00757576,-0.0732323,-0.797827,-0.797806,0.041516,0.0182772
-0.00252525,-0.0732323,-0.765522,-0.765307,0.438005,0.400469
0.00252525,-0.0732323,-0.759317,-0.759075,0.451245,0.480562
0.00757576,-0.0732323,-0.719311,-0.718644,1.2474,1.31223
0.0126263,-0.0732323,-0.726265,-0.725409,1.54602,1.6829
0.0176768,-0.0732323,-0.761723,-0.760686,1.90464,2.04705
0.0227273,-0.0732323,-0.694813,-0.693561,2.38038,2.52388
0.0277778,-0.0732323,-0.725295,-0.723867,2.70759,2.79024
0.0328283,-0.0732323,-0.700551,-0.698939,3.01332,3.18512
0.0378788,-0.0732323,-0.699578,-0.697982,2.94447,3.1516
0.0429293,-0.0732323,-0.603008,-0.601236,3.34846,3.55206
0.0479798,-0.0732323,-0.603269,-0.601515,3.32307,3.56138
0.0530303,-0.0732323,-0.528118,-0.526246,3.53977,3.67686
0.0580808,-0.0732323,-0.538629,-0.536632,3.7204,3.93391
0.0631313,-0.0732323,-0.512952,-0.51073,4.10089,4.42937
0.0681818,-0.0732323,-0.490553,-0.4884,4.10695,4.33251
0.0732323,-0.0732323,-0.472604,-0.470072,4.62334,4.99561
0.0782828,-0.0732323,-0.44606,-0.443686,4.60462,4.8615
0.0833333,-0.0732323,-0.45777,-0.455167,4.83939,5.23031
0.0883838,-0.0732323,-0.40838,-0.405874,4.69572,5.01424
0.0934343,-0.0732323,-0.416753,-0.414252,4.64104,5.03287
0.0984849,-0.0732323,-0.395717,-0.393286,4.80563,4.8615
0.103535,-0.0732323,-0.405947,-0.403188,4.9889,5.5097
0.108586,-0.0732323,-0.321639,-0.318982,4.78117,5.27874
0.113636,-0.0732323,-0.25681,-0.254326,4.74493,5.08875
0.118687,-0.0732323,-0.191634,-0.189245,4.55656,4.8019
0.123737,-0.0732323,-0.130554,-0.128184,4.47305,4.8317
0.128788,-0.0732323,-0.0974369,-0.0952706,4.19196,4.31389
0.133838,-0.0732323,-0.072641,-0.0705607,4.18483,4.2282
0.138889,-0.0732323,-0.0723068,-0.0700504,4.25063,4.45917
0.143939,-0.0732323,-0.0348436,-0.0328012,3.88763,3.93763
0.14899,-0.0732323,-0.025449,-0.0233352,3.9758,4.20585
0.15404,-0.0732323,-0.0223631,-0.0202917,3.84738,4.19468
0.159091,-0.0732323,0.0313085,0.0331961,3.52718,3.82587
0.164141,-0.0732323,0.0321641,0.0340492,3.55765,3.86685
0.169192,-0.0732323,0.05588,0.0576749,3.18683,3.56883
0.174242,-0.0732323,0.0922679,0.093922,2.88005,3.15905
0.179293,-0.0732323,0.104296,0.105694,2.55014,2.72691
0.184343,-0.0732323,0.0933675,0.0946894,2.47722,2.60398
0.189394,-0.0732323,0.0910517,0.0924803,2.48477,2.76789
0.194444,-0.0732323,0.0841438,0.0854544,2.29908,2.61515
0.199495,-0.0732323,0.0869829,0.0881851,2.15883,2.45497
0.204545,-0.0732323,0.0788574,0.0800081,2.07365,2.20537
0.209596,-0.0732323,0.0780904,0.0791028,1.78281,2.05263
0.214646,-0.0732323,0.111585,0.112336,1.37622,1.57207
0.219697,-0.0732323,0.114278,0.114802,0.962101,1.08778
0.224747,-0.0732323,0.125138,0.12549,0.657573,0.756234
0.229798,-0.0732323,0.123004,0.123128,0.446112,0.37998
0.234848,-0.0732323,0.123822,0.123739,0.00240452,-0.104308
0.239899,-0.0732323,0.1289,0.128731,-0.329835,-0.275671
0.244949,-0.0732323,0.116863,0.116199,-1.08704,-1.31503
0.25,-0.0732323,0.122794,0.121579,-2.04222,-2.36928
-0.25,-0.0681818,-0.375927,-0.366546,15.7902,18.4439
-0.244949,-0.0681818,-0.296586,-0.28988,11.397,13.2099
-0.239899,-0.0681818,-0.25036,-0.245403,8.52888,9.85712
-0.234848,-0.0681818,-0.205816,-0.20187,6.64788,7.80821
-0.229798,-0.0681818,-0.19637,-0.193339,5.14813,5.98282
-0.224747,-0.0681818,-0.170284,-0.16788,4.03663,4.76092
-0.219697,-0.0681818,-0.164615,-0.162855,3.00271,3.54648
-0.214646,-0.0681818,-0.144555,-0.143174,2.24884,2.67103
-0.209596,-0.0681818,-0.134825,-0.133939,1.4888,1.77696
-0.204545,-0.0681818,-0.120651,-0.119913,1.30042,1.47894
-0.199495,-0.0681818,-0.140248,-0.14009,0.0783356,0.264496
-0.194444,-0.0681818,-0.114709,-0.114784,-0.1854,-0.0707805
-0.189394,-0.0681818,-0.116354,-0.116471,-0.267447,-0.242144
-0.184343,-0.0681818,-0.113736,-0.114001,-0.572528,-0.551343
-0.179293,-0.0681818,-0.106306,-0.106718,-0.875984,-0.819564
-0.174242,-0.0681818,-0.120838,-0.121616,-1.35847,-1.41561
-0.169192,-0.0681818,-0.123454,-0.124212,-1.35534,-1.50874
-0.164141,-0.0681818,-0.173208,-0.174336,-2.02182,-2.2538
-0.159091,-0.0681818,-0.157922,-0.159014,-2.12659,-2.2091
-0.15404,-0.0681818,-0.160155,-0.161402,-2.39463,-2.44752
-0.14899,-0.0681818,-0.175051,-0.176564,-2.77147,-3.01748
-0.143939,-0.0681818,-0.234211,-0.236116,-3.41353,-3.78862
-0.138889,-0.0681818,-0.237656,-0.239678,-3.6866,-4.08292
-0.133838,-0.0681818,-0.230322,-0.232201,-3.56432,-3.79235
-0.128788,-0.0681818,-0.274717,-0.276972,-4.01666,-4.48897
-0.123737,-0.0681818,-0.28563,-0.288114,-4.28033,-4.91738
-0.118687,-0.0681818,-0.316557,-0.31906,-4.55813,-4.90248
-0.113636,-0.0681818,-0.305346,-0.307828,-4.61976,-4.91738
-0.108586,-0.0681818,-0.348363,-0.350814,-4.63446,-4.92856
-0.103535,-0.0681818,-0.39709,-0.399698,-4.73611,-5.23403
-0.0984849,-0.0681818,-0.440678,-0.443313,-4.98239,-5.28991
-0.0934343,-0.0681818,-0.453713,-0.456274,-4.61647,-5.09992
-0.0883838,-0.0681818,-0.453951,-0.456333,-4.49312,-4.73484
-0.0833333,-0.0681818,-0.497967,-0.500545,-4.58683,-5.02914
-0.0782828,-0.0681818,-0.537832,-0.540227,-4.63329,-4.8466
-0.0732323,-0.0681818,-0.542655,-0.544865,-4.12089,-4.50388
-0.0681818,-0.0681818,-0.538424,-0.540655,-4.16078,-4.45545
-0.0631313,-0.0681818,-0.520889,-0.523005,-3.91457,-4.20213
-0.0580808,-0.0681818,-0.544695,-0.546575,-3.49906,-3.80352
-0.0530303,-0.0681818,-0.516446,-0.51783,-2.6013,-2.78838
-0.0479798,-0.0681818,-0.526547,-0.527987,-2.67424,-2.91131
-0.0429293,-0.0681818,-0.608153,-0.60947,-2.44232,-2.60584
-0.0378788,-0.0681818,-0.654381,-0.655571,-2.2231,-2.37487
-0.0328283,-0.0681818,-0.700668,-0.701653,-1.80647,-1.97813
-0.0277778,-0.0681818,-0.742524,-0.743282,-1.43631,-1.53854
-0.0227273,-0.0681818,-0.793207,-0.793654,-0.896938,-0.954606
-0.0176768,-0.0681818,-0.799059,-0.799326,-0.532532,-0.578817
-0.0126263,-0.0681818,-0.761942,-0.762046,-0.197311,-0.227126
-0.00757576,-0.0681818,-0.800426,-0.80042,0.0258359,-0.0100699
-0.00252525,-0.0681818,-0.766001,-0.765775,0.438942,0.417232
0.00252525,-0.0681818,-0.762972,-0.76272,0.446714,0.483356
0.00757576,-0.0681818,-0.722459,-0.721813,1.228,1.27126
0.0126263,-0.0681818,-0.727286,-0.726476,1.52118,1.6056
0.0176768,-0.0681818,-0.764605,-0.763602,1.88138,1.97627
0.0227273,-0.0681818,-0.694903,-0.69364,2.36637,2.48477
0.0277778,-0.0681818,-0.726974,-0.725485,2.68074,2.93367
0.0328283,-0.0681818,-0.702699,-0.701101,2.98535,3.1963
0.0378788,-0.0681818,-0.70146,-0.699857,2.93578,3.11248
0.0429293,-0.0681818,-0.603605,-0.601793,3.35146,3.62098
0.0479798,-0.0681818,-0.605722,-0.603911,3.31775,3.59118
0.0530303,-0.0681818,-0.530635,-0.528753,3.52493,3.74392
0.0580808,-0.0681818,-0.539328,-0.537336,3.72993,3.95626
0.0631313,-0.0681818,-0.514953,-0.512838,4.10213,4.20213
0.0681818,-0.0681818,-0.491894,-0.489693,4.11065,4.45545
0.0732323,-0.0681818,-0.473218,-0.470664,4.60814,5.03659
0.0782828,-0.0681818,-0.445953,-0.443522,4.59451,4.8764
0.0833333,-0.0681818,-0.458483,-0.455968,4.83435,5.09247
0.0883838,-0.0681818,-0.410914,-0.40843,4.688,5.05149
0.0934343,-0.0681818,-0.41771,-0.415284,4.63127,4.93973
0.0984849,-0.0681818,-0.397466,-0.394884,4.78159,5.09247
0.103535,-0.0681818,-0.407941,-0.405185,4.97477,5.4352
0.108586,-0.0681818,-0.322078,-0.319578,4.75969,4.97326
0.113636,-0.0681818,-0.258052,-0.255436,4.72444,5.29736
0.118687,-0.0681818,-0.192005,-0.189558,4.53113,4.92856
0.123737,-0.0681818,-0.131486,-0.12904,4.45086,4.94719
0.128788,-0.0681818,-0.0988418,-0.0965968,4.17682,4.60818
0.133838,-0.0681818,-0.0733315,-0.0711642,4.15474,4.35486
0.138889,-0.0681818,-0.0731695,-0.0708178,4.22965,4.63799
0.143939,-0.0681818,-0.0354229,-0.0332594,3.8626,4.29898
0.14899,-0.0681818,-0.025487,-0.0233799,3.93686,4.24311
0.15404,-0.0681818,-0.0229719,-0.0210814,3.82124,3.90038
0.159091,-0.0681818,0.0302739,0.0323057,3.52332,4.00096
0.164141,-0.0681818,0.0316822,0.0336096,3.55001,3.8296
0.169192,-0.0681818,0.0550694,0.0567771,3.18218,3.37884
0.174242,-0.0681818,0.0916414,0.0930242,2.87887,2.902
0.179293,-0.0681818,0.104506,0.105798,2.54562,2.61888
0.184343,-0.0681818,0.0922545,0.0936203,2.46866,2.61888
0.189394,-0.0681818,0.0899137,0.0913367,2.48082,2.78652
0.194444,-0.0681818,0.0843979,0.0857338,2.30336,2.63378
0.199495,-0.0681818,0.0866609,0.0877157,2.13651,2.23517
0.204545,-0.0681818,0.0783014,0.0794828,2.0954,2.36183
0.209596,-0.0681818,0.0782015,0.0792071,1.79368,1.99303
0.214646,-0.0681818,0.111839,0.11269,1.38867,1.65775
0.219697,-0.0681818,0.114182,0.114683,0.982607,1.02818
0.224747,-0.0681818,0.125168,0.125565,0.672994,0.733882
0.229798,-0.0681818,0.123464,0.123832,0.482662,0.715256
0.234848,-0.0681818,0.124754,0.124879,0.0306438,0.227243
0.239899,-0.0681818,0.12993,0.129759,-0.325421,-0.305474
0.244949,-0.0681818,0.118714,0.118125,-1.05884,-1.05053
0.25,-0.0681818,0.124558,0.123329,-2.04818,-2.29478
-0.25,-0.0631313,-0.408637,-0.399284,15.7604,18.3899
-0.244949,-0.0631313,-0.32332,-0.316478,11.6222,13.493
-0.239899,-0.0631313,-0.255853,-0.250733,8.74235,10.1365
-0.234848,-0.0631313,-0.213243,-0.209223,6.83489,7.97585
-0.229798,-0.0631313,-0.183437,-0.180304,5.32577,6.1579
-0.224747,-0.0631313,-0.157501,-0.155088,4.20965,4.8019
-0.219697,-0.0631313,-0.154778,-0.152946,3.12257,3.63961
-0.214646,-0.0631313,-0.131983,-0.130594,2.42834,2.78652
-0.209596,-0.0631313,-0.121877,-0.120886,1.67324,2.02283
-0.204545,-0.0631313,-0.106147,-0.105344,1.50511,1.61678
-0.199495,-0.0631313,-0.128435,-0.12815,0.269037,0.521541
-0.194444,-0.0631313,-0.105342,-0.10531,-0.0168936,0.111759
-0.189394,-0.0631313,-0.110441,-0.110548,-0.120511,-0.152737
-0.184343,-0.0631313,-0.105168,-0.10537,-0.400588,-0.376254
-0.179293,-0.0631313,-0.0980646,-0.0984035,-0.707368,-0.726432
-0.174242,-0.0631313,-0.109776,-0.110343,-1.17241,-1.16974
-0.169192,-0.0631313,-0.113352,-0.113934,-1.17437,-1.12131
-0.164141,-0.0631313,-0.165836,-0.166778,-1.84014,-1.86264
-0.159091,-0.0631313,-0.151743,-0.152834,-1.9448,-2.11224
-0.15404,-0.0631313,-0.155472,-0.156697,-2.2161,-2.48104
-0.14899,-0.0631313,-0.14627,-0.147503,-2.3741,-2.46242
-0.143939,-0.0631313,-0.20499,-0.206642,-3.01551,-3.25218
-0.138889,-0.0631313,-0.208154,-0.209857,-3.29153,-3.41982
-0.133838,-0.0631313,-0.201026,-0.202771,-3.16734,-3.44589
-0.128788,-0.0631313,-0.216984,-0.218775,-3.443,-3.66941
-0.123737,-0.0631313,-0.225768,-0.227757,-3.71918,-3.98233
-0.118687,-0.0631313,-0.258652,-0.260793,-3.99409,-4.20958
-0.113636,-0.0631313,-0.248443,-0.250597,-4.05152,-4.25801
-0.108586,-0.0631313,-0.289159,-0.291426,-4.06647,-4.50015
-0.103535,-0.0631313,-0.337825,-0.340044,-4.15915,-4.38467
-0.0984849,-0.0631313,-0.383932,-0.386301,-4.40535,-4.82798
-0.0934343,-0.0631313,-0.40009,-0.402369,-4.27297,-4.51505
-0.0883838,-0.0631313,-0.401087,-0.403281,-4.12366,-4.37722
-0.0833333,-0.0631313,-0.445359,-0.447534,-4.21774,-4.34369
-0.0782828,-0.0631313,-0.452454,-0.454791,-4.25951,-4.59701
-0.0732323,-0.0631313,-0.456205,-0.458207,-3.75279,-3.98606
-0.0681818,-0.0631313,-0.449861,-0.451915,-3.7967,-4.10899
-0.0631313,-0.0631313,-0.433314,-0.435233,-3.54571,-3.88548
-0.0580808,-0.0631313,-0.45904,-0.460714,-3.13148,-3.36021
-0.0530303,-0.0631313,-0.427208,-0.42839,-2.26223,-2.38232
-0.0479798,-0.0631313,-0.437176,-0.438424,-2.3233,-2.51643
-0.0429293,-0.0631313,-0.487625,-0.488788,-2.18181,-2.34693
-0.0378788,-0.0631313,-0.533419,-0.53449,-1.96398,-2.14577
-0.0328283,-0.0631313,-0.58016,-0.58099,-1.54001,-1.65589
-0.0277778,-0.0631313,-0.620208,-0.620832,-1.16355,-1.27405
-0.0227273,-0.0631313,-0.670462,-0.670791,-0.635667,-0.678934
-0.0176768,-0.0631313,-0.676764,-0.676909,-0.276038,-0.312226
-0.0126263,-0.0631313,-0.63886,-0.638806,0.0797558,0.0845175
-0.00757576,-0.0631313,-0.677302,-0.677125,0.310706,0.32247
-0.00252525,-0.0631313,-0.668961,-0.668705,0.490775,0.493135
0.00252525,-0.0631313,-0.666768,-0.666509,0.490753,0.506639
0.00757576,-0.0631313,-0.625079,-0.624403,1.28956,1.30665
0.0126263,-0.0631313,-0.63148,-0.630621,1.5727,1.67638
0.0176768,-0.0631313,-0.664463,-0.663418,1.93068,2.06195
0.0227273,-0.0631313,-0.626004,-0.624796,2.23843,2.38791
0.0277778,-0.0631313,-0.636869,-0.635631,2.30628,2.46055
0.0328283,-0.0631313,-0.609137,-0.60777,2.61847,2.76417
0.0378788,-0.0631313,-0.609655,-0.608295,2.58141,2.69897
0.0429293,-0.0631313,-0.512364,-0.510743,2.99167,3.22796
0.0479798,-0.0631313,-0.515452,-0.51384,2.96008,3.16277
0.0530303,-0.0631313,-0.437804,-0.436101,3.18004,3.35835
0.0580808,-0.0631313,-0.446424,-0.444625,3.37447,3.55579
0.0631313,-0.0631313,-0.422535,-0.420518,3.75117,4.01214
0.0681818,-0.0631313,-0.400398,-0.398379,3.76124,4.06057
0.0732323,-0.0631313,-0.414345,-0.412043,4.24839,4.64544
0.0782828,-0.0631313,-0.387809,-0.385568,4.23735,4.48152
0.0833333,-0.0631313,-0.401257,-0.398859,4.46555,4.73857
0.0883838,-0.0631313,-0.353262,-0.350971,4.32165,4.63054
0.0934343,-0.0631313,-0.360628,-0.358444,4.26782,4.44055
0.0984849,-0.0631313,-0.339379,-0.337206,4.19186,4.40702
0.103535,-0.0631313,-0.347957,-0.34567,4.37965,4.60818
0.108586,-0.0631313,-0.294821,-0.292592,4.26538,4.45172
0.113636,-0.0631313,-0.230185,-0.227965,4.22869,4.4778
0.118687,-0.0631313,-0.164691,-0.162583,4.02099,4.27291
0.123737,-0.0631313,-0.106663,-0.104561,3.95347,4.18723
0.128788,-0.0631313,-0.0728482,-0.0709109,3.67564,3.96743
0.133838,-0.0631313,-0.0513012,-0.0494495,3.46536,3.68431
0.138889,-0.0631313,-0.0524967,-0.0506528,3.54754,3.75509
0.143939,-0.0631313,-0.0145951,-0.0129677,3.17249,3.31923
0.14899,-0.0631313,-0.00437584,-0.00267476,3.2664,3.48687
0.15404,-0.0631313,-0.00159813,0.00012666,3.14333,3.43844
0.159091,-0.0631313,0.051654,0.0532344,2.85449,3.11062
0.164141,-0.0631313,0.0533065,0.0548698,2.87879,3.11434
0.169192,-0.0631313,0.0762343,0.0775345,2.51058,2.70829
0.174242,-0.0631313,0.091415,0.0928044,2.44706,2.80514
0.179293,-0.0631313,0.103958,0.105154,2.12857,2.38791
0.184343,-0.0631313,0.0921255,0.0932552,2.05683,2.26498
0.189394,-0.0631313,0.0907243,0.0918023,2.03015,2.13832
0.194444,-0.0631313,0.0835117,0.0845417,1.8824,2.10106
0.199495,-0.0631313,0.0867031,0.0877082,1.74488,1.96323
0.204545,-0.0631313,0.0788501,0.0797771,1.69208,1.84774
0.209596,-0.0631313,0.0787103,0.0793524,1.39479,1.35228
0.214646,-0.0631313,0.112442,0.112984,0.992998,1.13249
0.219697,-0.0631313,0.114553,0.114769,0.602232,0.458211
0.224747,-0.0631313,0.125662,0.125818,0.240046,0.357628
0.229798,-0.0631313,0.123728,0.123803,0.0725862,0.145286
0.234848,-0.0631313,0.125708,0.125535,-0.343664,-0.350177
0.239899,-0.0631313,0.131074,0.130646,-0.71155,-0.83819
0.244949,-0.0631313,0.116045,0.115313,-1.20419,-1.41561
0.25,-0.0631313,0.122338,0.121064,-2.24557,-2.47732
-0.25,-0.0580808,-0.416046,-0.406641,15.7417,18.5091
-0.244949,-0.0580808,-0.328312,-0.321446,11.6453,13.642
-0.239899,-0.0580808,-0.261446,-0.256276,8.74819,10.2371
-0.234848,-0.0580808,-0.219142,-0.215147,6.8413,7.96094
-0.229798,-0.0580808,-0.186267,-0.183104,5.3761,6.29947
-0.224747,-0.0580808,-0.16612,-0.163704,4.14153,4.85033
-0.219697,-0.0580808,-0.159582,-0.157736,3.11942,3.64333
-0.214646,-0.0580808,-0.138346,-0.136886,2.40864,2.8871
-0.209596,-0.0580808,-0.128513,-0.127554,1.68523,1.95205
-0.204545,-0.0580808,-0.0971229,-0.0962801,1.43044,1.67638
-0.199495,-0.0580808,-0.107179,-0.106875,0.435979,0.633299
-0.194444,-0.0580808,-0.0862904,-0.086166,0.139387,0.227243
-0.189394,-0.0580808,-0.0919909,-0.091929,0.0400253,0.137836
-0.184343,-0.0580808,-0.0852363,-0.0853091,-0.221797,-0.141561
-0.179293,-0.0580808,-0.0768633,-0.0771321,-0.524394,-0.435859
-0.174242,-0.0580808,-0.0918734,-0.0923499,-1.00077,-0.953674
-0.169192,-0.0580808,-0.0966683,-0.0972673,-0.999557,-1.14739
-0.164141,-0.0580808,-0.127001,-0.127729,-1.42756,-1.45286
-0.159091,-0.0580808,-0.114277,-0.115108,-1.53334,-1.6205
-0.15404,-0.0580808,-0.11721,-0.118174,-1.80512,-1.88872
-0.14899,-0.0580808,-0.108608,-0.109654,-1.95993,-2.01538
-0.143939,-0.0580808,-0.142034,-0.143331,-2.41048,-2.63005
-0.138889,-0.0580808,-0.143838,-0.14523,-2.68278,-2.79397
-0.133838,-0.0580808,-0.136567,-0.137914,-2.51806,-2.64868
-0.128788,-0.0580808,-0.150124,-0.15159,-2.79471,-2.99513
-0.123737,-0.0580808,-0.15946,-0.161037,-3.06218,-3.07336
-0.118687,-0.0580808,-0.189392,-0.191156,-3.34493,-3.5651
-0.113636,-0.0580808,-0.182063,-0.183895,-3.37894,-3.65451
-0.108586,-0.0580808,-0.224331,-0.226207,-3.40382,-3.72902
-0.103535,-0.0580808,-0.24098,-0.242706,-3.40158,-3.39746
-0.0984849,-0.0580808,-0.287036,-0.289068,-3.6358,-4.00469
-0.0934343,-0.0580808,-0.304744,-0.306565,-3.48544,-3.67314
-0.0883838,-0.0580808,-0.304912,-0.306677,-3.34706,-3.58373
-0.0833333,-0.0580808,-0.351312,-0.353161,-3.44108,-3.67686
-0.0782828,-0.0580808,-0.35654,-0.358392,-3.47025,-3.72156
-0.0732323,-0.0580808,-0.360462,-0.362027,-2.96553,-3.2112
-0.0681818,-0.0580808,-0.349291,-0.350933,-3.02024,-3.24473
-0.0631313,-0.0580808,-0.333412,-0.334926,-2.77505,-3.01935
-0.0580808,-0.0580808,-0.360305,-0.36156,-2.35363,-2.52761
-0.0530303,-0.0580808,-0.341319,-0.3422,-1.73231,-1.77883
-0.0479798,-0.0580808,-0.350749,-0.35171,-1.80568,-1.92039
-0.0429293,-0.0580808,-0.400815,-0.401685,-1.65787,-1.79
-0.0378788,-0.0580808,-0.41669,-0.417487,-1.5424,-1.64006
-0.0328283,-0.0580808,-0.462099,-0.462714,-1.11681,-1.22096
-0.0277778,-0.0580808,-0.503948,-0.504334,-0.742438,-0.785105
-0.0227273,-0.0580808,-0.554656,-0.554751,-0.195337,-0.209082
-0.0176768,-0.0580808,-0.579506,-0.579535,-0.0618971,-0.074855
-0.0126263,-0.0580808,-0.543547,-0.54339,0.281952,0.288011
-0.00757576,-0.0580808,-0.583857,-0.583587,0.511473,0.522472
-0.00252525,-0.0580808,-0.575619,-0.575257,0.70811,0.711065
0.00252525,-0.0580808,-0.572367,-0.57196,0.705316,0.775326
0.00757576,-0.0580808,-0.556975,-0.556291,1.29742,1.36159
0.0126263,-0.0580808,-0.54223,-0.54149,1.35188,1.45659
0.0176768,-0.0580808,-0.576968,-0.576012,1.69433,1.87661
0.0227273,-0.0580808,-0.538173,-0.537118,1.99271,2.10106
0.0277778,-0.0580808,-0.545839,-0.544755,2.0738,2.15135
0.0328283,-0.0580808,-0.521195,-0.5199,2.3901,2.60584
0.0378788,-0.0580808,-0.519263,-0.518044,2.33673,2.43448
0.0429293,-0.0580808,-0.454137,-0.45272,2.64349,2.81632
0.0479798,-0.0580808,-0.455254,-0.453947,2.62343,2.66172
0.0530303,-0.0580808,-0.379187,-0.377672,2.85103,3.00258
0.0580808,-0.0580808,-0.388039,-0.386478,3.04487,3.13669
0.0631313,-0.0580808,-0.363918,-0.362111,3.41503,3.64706
0.0681818,-0.0580808,-0.341094,-0.339279,3.42742,3.65451
0.0732323,-0.0580808,-0.355811,-0.353791,3.92453,4.02331
0.0782828,-0.0580808,-0.335904,-0.333738,3.91255,4.26546
0.0833333,-0.0580808,-0.340691,-0.338566,3.89435,4.24683
0.0883838,-0.0580808,-0.291653,-0.289772,3.74737,3.88175
0.0934343,-0.0580808,-0.299263,-0.297353,3.69034,3.92273
0.0984849,-0.0580808,-0.278265,-0.276245,3.61679,3.9544
0.103535,-0.0580808,-0.287317,-0.285227,3.80884,4.12762
0.108586,-0.0580808,-0.233625,-0.231702,3.69654,3.919
0.113636,-0.0580808,-0.199333,-0.197336,3.76693,3.95998
0.118687,-0.0580808,-0.134491,-0.132635,3.55228,3.75509
0.123737,-0.0580808,-0.0760712,-0.0741482,3.48688,3.82587
0.128788,-0.0580808,-0.0407655,-0.0390001,3.1945,3.46452
0.133838,-0.0580808,-0.0201839,-0.018619,2.9947,3.20002
0.138889,-0.0580808,-0.0217847,-0.0200681,3.08248,3.40864
0.143939,-0.0580808,0.0166908,0.0181235,2.7092,2.86102
0.14899,-0.0580808,0.0273648,0.0288635,2.79888,2.99886
0.15404,-0.0580808,0.0296793,0.0311136,2.68961,2.82004
0.159091,-0.0580808,0.0592985,0.0607297,2.61621,2.8722
0.164141,-0.0580808,0.061069,0.0625215,2.64594,2.902
0.169192,-0.0580808,0.0833481,0.084579,2.27895,2.44379
0.174242,-0.0580808,0.0984605,0.0996552,2.2059,2.33203
0.179293,-0.0580808,0.110868,0.111911,1.89051,2.13087
0.184343,-0.0580808,0.0998806,0.100844,1.84753,1.96695
0.189394,-0.0580808,0.0980769,0.0989549,1.8049,1.82539
0.194444,-0.0580808,0.0914122,0.0922717,1.6521,1.69873
0.199495,-0.0580808,0.0950494,0.0958852,1.50597,1.66893
0.204545,-0.0580808,0.0870812,0.0878125,1.48106,1.48639
0.209596,-0.0580808,0.0868207,0.0874214,1.14888,1.22935
0.214646,-0.0580808,0.121418,0.121783,0.782241,0.812113
0.219697,-0.0580808,0.124664,0.124879,0.391798,0.443309
0.224747,-0.0580808,0.134928,0.134923,0.0281667,0.0484288
0.229798,-0.0580808,0.133479,0.13335,-0.143473,-0.208616
0.234848,-0.0580808,0.128412,0.128277,-0.325633,-0.286847
0.239899,-0.0580808,0.134655,0.134274,-0.663149,-0.70408
0.244949,-0.0580808,0.11921,0.118416,-1.21113,-1.44169
0.25,-0.0580808,0.125974,0.124685,-2.2024,-2.46614
-0.25,-0.0530303,-0.437311,-0.42781,15.8694,18.6767
-0.244949,-0.0530303,-0.349945,-0.343001,11.6932,13.7333
-0.239899,-0.0530303,-0.285438,-0.280269,8.72526,10.2594
-0.234848,-0.0530303,-0.235956,-0.231796,7.10493,8.26176
-0.229798,-0.0530303,-0.197748,-0.194371,5.79292,6.73812
-0.224747,-0.0530303,-0.183051,-0.180457,4.42348,5.17443
-0.219697,-0.0530303,-0.159764,-0.157785,3.37043,3.96557
-0.214646,-0.0530303,-0.138641,-0.137074,2.63844,3.09385
-0.209596,-0.0530303,-0.13042,-0.129275,1.90189,2.28733
-0.204545,-0.0530303,-0.10074,-0.0997484,1.6227,1.99676
-0.199495,-0.0530303,-0.112727,-0.112243,0.62312,0.890344
-0.194444,-0.0530303,-0.0901936,-0.0898875,0.357578,0.517815
-0.189394,-0.0530303,-0.0818613,-0.0816509,0.186237,0.432134
-0.184343,-0.0530303,-0.0769369,-0.0768881,-0.0876411,0.0931323
-0.179293,-0.0530303,-0.0676898,-0.0678748,-0.373222,-0.350177
-0.174242,-0.0530303,-0.0825231,-0.0829473,-0.858865,-0.834465
-0.169192,-0.0530303,-0.0891929,-0.0896379,-0.857067,-0.843778
-0.164141,-0.0530303,-0.118363,-0.118991,-1.28418,-1.27964
-0.159091,-0.0530303,-0.108529,-0.109304,-1.38936,-1.47894
-0.15404,-0.0530303,-0.111137,-0.11199,-1.65024,-1.72853
-0.14899,-0.0530303,-0.104521,-0.10547,-1.80538,-1.86637
-0.143939,-0.0530303,-0.137329,-0.138562,-2.25336,-2.40654
-0.138889,-0.0530303,-0.13896,-0.140298,-2.52276,-2.77162
-0.133838,-0.0530303,-0.130611,-0.131905,-2.35705,-2.50712
-0.128788,-0.0530303,-0.116194,-0.117514,-2.48109,-2.66358
-0.123737,-0.0530303,-0.127244,-0.128776,-2.72169,-3.05474
-0.118687,-0.0530303,-0.157467,-0.159092,-3.01505,-3.241
-0.113636,-0.0530303,-0.150423,-0.152044,-3.06067,-3.24473
-0.108586,-0.0530303,-0.193326,-0.195023,-3.06995,-3.32296
-0.103535,-0.0530303,-0.209868,-0.211555,-3.06426,-3.37139
-0.0984849,-0.0530303,-0.255735,-0.25763,-3.29386,-3.70294
-0.0934343,-0.0530303,-0.274885,-0.276558,-3.14903,-3.36394
-0.0883838,-0.0530303,-0.279232,-0.280976,-3.21712,-3.46079
-0.0833333,-0.0530303,-0.293412,-0.295214,-3.26555,-3.54275
-0.0782828,-0.0530303,-0.294828,-0.29647,-3.29162,-3.36021
-0.0732323,-0.0530303,-0.298873,-0.30032,-2.80088,-2.93367
-0.0681818,-0.0530303,-0.290009,-0.291539,-2.85632,-3.0864
-0.0631313,-0.0530303,-0.267724,-0.269089,-2.61167,-2.75299
-0.0580808,-0.0530303,-0.261826,-0.263026,-2.24101,-2.38232
-0.0530303,-0.0530303,-0.243392,-0.24425,-1.60996,-1.72388
-0.0479798,-0.0530303,-0.252938,-0.253825,-1.67925,-1.76951
-0.0429293,-0.0530303,-0.302921,-0.303738,-1.53362,-1.66055
-0.0378788,-0.0530303,-0.317301,-0.31808,-1.42446,-1.54786
-0.0328283,-0.0530303,-0.365424,-0.365959,-0.984235,-1.07568
-0.0277778,-0.0530303,-0.404869,-0.405188,-0.619607,-0.646338
-0.0227273,-0.0530303,-0.455933,-0.455956,-0.0554618,-0.0576547
-0.0176768,-0.0530303,-0.478375,-0.478341,0.0517196,0.0506116
-0.0126263,-0.0530303,-0.441962,-0.441747,0.378428,0.403263
-0.00757576,-0.0530303,-0.482573,-0.482251,0.626055,0.636559
-0.00252525,-0.0530303,-0.474353,-0.47392,0.818424,0.844244
0.00252525,-0.0530303,-0.470605,-0.470145,0.83458,0.87358
0.00757576,-0.0530303,-0.431499,-0.43083,1.21187,1.32248
0.0126263,-0.0530303,-0.41811,-0.417424,1.2546,1.36904
0.0176768,-0.0530303,-0.452809,-0.451963,1.59202,1.66614
0.0227273,-0.0530303,-0.439664,-0.438726,1.75795,1.88686
0.0277778,-0.0530303,-0.448434,-0.447417,1.82826,2.00234
0.0328283,-0.0530303,-0.421595,-0.420501,2.13492,2.22214
0.0378788,-0.0530303,-0.421085,-0.419993,2.09097,2.18116
0.0429293,-0.0530303,-0.353746,-0.352457,2.40119,2.57976
0.0479798,-0.0530303,-0.354793,-0.353537,2.36871,2.54065
0.0530303,-0.0530303,-0.279707,-0.278292,2.60361,2.82936
0.0580808,-0.0530303,-0.28894,-0.287499,2.79407,2.91876
0.0631313,-0.0530303,-0.295734,-0.294108,3.13498,3.29688
0.0681818,-0.0530303,-0.271073,-0.269404,3.10072,3.39374
0.0732323,-0.0530303,-0.293372,-0.291474,3.58466,3.78117
0.0782828,-0.0530303,-0.272803,-0.270978,3.5748,3.72529
0.0833333,-0.0530303,-0.277901,-0.27602,3.56474,3.77558
0.0883838,-0.0530303,-0.26617,-0.264356,3.46373,3.60049
0.0934343,-0.0530303,-0.274115,-0.272272,3.41039,3.65265
0.0984849,-0.0530303,-0.251335,-0.249607,3.33569,3.45893
0.103535,-0.0530303,-0.26076,-0.258937,3.52123,3.68059
0.108586,-0.0530303,-0.206688,-0.204932,3.41525,3.5055
0.113636,-0.0530303,-0.173045,-0.171177,3.48231,3.77372
0.118687,-0.0530303,-0.10794,-0.106201,3.27031,3.5353
0.123737,-0.0530303,-0.0484598,-0.04673,3.1907,3.46079
0.128788,-0.0530303,-0.0141733,-0.0126772,2.90788,3.03611
0.133838,-0.0530303,0.00276674,0.00427663,2.72939,2.97651
0.138889,-0.0530303,0.0021861,0.00367314,2.8046,2.94298
0.143939,-0.0530303,0.039735,0.0409931,2.45406,2.57418
0.14899,-0.0530303,0.050661,0.0519268,2.54567,2.61143
0.15404,-0.0530303,0.0532803,0.0545643,2.44635,2.58908
0.159091,-0.0530303,0.0499239,0.0511296,2.45528,2.46614
0.164141,-0.0530303,0.0520491,0.0533238,2.47673,2.5928
0.169192,-0.0530303,0.0743125,0.0754371,2.1055,2.2985
0.174242,-0.0530303,0.0893822,0.090424,2.04584,2.11969
0.179293,-0.0530303,0.101976,0.102885,1.73565,1.80304
0.184343,-0.0530303,0.090887,0.0917613,1.67586,1.75834
0.189394,-0.0530303,0.0895425,0.0904314,1.6553,1.77324
0.194444,-0.0530303,0.0827764,0.0835285,1.49741,1.51992
0.199495,-0.0530303,0.0845431,0.0852533,1.36243,1.44914
0.204545,-0.0530303,0.0759763,0.0767149,1.33647,1.49757
0.209596,-0.0530303,0.0762911,0.0768192,1.00651,1.04681
0.214646,-0.0530303,0.111769,0.112128,0.633533,0.76741
0.219697,-0.0530303,0.112384,0.112411,0.24046,0.0968575
0.224747,-0.0530303,0.123597,0.123441,-0.0637069,-0.234693
0.229798,-0.0530303,0.122889,0.12273,-0.258272,-0.283122
0.234848,-0.0530303,0.118826,0.118595,-0.407091,-0.391155
0.239899,-0.0530303,0.124919,0.12457,-0.734936,-0.726432
0.244949,-0.0530303,0.109504,0.108775,-1.3174,-1.35601
0.25,-0.0530303,0.117272,0.115938,-2.30129,-2.55182
-0.25,-0.0479798,-0.430276,-0.420774,15.9228,18.6991
-0.244949,-0.0479798,-0.344156,-0.337296,11.6077,13.5908
-0.239899,-0.0479798,-0.279657,-0.274531,8.66925,10.1505
-0.234848,-0.0479798,-0.22395,-0.219796,7.11695,8.25152
-0.229798,-0.0479798,-0.187676,-0.184301,5.78939,6.70925
-0.224747,-0.0479798,-0.174431,-0.171853,4.41477,5.1409
-0.219697,-0.0479798,-0.152279,-0.150308,3.35622,3.90969
-0.214646,-0.0479798,-0.128783,-0.127237,2.67029,3.06778
-0.209596,-0.0479798,-0.122285,-0.121152,1.91629,2.26311
-0.204545,-0.0479798,-0.0933086,-0.0923704,1.62858,1.93901
-0.199495,-0.0479798,-0.104521,-0.104096,0.655567,0.90152
-0.194444,-0.0479798,-0.082851,-0.0825822,0.381828,0.592321
-0.189394,-0.0479798,-0.0763135,-0.0761561,0.205994,0.331551
-0.184343,-0.0479798,-0.074562,-0.0745747,-0.0914644,-0.0130385
-0.179293,-0.0479798,-0.0607233,-0.0608228,-0.312703,-0.149012
-0.174242,-0.0479798,-0.0590479,-0.0593029,-0.576846,-0.469387
-0.169192,-0.0479798,-0.0635332,-0.0637975,-0.569475,-0.508502
-0.164141,-0.0479798,-0.0748594,-0.0752881,-0.77406,-0.834465
-0.159091,-0.0479798,-0.0623788,-0.0628252,-0.877869,-0.87358
-0.15404,-0.0479798,-0.0651932,-0.0657775,-1.13628,-1.15298
-0.14899,-0.0479798,-0.0602651,-0.0609755,-1.28384,-1.3914
-0.143939,-0.0479798,-0.0910453,-0.0919849,-1.73812,-1.86078
-0.138889,-0.0479798,-0.0955207,-0.0965558,-1.99409,-2.01538
-0.133838,-0.0479798,-0.0851194,-0.0861213,-1.81846,-1.98744
-0.128788,-0.0479798,-0.0711085,-0.0722017,-1.94515,-2.11596
-0.123737,-0.0479798,-0.0831779,-0.0843927,-2.20507,-2.39909
-0.118687,-0.0479798,-0.114631,-0.115942,-2.4742,-2.65986
-0.113636,-0.0479798,-0.105918,-0.1073,-2.51781,-2.75671
-0.108586,-0.0479798,-0.149902,-0.151277,-2.56495,-2.75671
-0.103535,-0.0479798,-0.167928,-0.169383,-2.56294,-2.89083
-0.0984849,-0.0479798,-0.184337,-0.185844,-2.70508,-2.96533
-0.0934343,-0.0479798,-0.201026,-0.202369,-2.56066,-2.75858
-0.0883838,-0.0479798,-0.207097,-0.208514,-2.62108,-2.85357
-0.0833333,-0.0479798,-0.221815,-0.223227,-2.67726,-2.78279
-0.0782828,-0.0479798,-0.22337,-0.224888,-2.76443,-3.03239
-0.0732323,-0.0479798,-0.229598,-0.230789,-2.26785,-2.36556
-0.0681818,-0.0479798,-0.22015,-0.221368,-2.31514,-2.44565
-0.0631313,-0.0479798,-0.197997,-0.199119,-2.06747,-2.26125
-0.0580808,-0.0479798,-0.192034,-0.192935,-1.69512,-1.81049
-0.0530303,-0.0479798,-0.172159,-0.172724,-1.0811,-1.12504
-0.0479798,-0.0479798,-0.182216,-0.182818,-1.1299,-1.21165
-0.0429293,-0.0479798,-0.232742,-0.233266,-0.992363,-1.05146
-0.0378788,-0.0479798,-0.248209,-0.248689,-0.876708,-0.960193
-0.0328283,-0.0479798,-0.293119,-0.293361,-0.448204,-0.487082
-0.0277778,-0.0479798,-0.338107,-0.338152,-0.10628,-0.107594
-0.0227273,-0.0479798,-0.37979,-0.379758,0.0542522,0.0500586
-0.0176768,-0.0479798,-0.404707,-0.404607,0.16753,0.179396
-0.0126263,-0.0479798,-0.388635,-0.388456,0.307452,0.339467
-0.00757576,-0.0479798,-0.429474,-0.429168,0.544902,0.58813
-0.00252525,-0.0479798,-0.420231,-0.419819,0.753398,0.791624
0.00252525,-0.0479798,-0.41745,-0.417038,0.746678,0.797678
0.00757576,-0.0479798,-0.379514,-0.378877,1.13958,1.25077
0.0126263,-0.0479798,-0.365943,-0.365323,1.17275,1.23959
0.0176768,-0.0479798,-0.397953,-0.397132,1.52371,1.58977
0.0227273,-0.0479798,-0.386255,-0.385339,1.68515,1.8226
0.0277778,-0.0479798,-0.395285,-0.394319,1.76069,1.89058
0.0328283,-0.0479798,-0.368008,-0.36688,2.06366,2.2091
0.0378788,-0.0479798,-0.365674,-0.364579,2.01555,2.17743
0.0429293,-0.0479798,-0.298988,-0.297729,2.32802,2.49594
0.0479798,-0.0479798,-0.300442,-0.299186,2.30478,2.45683
0.0530303,-0.0479798,-0.253166,-0.251863,2.43655,2.58163
0.0580808,-0.0479798,-0.262001,-0.260592,2.63637,2.7772
0.0631313,-0.0479798,-0.26922,-0.267623,2.9836,3.22796
0.0681818,-0.0479798,-0.246698,-0.245126,2.94946,3.17953
0.0732323,-0.0479798,-0.268917,-0.267152,3.43504,3.60236
0.0782828,-0.0479798,-0.247767,-0.245932,3.42426,3.68059
0.0833333,-0.0479798,-0.252818,-0.250984,3.40757,3.66569
0.0883838,-0.0479798,-0.241523,-0.239708,3.31541,3.61726
0.0934343,-0.0479798,-0.248678,-0.246964,3.27279,3.39001
0.0984849,-0.0479798,-0.226528,-0.224849,3.19384,3.37325
0.103535,-0.0479798,-0.235102,-0.233274,3.3767,3.68431
0.108586,-0.0479798,-0.181401,-0.179671,3.26667,3.51481
0.113636,-0.0479798,-0.14784,-0.145998,3.3442,3.65451
0.118687,-0.0479798,-0.0816163,-0.0799186,3.12384,3.34158
0.123737,-0.0479798,-0.0508421,-0.0491664,3.18611,3.33786
0.128788,-0.0479798,-0.0153003,-0.0137612,2.89649,3.08827
0.133838,-0.0479798,0.00217315,0.00358373,2.71793,2.83867
0.138889,-0.0479798,0.00108174,0.00253692,2.80158,2.89083
0.143939,-0.0479798,0.0381572,0.0394452,2.40099,2.58535
0.14899,-0.0479798,0.0484446,0.0498146,2.51892,2.68966
0.15404,-0.0479798,0.0517637,0.0529103,2.41478,2.37301
0.159091,-0.0479798,0.0481085,0.0493489,2.42281,2.55182
0.164141,-0.0479798,0.0495625,0.0508055,2.4551,2.563
0.169192,-0.0479798,0.0725334,0.0736453,2.0776,2.2091
0.174242,-0.0479798,0.0870335,0.0881031,2.02328,2.17184
0.179293,-0.0479798,0.100123,0.101011,1.73269,1.82167
0.184343,-0.0479798,0.0893405,0.0902302,1.65172,1.76951
0.189394,-0.0479798,0.0881532,0.0890084,1.64632,1.74716
0.194444,-0.0479798,0.0816543,0.0824854,1.50618,1.66893
0.199495,-0.0479798,0.0841784,0.0849329,1.36059,1.44169
0.204545,-0.0479798,0.0751148,0.0758171,1.33754,1.43796
0.209596,-0.0479798,0.075136,0.0756122,0.999454,0.942498
0.214646,-0.0479798,0.106921,0.107251,0.62669,0.700355
0.219697,-0.0479798,0.108082,0.108212,0.238525,0.264496
0.224747,-0.0479798,0.120464,0.120431,-0.0607449,-0.0149012
0.229798,-0.0479798,0.119493,0.119377,-0.293337,-0.208616
0.234848,-0.0479798,0.115805,0.115585,-0.414529,-0.383705
0.239899,-0.0479798,0.122804,0.122294,-0.732742,-0.908971
0.244949,-0.0479798,0.107776,0.106998,-1.36309,-1.49012
0.25,-0.0479798,0.115804,0.114441,-2.2909,-2.5928
-0.25,-0.0429293,-0.419895,-0.410383,15.9803,18.7168
-0.244949,-0.0429293,-0.33432,-0.327459,11.6145,13.5424
-0.239899,-0.0429293,-0.271529,-0.26641,8.64094,10.13
-0.234848,-0.0429293,-0.219345,-0.215251,6.99634,8.12765
-0.229798,-0.0429293,-0.182791,-0.179482,5.68871,6.58911
-0.224747,-0.0429293,-0.169438,-0.166906,4.34971,5.05522
-0.219697,-0.0429293,-0.146337,-0.144377,3.29076,3.87989
-0.214646,-0.0429293,-0.123743,-0.122186,2.59453,3.12179
-0.209596,-0.0429293,-0.119272,-0.118181,1.83739,2.17743
-0.204545,-0.0429293,-0.0905314,-0.0896137,1.56193,1.84961
-0.199495,-0.0429293,-0.102009,-0.101615,0.594112,0.819564
-0.194444,-0.0429293,-0.0828904,-0.0826344,0.302099,0.495464
-0.189394,-0.0429293,-0.0762841,-0.0761822,0.131436,0.219792
-0.184343,-0.0429293,-0.0726086,-0.0726301,-0.152491,-0.026077
-0.179293,-0.0429293,-0.0620472,-0.0622161,-0.374564,-0.335276
-0.174242,-0.0429293,-0.0593632,-0.0596829,-0.636179,-0.610948
-0.169192,-0.0429293,-0.0653278,-0.0656378,-0.629922,-0.633299
-0.164141,-0.0429293,-0.0769271,-0.0773277,-0.822397,-0.799075
-0.159091,-0.0429293,-0.0589671,-0.0595096,-0.955448,-1.05984
-0.15404,-0.0429293,-0.0643172,-0.0649095,-1.20931,-1.21258
-0.14899,-0.0429293,-0.0587748,-0.0594724,-1.34208,-1.35973
-0.143939,-0.0429293,-0.0904749,-0.0914317,-1.78888,-1.9148
-0.138889,-0.0429293,-0.0943245,-0.0954084,-2.04678,-2.18302
-0.133838,-0.0429293,-0.0832508,-0.0843052,-1.89843,-2.08616
-0.128788,-0.0429293,-0.0714939,-0.0725091,-1.99888,-2.04891
-0.123737,-0.0429293,-0.0842677,-0.0854582,-2.24713,-2.38046
-0.118687,-0.0429293,-0.115717,-0.117026,-2.51582,-2.63751
-0.113636,-0.0429293,-0.107434,-0.108827,-2.56886,-2.74554
-0.108586,-0.0429293,-0.12311,-0.124447,-2.52129,-2.68966
-0.103535,-0.0429293,-0.142301,-0.143632,-2.49262,-2.64123
-0.0984849,-0.0429293,-0.157495,-0.158884,-2.63783,-2.78279
-0.0934343,-0.0429293,-0.176084,-0.177376,-2.49652,-2.61515
-0.0883838,-0.0429293,-0.180748,-0.182208,-2.56923,-2.8573
-0.0833333,-0.0429293,-0.197136,-0.198515,-2.61889,-2.74181
-0.0782828,-0.0429293,-0.19848,-0.199873,-2.70092,-2.79769
-0.0732323,-0.0429293,-0.205486,-0.206633,-2.19396,-2.29478
-0.0681818,-0.0429293,-0.196646,-0.197813,-2.23394,-2.37115
-0.0631313,-0.0429293,-0.174297,-0.175389,-1.98435,-2.18861
-0.0580808,-0.0429293,-0.167985,-0.168826,-1.62237,-1.71177
-0.0530303,-0.0429293,-0.147755,-0.148275,-1.00286,-1.04867
-0.0479798,-0.0429293,-0.157576,-0.158147,-1.06629,-1.1595
-0.0429293,-0.0429293,-0.20905,-0.209535,-0.909845,-0.979751
-0.0378788,-0.0429293,-0.22194,-0.222361,-0.791023,-0.854954
-0.0328283,-0.0429293,-0.268248,-0.268439,-0.364086,-0.393251
-0.0277778,-0.0429293,-0.313056,-0.313074,-0.0453328,-0.0499131
-0.0227273,-0.0429293,-0.356534,-0.356453,0.143834,0.151223
-0.0176768,-0.0429293,-0.378712,-0.378571,0.243589,0.263448
-0.0126263,-0.0429293,-0.365208,-0.364994,0.386812,0.410015
-0.00757576,-0.0429293,-0.404068,-0.403713,0.643339,0.685453
-0.00252525,-0.0429293,-0.396298,-0.395844,0.835043,0.885688
0.00252525,-0.0429293,-0.394077,-0.393596,0.837459,0.928528
0.00757576,-0.0429293,-0.355255,-0.354605,1.2203,1.28709
0.0126263,-0.0429293,-0.341555,-0.340865,1.28619,1.39046
0.0176768,-0.0429293,-0.374326,-0.373459,1.6307,1.7276
0.0227273,-0.0429293,-0.362411,-0.361471,1.78805,1.87475
0.0277778,-0.0429293,-0.370981,-0.370005,1.85604,1.92877
0.0328283,-0.0429293,-0.343202,-0.342024,2.1706,2.28547
0.0378788,-0.0429293,-0.341241,-0.340097,2.12248,2.28547
0.0429293,-0.0429293,-0.301555,-0.300283,2.3225,2.55182
0.0479798,-0.0429293,-0.302472,-0.301197,2.28539,2.50712
0.0530303,-0.0429293,-0.255781,-0.254495,2.43738,2.54624
0.0580808,-0.0429293,-0.263941,-0.262529,2.63274,2.77907
0.0631313,-0.0429293,-0.272074,-0.270462,2.96933,3.21306
0.0681818,-0.0429293,-0.250042,-0.248468,2.94166,3.1162
0.0732323,-0.0429293,-0.271632,-0.269864,3.42647,3.49432
0.0782828,-0.0429293,-0.251439,-0.249559,3.42311,3.79048
0.0833333,-0.0429293,-0.256809,-0.254966,3.40999,3.70108
0.0883838,-0.0429293,-0.244085,-0.242371,3.31664,3.47197
0.0934343,-0.0429293,-0.251611,-0.249904,3.27431,3.42913
0.0984849,-0.0429293,-0.229554,-0.227869,3.20065,3.40678
0.103535,-0.0429293,-0.238242,-0.236422,3.3846,3.62284
0.108586,-0.0429293,-0.185108,-0.183344,3.27229,3.50177
0.113636,-0.0429293,-0.149811,-0.147957,3.34309,3.75882
0.118687,-0.0429293,-0.0834713,-0.0818297,3.1184,3.32296
0.123737,-0.0429293,-0.0526843,-0.0510067,3.18569,3.30433
0.128788,-0.0429293,-0.0173739,-0.0157841,2.90467,3.17395
0.133838,-0.0429293,7.44103e-05,0.00153482,2.71947,2.90945
0.138889,-0.0429293,-0.000426153,0.000927597,2.80869,2.8424
0.143939,-0.0429293,0.0368122,0.038093,2.41456,2.563
0.14899,-0.0429293,0.0468423,0.0482127,2.52765,2.79397
0.15404,-0.0429293,0.0499962,0.0512898,2.42995,2.64123
0.159091,-0.0429293,0.0473266,0.0486523,2.42795,2.67476
0.164141,-0.0429293,0.0490122,0.0503026,2.45721,2.59653
0.169192,-0.0429293,0.0718161,0.0729077,2.0845,2.19792
0.174242,-0.0429293,0.0864077,0.0874363,2.03946,2.03773
0.179293,-0.0429293,0.0994184,0.100311,1.75033,1.79186
0.184343,-0.0429293,0.0886037,0.0895038,1.67551,1.85519
0.189394,-0.0429293,0.0881176,0.0890009,1.66404,1.78814
0.194444,-0.0429293,0.0817706,0.082586,1.51124,1.62795
0.199495,-0.0429293,0.0793419,0.080023,1.3779,1.32993
0.204545,-0.0429293,0.0711411,0.0718869,1.35262,1.49757
0.209596,-0.0429293,0.0710739,0.0715852,1.02272,1.06916
0.214646,-0.0429293,0.104155,0.104528,0.657094,0.730157
0.219697,-0.0429293,0.104607,0.104778,0.255468,0.363216
0.224747,-0.0429293,0.11782,0.117745,-0.0481432,-0.130385
0.229798,-0.0429293,0.117118,0.116996,-0.258097,-0.279397
0.234848,-0.0429293,0.114252,0.114024,-0.376504,-0.435859
0.239899,-0.0429293,0.121218,0.120748,-0.702213,-0.897795
0.244949,-0.0429293,0.106619,0.105876,-1.35634,-1.40443
0.25,-0.0429293,0.115292,0.114001,-2.24809,-2.46614
-0.25,-0.0378788,-0.418732,-0.409145,16.1501,18.8393
-0.244949,-0.0378788,-0.332754,-0.325846,11.7539,13.6411
-0.239899,-0.0378788,-0.268009,-0.262799,8.88769,10.3186
-0.234848,-0.0378788,-0.218246,-0.214115,7.13869,8.21054
-0.229798,-0.0378788,-0.183399,-0.180061,5.75155,6.63334
-0.224747,-0.0378788,-0.169957,-0.167372,4.43086,5.13811
-0.219697,-0.0378788,-0.148586,-0.146606,3.35525,3.91621
-0.214646,-0.0378788,-0.126911,-0.125365,2.66376,3.09572
-0.209596,-0.0378788,-0.123003,-0.12186,1.9056,2.30037
-0.204545,-0.0378788,-0.092372,-0.0913814,1.65356,1.97068
-0.199495,-0.0378788,-0.0970974,-0.0965744,0.866126,1.06543
-0.194444,-0.0378788,-0.0797979,-0.0794493,0.57324,0.732019
-0.189394,-0.0378788,-0.0720891,-0.0718702,0.429103,0.460073
-0.184343,-0.0378788,-0.0684682,-0.0683367,0.138899,0.275671
-0.179293,-0.0378788,-0.0575569,-0.0575799,-0.0835239,-0.0558793
-0.174242,-0.0378788,-0.0571383,-0.0572782,-0.340093,-0.305474
-0.169192,-0.0378788,-0.0519997,-0.0521913,-0.424594,-0.383705
-0.164141,-0.0378788,-0.0632095,-0.0635311,-0.605722,-0.603497
-0.159091,-0.0378788,-0.0466396,-0.0469964,-0.740408,-0.700355
-0.15404,-0.0378788,-0.051097,-0.0515934,-0.991022,-0.966713
-0.14899,-0.0378788,-0.0443641,-0.0448991,-1.11087,-1.06357
-0.143939,-0.0378788,-0.0786952,-0.0794958,-1.56536,-1.58884
-0.138889,-0.0378788,-0.0836195,-0.0845492,-1.81676,-1.79373
-0.133838,-0.0378788,-0.0717957,-0.072686,-1.66103,-1.83471
-0.128788,-0.0378788,-0.0598716,-0.0608414,-1.76498,-1.92411
-0.123737,-0.0378788,-0.0735535,-0.074666,-2.00535,-2.16253
-0.118687,-0.0378788,-0.1054,-0.106635,-2.28094,-2.47359
-0.113636,-0.0378788,-0.0987288,-0.0999626,-2.30955,-2.42516
-0.108586,-0.0378788,-0.110944,-0.112234,-2.32284,-2.56859
-0.103535,-0.0378788,-0.130198,-0.131473,-2.30645,-2.52016
-0.0984849,-0.0378788,-0.148533,-0.149792,-2.43842,-2.54996
-0.0934343,-0.0378788,-0.166706,-0.167999,-2.30975,-2.52388
-0.0883838,-0.0378788,-0.171802,-0.173135,-2.38086,-2.65613
-0.0833333,-0.0378788,-0.187954,-0.189256,-2.43146,-2.60584
-0.0782828,-0.0378788,-0.189766,-0.191102,-2.50033,-2.68966
-0.0732323,-0.0378788,-0.196237,-0.197334,-1.9922,-2.21096
-0.0681818,-0.0378788,-0.188525,-0.189617,-2.03115,-2.20537
-0.0631313,-0.0378788,-0.165199,-0.16612,-1.77514,-1.88686
-0.0580808,-0.0378788,-0.160529,-0.161298,-1.41403,-1.53668
-0.0530303,-0.0378788,-0.152241,-0.152779,-1.02112,-1.07754
-0.0479798,-0.0378788,-0.160392,-0.160963,-1.07981,-1.15763
-0.0429293,-0.0378788,-0.21035,-0.210855,-0.929775,-1.00769
-0.0378788,-0.0378788,-0.225656,-0.22608,-0.802472,-0.854954
-0.0328283,-0.0378788,-0.271955,-0.27216,-0.388157,-0.417
-0.0277778,-0.0378788,-0.263577,-0.263735,-0.301413,-0.32573
-0.0227273,-0.0378788,-0.306082,-0.306142,-0.127752,-0.137486
-0.0176768,-0.0378788,-0.330409,-0.3304,0.0006331,0.00523869
-0.0126263,-0.0378788,-0.313143,-0.313067,0.132973,0.140164
-0.00757576,-0.0378788,-0.354389,-0.354188,0.380999,0.386266
-0.00252525,-0.0378788,-0.347519,-0.347236,0.580233,0.576256
0.00252525,-0.0378788,-0.345165,-0.344856,0.587708,0.606989
0.00757576,-0.0378788,-0.304783,-0.304243,0.983015,1.06869
0.0126263,-0.0378788,-0.291281,-0.29072,1.04576,1.10595
0.0176768,-0.0378788,-0.325946,-0.325201,1.3927,1.45659
0.0227273,-0.0378788,-0.313778,-0.31297,1.55222,1.60653
0.0277778,-0.0378788,-0.32107,-0.320191,1.62428,1.74716
0.0328283,-0.0378788,-0.293215,-0.292205,1.93524,2.02749
0.0378788,-0.0378788,-0.291493,-0.290473,1.88903,2.04332
0.0429293,-0.0378788,-0.251958,-0.250828,2.08871,2.23704
0.0479798,-0.0378788,-0.252339,-0.251267,2.05295,2.15694
0.0530303,-0.0378788,-0.204037,-0.202899,2.1963,2.29757
0.0580808,-0.0378788,-0.214288,-0.213025,2.38996,2.52202
0.0631313,-0.0378788,-0.222431,-0.220925,2.72937,3.03797
0.0681818,-0.0378788,-0.198345,-0.196906,2.69275,2.86475
0.0732323,-0.0378788,-0.218331,-0.216641,3.10135,3.35649
0.0782828,-0.0378788,-0.199224,-0.197567,3.10325,3.35276
0.0833333,-0.0378788,-0.203472,-0.201832,3.08991,3.26894
0.0883838,-0.0378788,-0.192234,-0.190636,3.00687,3.19816
0.0934343,-0.0378788,-0.199041,-0.197509,2.96073,3.07895
0.0984849,-0.0378788,-0.1766,-0.17507,2.88502,3.02307
0.103535,-0.0378788,-0.185138,-0.183471,3.07322,3.31737
0.108586,-0.0378788,-0.132546,-0.130985,2.96661,3.14042
0.113636,-0.0378788,-0.0974783,-0.0958182,3.03025,3.26522
0.118687,-0.0378788,-0.0571204,-0.0555851,2.93557,3.03052
0.123737,-0.0378788,-0.0519267,-0.0502393,3.12002,3.39746
0.128788,-0.0378788,-0.015875,-0.0143051,2.82565,3.13297
0.133838,-0.0378788,0.00066282,0.00207312,2.65724,2.84985
0.138889,-0.0378788,0.000914322,0.00239909,2.73762,3.03611
0.143939,-0.0378788,0.0373403,0.0385996,2.36327,2.49781
0.14899,-0.0378788,0.0475626,0.0488237,2.46454,2.50712
0.15404,-0.0378788,0.0511797,0.0524297,2.36765,2.55182
0.159091,-0.0378788,0.0487747,0.0500828,2.3736,2.5481
0.164141,-0.0378788,0.050215,0.0514649,2.39769,2.56672
0.169192,-0.0378788,0.0741511,0.0752099,2.02411,2.11969
0.174242,-0.0378788,0.0889544,0.0900179,1.98964,2.17557
0.179293,-0.0378788,0.101731,0.102542,1.6799,1.68383
0.184343,-0.0378788,0.0906257,0.0914596,1.6222,1.72108
0.189394,-0.0378788,0.0906411,0.0914708,1.60785,1.66148
0.194444,-0.0378788,0.0842057,0.0849329,1.47437,1.48639
0.199495,-0.0378788,0.0822417,0.0829697,1.33372,1.44914
0.204545,-0.0378788,0.0734525,0.0741482,1.28785,1.37836
0.209596,-0.0378788,0.0745132,0.0749864,0.975309,0.989064
0.214646,-0.0378788,0.0917828,0.0921003,0.582574,0.663102
0.219697,-0.0378788,0.0903349,0.0904594,0.241959,0.292435
0.224747,-0.0378788,0.103289,0.103237,-0.034425,-0.0651926
0.229798,-0.0378788,0.103521,0.103394,-0.248313,-0.247732
0.234848,-0.0378788,0.10033,0.100046,-0.392653,-0.439584
0.239899,-0.0378788,0.107819,0.107378,-0.704799,-0.834465
0.244949,-0.0378788,0.0940469,0.0932738,-1.3617,-1.42306
0.25,-0.0378788,0.102458,0.101194,-2.23731,-2.34321
-0.25,-0.0328283,-0.415884,-0.406252,16.2376,18.9529
-0.244949,-0.0328283,-0.327789,-0.3208,11.8517,13.7875
-0.239899,-0.0328283,-0.261614,-0.256306,9.03397,10.4846
-0.234848,-0.0328283,-0.214967,-0.210769,7.19933,8.31703
-0.229798,-0.0328283,-0.178606,-0.17519,5.8731,6.78498
-0.224747,-0.0328283,-0.166903,-0.164238,4.56938,5.30481
-0.219697,-0.0328283,-0.145943,-0.143905,3.48108,4.06476
-0.214646,-0.0328283,-0.125472,-0.12384,2.78677,3.26708
-0.209596,-0.0328283,-0.121504,-0.120286,2.0319,2.44193
-0.204545,-0.0328283,-0.0954774,-0.0944324,1.71621,2.09175
-0.199495,-0.0328283,-0.0869934,-0.0862628,1.1911,1.45845
-0.194444,-0.0328283,-0.0696758,-0.0691246,0.908887,1.12131
-0.189394,-0.0328283,-0.0619276,-0.061485,0.767041,0.906177
-0.184343,-0.0328283,-0.0595817,-0.0592861,0.474511,0.595115
-0.179293,-0.0328283,-0.0455172,-0.0453349,0.217695,0.353903
-0.174242,-0.0328283,-0.0441854,-0.0441428,-0.0288662,0.0987202
-0.169192,-0.0328283,-0.04019,-0.0402043,-0.110057,-0.0279397
-0.164141,-0.0328283,-0.0492691,-0.0494001,-0.28874,-0.262633
-0.159091,-0.0328283,-0.0315069,-0.0316864,-0.413373,-0.365078
-0.15404,-0.0328283,-0.0377196,-0.0380576,-0.663391,-0.653788
-0.14899,-0.0328283,-0.0324727,-0.0328962,-0.795561,-0.832602
-0.143939,-0.0328283,-0.0591636,-0.0597592,-1.15487,-1.18092
-0.138889,-0.0328283,-0.0636016,-0.06436,-1.41577,-1.49198
-0.133838,-0.0328283,-0.0536085,-0.0542607,-1.24186,-1.30385
-0.128788,-0.0328283,-0.0423288,-0.043029,-1.35244,-1.36532
-0.123737,-0.0328283,-0.0561367,-0.0569671,-1.5872,-1.69128
-0.118687,-0.0328283,-0.0764803,-0.0774674,-1.80303,-1.9595
-0.113636,-0.0328283,-0.0700949,-0.0710711,-1.84282,-1.9595
-0.108586,-0.0328283,-0.0846905,-0.085786,-2.01222,-2.15135
-0.103535,-0.0328283,-0.102896,-0.103949,-2.00524,-2.0992
-0.0984849,-0.0328283,-0.122003,-0.123132,-2.13999,-2.22959
-0.0934343,-0.0328283,-0.11407,-0.115095,-1.94101,-2.05636
-0.0883838,-0.0328283,-0.118806,-0.119889,-2.01339,-2.1439
-0.0833333,-0.0328283,-0.132904,-0.134006,-2.07424,-2.19047
-0.0782828,-0.0328283,-0.136028,-0.137154,-2.12335,-2.24449
-0.0732323,-0.0328283,-0.143558,-0.144439,-1.60959,-1.7453
-0.0681818,-0.0328283,-0.134714,-0.135597,-1.64543,-1.76206
-0.0631313,-0.0328283,-0.113569,-0.114322,-1.38981,-1.51247
-0.0580808,-0.0328283,-0.109079,-0.109632,-1.02286,-1.11572
-0.0530303,-0.0328283,-0.110529,-0.110972,-0.844174,-0.888482
-0.0479798,-0.0328283,-0.119456,-0.119922,-0.892002,-0.947155
-0.0429293,-0.0328283,-0.169321,-0.169725,-0.756438,-0.829808
-0.0378788,-0.0328283,-0.184182,-0.184531,-0.646591,-0.706874
-0.0328283,-0.0328283,-0.230641,-0.230755,-0.21521,-0.241329
-0.0277778,-0.0328283,-0.222154,-0.222216,-0.138394,-0.132713
-0.0227273,-0.0328283,-0.263599,-0.263559,0.0560329,0.0694854
-0.0176768,-0.0328283,-0.287109,-0.287008,0.175216,0.187312
-0.0126263,-0.0328283,-0.273123,-0.272952,0.317176,0.329688
-0.00757576,-0.0328283,-0.290948,-0.290734,0.390199,0.407686
-0.00252525,-0.0328283,-0.283121,-0.282787,0.601154,0.649365
0.00252525,-0.0328283,-0.280505,-0.280165,0.613798,0.66054
0.00757576,-0.0328283,-0.249701,-0.249198,0.942407,1.00164
0.0126263,-0.0328283,-0.229266,-0.228776,0.916028,0.966713
0.0176768,-0.0328283,-0.263312,-0.262631,1.26385,1.3588
0.0227273,-0.0328283,-0.249724,-0.248938,1.42924,1.5581
0.0277778,-0.0328283,-0.258605,-0.257788,1.50839,1.62236
0.0328283,-0.0328283,-0.239738,-0.238816,1.76409,1.80956
0.0378788,-0.0328283,-0.237879,-0.236948,1.71096,1.85892
0.0429293,-0.0328283,-0.197354,-0.196339,1.90829,2.02283
0.0479798,-0.0328283,-0.198169,-0.19718,1.88478,1.98092
0.0530303,-0.0328283,-0.178445,-0.17741,1.95492,2.06195
0.0580808,-0.0328283,-0.1882,-0.18709,2.1406,2.22214
0.0631313,-0.0328283,-0.194701,-0.193382,2.47754,2.66172
0.0681818,-0.0328283,-0.172007,-0.170711,2.44755,2.6226
0.0732323,-0.0328283,-0.192057,-0.190513,2.86107,3.04356
0.0782828,-0.0328283,-0.171438,-0.169946,2.85313,2.99513
0.0833333,-0.0328283,-0.176833,-0.175329,2.84634,2.98955
0.0883838,-0.0328283,-0.165156,-0.163646,2.76105,3.02866
0.0934343,-0.0328283,-0.172023,-0.170544,2.72425,2.97651
0.0984849,-0.0328283,-0.149147,-0.147747,2.64511,2.80142
0.103535,-0.0328283,-0.158746,-0.157241,2.83634,3.01935
0.108586,-0.0328283,-0.104954,-0.103492,2.72681,2.92435
0.113636,-0.0328283,-0.0698285,-0.0683293,2.79286,2.97837
0.118687,-0.0328283,-0.0292477,-0.0277627,2.69336,2.98023
0.123737,-0.0328283,-0.0239384,-0.0224449,2.88454,3.08827
0.128788,-0.0328283,0.0119784,0.0133384,2.59088,2.76417
0.133838,-0.0328283,0.029348,0.030566,2.41529,2.52575
0.138889,-0.0328283,0.0290959,0.0304505,2.50882,2.73064
0.143939,-0.0328283,0.0430063,0.0442192,2.29877,2.43075
0.14899,-0.0328283,0.0539934,0.0552013,2.40336,2.43261
0.15404,-0.0328283,0.0573053,0.0585467,2.29905,2.45124
0.159091,-0.0328283,0.0563301,0.0576526,2.29581,2.60025
0.164141,-0.0328283,0.049833,0.0511147,2.42036,2.58163
0.169192,-0.0328283,0.0734901,0.0745244,2.04074,2.10479
0.174242,-0.0328283,0.0882648,0.0894293,2.01076,2.30595
0.179293,-0.0328283,0.101199,0.102088,1.70327,1.79559
0.184343,-0.0328283,0.0902196,0.0911131,1.64001,1.83657
0.189394,-0.0328283,0.090798,0.0916384,1.63197,1.68011
0.194444,-0.0328283,0.0846731,0.0854731,1.51003,1.61305
0.199495,-0.0328283,0.0827066,0.0834279,1.37661,1.41561
0.204545,-0.0328283,0.0748766,0.0756308,1.32005,1.48639
0.209596,-0.0328283,0.0757112,0.0762641,1.01068,1.17533
0.214646,-0.0328283,0.0928179,0.0930969,0.585185,0.633299
0.219697,-0.0328283,0.0918522,0.0920053,0.287742,0.342727
0.224747,-0.0328283,0.0885394,0.0884924,-0.0254919,-0.0707805
0.229798,-0.0328283,0.0896541,0.0894964,-0.232612,-0.275671
0.234848,-0.0328283,0.085739,0.0855327,-0.363869,-0.383705
0.239899,-0.0328283,0.0860496,0.0856761,-0.657605,-0.73947
0.244949,-0.0328283,0.0730462,0.0722557,-1.33335,-1.47894
0.25,-0.0328283,0.0817838,0.0805259,-2.23463,-2.43261
-0.25,-0.0277778,-0.418112,-0.408474,16.175,18.9599
-0.244949,-0.0277778,-0.329071,-0.322097,11.8028,13.7778
-0.239899,-0.0277778,-0.266026,-0.260765,8.91211,10.4073
-0.234848,-0.0277778,-0.220352,-0.21618,7.08586,8.25897
-0.229798,-0.0277778,-0.174316,-0.170929,5.81659,6.73626
-0.224747,-0.0277778,-0.158134,-0.155435,4.63502,5.37079
-0.219697,-0.0277778,-0.14503,-0.143027,3.38876,3.98373
-0.214646,-0.0277778,-0.124684,-0.123085,2.69104,3.18792
-0.209596,-0.0277778,-0.109525,-0.10819,2.2476,2.68035
-0.204545,-0.0277778,-0.0760537,-0.074923,1.92616,2.25566
-0.199495,-0.0277778,-0.0680399,-0.0672061,1.4019,1.66707
-0.194444,-0.0277778,-0.0501241,-0.0494448,1.1352,1.36998
-0.189394,-0.0277778,-0.0437465,-0.0431295,0.981808,1.22376
-0.184343,-0.0277778,-0.0414527,-0.0410275,0.700385,0.868924
-0.179293,-0.0277778,-0.0141191,-0.0137081,0.650875,0.821426
-0.174242,-0.0277778,-0.0120788,-0.0118157,0.406253,0.532716
-0.169192,-0.0277778,-0.00856997,-0.00833068,0.342877,0.488944
-0.164141,-0.0277778,-0.0181611,-0.0180486,0.155773,0.230968
-0.159091,-0.0277778,-0.00236583,-0.00232225,0.0288173,0.104308
-0.15404,-0.0277778,0.00127014,0.00122655,-0.121247,-0.0717118
-0.14899,-0.0277778,0.00626405,0.00615884,-0.240094,-0.212342
-0.143939,-0.0277778,-0.0199359,-0.0202386,-0.602596,-0.601634
-0.138889,-0.0277778,-0.0246763,-0.025115,-0.868028,-0.882894
-0.133838,-0.0277778,-0.0164101,-0.0167778,-0.695451,-0.732019
-0.128788,-0.0277778,-0.0048868,-0.00529829,-0.793473,-0.828877
-0.123737,-0.0277778,-0.0177394,-0.0182409,-1.02159,-0.999309
-0.118687,-0.0277778,-0.0415022,-0.0421181,-1.23477,-1.23307
-0.113636,-0.0277778,-0.035182,-0.0358354,-1.26949,-1.29268
-0.108586,-0.0277778,-0.0499239,-0.0507105,-1.4508,-1.52737
-0.103535,-0.0277778,-0.0683392,-0.0691395,-1.43919,-1.56462
-0.0984849,-0.0277778,-0.0862112,-0.0870004,-1.5787,-1.61491
-0.0934343,-0.0277778,-0.0794664,-0.0801757,-1.37,-1.43237
-0.0883838,-0.0277778,-0.0832801,-0.0840723,-1.44842,-1.58697
-0.0833333,-0.0277778,-0.0986376,-0.0994094,-1.50103,-1.52737
-0.0782828,-0.0277778,-0.100503,-0.101315,-1.54484,-1.61678
-0.0732323,-0.0277778,-0.10888,-0.109422,-1.03104,-1.09617
-0.0681818,-0.0277778,-0.100836,-0.10141,-1.07091,-1.14925
-0.0631313,-0.0277778,-0.0786719,-0.0791023,-0.810867,-0.86287
-0.0580808,-0.0277778,-0.086726,-0.0870968,-0.726834,-0.752509
-0.0530303,-0.0277778,-0.0766793,-0.0769745,-0.58078,-0.592787
-0.0479798,-0.0277778,-0.0867101,-0.0870423,-0.64039,-0.665896
-0.0429293,-0.0277778,-0.137284,-0.137554,-0.501418,-0.545289
-0.0378788,-0.0277778,-0.150221,-0.150418,-0.390607,-0.412576
-0.0328283,-0.0277778,-0.211095,-0.211187,-0.184412,-0.197557
-0.0277778,-0.0277778,-0.202475,-0.202505,-0.0820888,-0.0706641
-0.0227273,-0.0277778,-0.245299,-0.245229,0.103942,0.123924
-0.0176768,-0.0277778,-0.268243,-0.268116,0.219997,0.240863
-0.0126263,-0.0277778,-0.253802,-0.253608,0.347091,0.372296
-0.00757576,-0.0277778,-0.271389,-0.27115,0.454102,0.475906
-0.00252525,-0.0277778,-0.271594,-0.271301,0.553363,0.570901
0.00252525,-0.0277778,-0.2693,-0.268992,0.571502,0.604661
0.00757576,-0.0277778,-0.239567,-0.239077,0.906905,0.969507
0.0126263,-0.0277778,-0.219337,-0.218855,0.888884,0.952277
0.0176768,-0.0277778,-0.251344,-0.250673,1.24126,1.32155
0.0227273,-0.0277778,-0.239169,-0.238419,1.40778,1.49477
0.0277778,-0.0277778,-0.246708,-0.245919,1.47822,1.56835
0.0328283,-0.0277778,-0.229101,-0.228116,1.74299,1.91759
0.0378788,-0.0277778,-0.227029,-0.226112,1.69373,1.82912
0.0429293,-0.0277778,-0.179939,-0.178962,1.7903,1.94181
0.0479798,-0.0277778,-0.182124,-0.181179,1.75286,1.89617
0.0530303,-0.0277778,-0.162901,-0.161935,1.83028,1.90921
0.0580808,-0.0277778,-0.171524,-0.170494,2.02031,2.08989
0.0631313,-0.0277778,-0.175011,-0.173799,2.25682,2.38977
0.0681818,-0.0277778,-0.147315,-0.146194,2.11752,2.23052
0.0732323,-0.0277778,-0.165116,-0.163821,2.44089,2.59094
0.0782828,-0.0277778,-0.144253,-0.142915,2.43099,2.6226
0.0833333,-0.0277778,-0.14889,-0.147551,2.41727,2.65427
0.0883838,-0.0277778,-0.136799,-0.135534,2.33159,2.52947
0.0934343,-0.0277778,-0.14363,-0.142451,2.21346,2.37301
0.0984849,-0.0277778,-0.134314,-0.133175,2.16593,2.27708
0.103535,-0.0277778,-0.142368,-0.141127,2.35955,2.50526
0.108586,-0.0277778,-0.0877867,-0.0866139,2.24712,2.36277
0.113636,-0.0277778,-0.0529133,-0.0516716,2.30526,2.45497
0.118687,-0.0277778,-0.0122459,-0.0110567,2.21027,2.35625
0.123737,-0.0277778,-0.00677259,-0.00548735,2.40204,2.66358
0.128788,-0.0277778,0.028706,0.0298806,2.12623,2.30409
0.133838,-0.0277778,0.0403235,0.0412948,1.82323,1.9744
0.138889,-0.0277778,0.0401016,0.041062,1.92282,1.94833
0.143939,-0.0277778,0.0556315,0.0564977,1.70244,1.78069
0.14899,-0.0277778,0.0656067,0.0665896,1.81328,1.98372
0.15404,-0.0277778,0.0693075,0.0701956,1.71808,1.75089
0.159091,-0.0277778,0.0686142,0.0695772,1.70637,1.90362
0.164141,-0.0277778,0.0624708,0.0634585,1.83804,1.96882
0.169192,-0.0277778,0.0862567,0.0869855,1.45883,1.51806
0.174242,-0.0277778,0.101167,0.101924,1.41747,1.48267
0.179293,-0.0277778,0.114004,0.11462,1.12798,1.22748
0.184343,-0.0277778,0.103246,0.1038,1.05347,1.11759
0.189394,-0.0277778,0.0983039,0.0989027,1.15382,1.24425
0.194444,-0.0277778,0.0936661,0.0942256,1.03756,1.12504
0.199495,-0.0277778,0.0913381,0.0918172,0.898573,0.927597
0.204545,-0.0277778,0.0838559,0.0842549,0.84429,0.836328
0.209596,-0.0277778,0.0839223,0.0841953,0.546863,0.566244
0.214646,-0.0277778,0.0941218,0.0942741,0.311892,0.329688
0.219697,-0.0277778,0.0909901,0.0910461,0.124908,0.1546
0.224747,-0.0277778,0.0883066,0.0881441,-0.231011,-0.305474
0.229798,-0.0277778,0.0888543,0.0885986,-0.404865,-0.491738
0.234848,-0.0277778,0.0847169,0.0844132,-0.527604,-0.597909
0.239899,-0.0277778,0.0851861,0.0846926,-0.814342,-0.931322
0.244949,-0.0277778,0.0717555,0.0709612,-1.41812,-1.52737
0.25,-0.0277778,0.0813242,0.0800192,-2.36745,-2.48104
-0.25,-0.0227273,-0.404382,-0.394768,16.1522,18.9207
-0.244949,-0.0227273,-0.317785,-0.310865,11.6379,13.6634
-0.239899,-0.0227273,-0.25549,-0.250296,8.77517,10.2721
-0.234848,-0.0227273,-0.209523,-0.205423,6.95651,8.12835
-0.229798,-0.0227273,-0.165018,-0.161698,5.66322,6.60075
-0.224747,-0.0227273,-0.149355,-0.146718,4.51785,5.24928
-0.219697,-0.0227273,-0.1332,-0.13122,3.31709,3.93065
-0.214646,-0.0227273,-0.108529,-0.106862,2.78731,3.30713
-0.209596,-0.0227273,-0.0960076,-0.0946359,2.31654,2.73017
-0.204545,-0.0227273,-0.0613091,-0.0600982,2.01255,2.41399
-0.199495,-0.0227273,-0.0533577,-0.052439,1.51667,1.85054
-0.194444,-0.0227273,-0.0362363,-0.0354946,1.23313,1.47242
-0.189394,-0.0227273,-0.0282559,-0.0275979,1.09424,1.3141
-0.184343,-0.0227273,-0.0259151,-0.0254041,0.82244,1.0333
-0.179293,-0.0227273,0.000265015,0.000736676,0.77839,0.961125
-0.174242,-0.0227273,-0.000138368,0.000167638,0.522755,0.61281
-0.169192,-0.0227273,0.00194371,0.00223611,0.459233,0.598375
-0.164141,-0.0227273,0.00139304,0.00163913,0.386479,0.508735
-0.159091,-0.0227273,0.0176748,0.0178525,0.261929,0.361819
-0.15404,-0.0227273,0.0237272,0.0238284,0.107208,0.204891
-0.14899,-0.0227273,0.0265541,0.0265855,-0.00250127,0.0675209
-0.143939,-0.0227273,7.62995e-05,-0.000100583,-0.376229,-0.349246
-0.138889,-0.0227273,-0.0045963,-0.00489037,-0.615923,-0.594184
-0.133838,-0.0227273,0.00216376,0.00193855,-0.446319,-0.433531
-0.128788,-0.0227273,0.013411,0.0131177,-0.542148,-0.565313
-0.123737,-0.0227273,0.0207565,0.0204472,-0.641236,-0.617467
-0.118687,-0.0227273,-0.0027571,-0.00322331,-0.856382,-0.906177
-0.113636,-0.0227273,0.0155623,0.0151377,-0.823036,-0.837259
-0.108586,-0.0227273,-0.000137654,-0.000645406,-1.00292,-1.00862
-0.103535,-0.0227273,0.00496717,0.00448246,-0.898242,-0.967644
-0.0984849,-0.0227273,-0.0120738,-0.0126353,-1.03885,-1.12038
-0.0934343,-0.0227273,-0.00349639,-0.00394601,-0.840856,-0.899657
-0.0883838,-0.0227273,-0.00923037,-0.00970531,-0.910736,-0.946224
-0.0833333,-0.0227273,-0.0250117,-0.0255331,-0.945688,-1.00117
-0.0782828,-0.0227273,-0.0135351,-0.0140741,-0.989356,-1.07102
-0.0732323,-0.0227273,-0.0217258,-0.0219748,-0.484362,-0.497792
-0.0681818,-0.0227273,-0.0134361,-0.013697,-0.508069,-0.530854
-0.0631313,-0.0227273,0.000887872,0.000658911,-0.440496,-0.461005
-0.0580808,-0.0227273,-0.00738392,-0.00756397,-0.369759,-0.366475
-0.0530303,-0.0227273,0.000770319,0.000672473,-0.216884,-0.199536
-0.0479798,-0.0227273,-0.00861447,-0.00874221,-0.272141,-0.258209
-0.0429293,-0.0227273,-0.0340157,-0.0341212,-0.209525,-0.220258
-0.0378788,-0.0227273,-0.0484457,-0.0484813,-0.107199,-0.0817235
-0.0328283,-0.0227273,-0.0832811,-0.0832748,0.00703471,0.0127038
-0.0277778,-0.0227273,-0.0757861,-0.0757236,0.0991757,0.120024
-0.0227273,-0.0227273,-0.0972687,-0.0971662,0.169333,0.196218
-0.0176768,-0.0227273,-0.109726,-0.109609,0.203173,0.226137
-0.0126263,-0.0227273,-0.101041,-0.100908,0.239507,0.265893
-0.00757576,-0.0227273,-0.119738,-0.119555,0.329924,0.350061
-0.00252525,-0.0227273,-0.121396,-0.121145,0.45617,0.487082
0.00252525,-0.0227273,-0.118511,-0.118251,0.464141,0.509084
0.00757576,-0.0227273,-0.0879615,-0.0875308,0.79756,0.846572
0.0126263,-0.0227273,-0.0665353,-0.0660999,0.795294,0.863336
0.0176768,-0.0227273,-0.100336,-0.0997223,1.14191,1.23586
0.0227273,-0.0227273,-0.109992,-0.109361,1.18358,1.25589
0.0277778,-0.0227273,-0.118274,-0.117595,1.25704,1.36485
0.0328283,-0.0227273,-0.111422,-0.110638,1.45272,1.56043
0.0378788,-0.0227273,-0.110116,-0.109342,1.4185,1.53854
0.0429293,-0.0227273,-0.0890439,-0.0882614,1.42098,1.57254
0.0479798,-0.0227273,-0.0908428,-0.0901017,1.38192,1.47754
0.0530303,-0.0227273,-0.0709921,-0.0702017,1.46023,1.57719
0.0580808,-0.0227273,-0.0798201,-0.0789184,1.64578,1.78255
0.0631313,-0.0227273,-0.0832698,-0.0822525,1.88857,2.04053
0.0681818,-0.0227273,-0.0557447,-0.0547813,1.75047,1.9148
0.0732323,-0.0227273,-0.0853593,-0.0842931,2.05629,2.14297
0.0782828,-0.0227273,-0.0652593,-0.0641476,2.05211,2.18581
0.0833333,-0.0227273,-0.0694869,-0.0684038,2.0414,2.16346
0.0883838,-0.0227273,-0.0575931,-0.0565676,1.95201,2.0666
0.0934343,-0.0227273,-0.0645037,-0.0635376,1.82877,1.92877
0.0984849,-0.0227273,-0.0546305,-0.0536484,1.78991,1.95438
0.103535,-0.0227273,-0.0619019,-0.0608647,1.97558,2.07219
0.108586,-0.0227273,-0.0332356,-0.0322089,1.9557,2.05822
0.113636,-0.0227273,0.00308244,0.00412203,2.01436,2.06009
0.118687,-0.0227273,0.0201023,0.021128,2.0155,2.07312
0.123737,-0.0227273,0.0255638,0.0267159,2.21773,2.35438
0.128788,-0.0227273,0.0390428,0.0401642,2.05278,2.23145
0.133838,-0.0227273,0.0391225,0.0401139,1.84707,1.95019
0.138889,-0.0227273,0.0388976,0.0399481,1.94499,2.11224
0.143939,-0.0227273,0.0547518,0.0556465,1.725,1.79559
0.14899,-0.0227273,0.0656147,0.0666231,1.82724,2.00234
0.15404,-0.0227273,0.0694484,0.0703745,1.72335,1.85519
0.159091,-0.0227273,0.0680357,0.0689775,1.73287,1.91294
0.164141,-0.0227273,0.0539528,0.0548959,1.76167,1.88313
0.169192,-0.0227273,0.0766462,0.0774041,1.40049,1.50502
0.174242,-0.0227273,0.0924096,0.0931919,1.34725,1.54972
0.179293,-0.0227273,0.105312,0.105867,1.06237,1.11945
0.184343,-0.0227273,0.0950519,0.095563,1.00085,1.05053
0.189394,-0.0227273,0.0903549,0.0909436,1.09313,1.18837
0.194444,-0.0227273,0.0858419,0.0863857,0.975204,1.08033
0.199495,-0.0227273,0.0838583,0.0842605,0.810386,0.819564
0.204545,-0.0227273,0.0769492,0.0773463,0.784105,0.804663
0.209596,-0.0227273,0.0771516,0.0774097,0.489977,0.538304
0.214646,-0.0227273,0.0872621,0.0873841,0.252369,0.275671
0.219697,-0.0227273,0.0849639,0.0849683,0.0550567,0.0186264
0.224747,-0.0227273,0.0811115,0.0809301,-0.315652,-0.353903
0.229798,-0.0227273,0.0823612,0.0821045,-0.459756,-0.509433
0.234848,-0.0227273,0.0789082,0.0785757,-0.577484,-0.633299
0.239899,-0.0227273,0.062835,0.0623306,-0.89853,-0.982545
0.244949,-0.0227273,0.0493549,0.0484902,-1.53193,-1.67824
0.25,-0.0227273,0.0500075,0.0486411,-2.39144,-2.6077
-0.25,-0.0176768,-0.401693,-0.392111,16.0513,18.8276
-0.244949,-0.0176768,-0.314012,-0.307158,11.5415,13.5279
-0.239899,-0.0176768,-0.252286,-0.247113,8.72998,10.2161
-0.234848,-0.0176768,-0.206729,-0.20269,6.88453,8.00099
-0.229798,-0.0176768,-0.163203,-0.15992,5.59546,6.52973
-0.224747,-0.0176768,-0.147903,-0.145299,4.44768,5.17885
-0.219697,-0.0176768,-0.126528,-0.124501,3.43524,4.03507
-0.214646,-0.0176768,-0.104408,-0.102705,2.88347,3.39269
-0.209596,-0.0176768,-0.0907696,-0.0893306,2.44416,2.87732
-0.204545,-0.0176768,-0.0579069,-0.0566686,2.11604,2.47639
-0.199495,-0.0176768,-0.0448573,-0.0438229,1.75005,2.06428
-0.194444,-0.0176768,-0.0204192,-0.0195676,1.43966,1.70479
-0.189394,-0.0176768,-0.0097246,-0.00893883,1.33581,1.58185
-0.184343,-0.0176768,-0.00930999,-0.00868691,1.04952,1.24681
-0.179293,-0.0176768,0.0144216,0.0150078,0.993385,1.18441
-0.174242,-0.0176768,0.0123249,0.012781,0.738586,0.915956
-0.169192,-0.0176768,0.0187659,0.0191834,0.682812,0.841683
-0.164141,-0.0176768,0.0170329,0.01739,0.621324,0.732369
-0.159091,-0.0176768,0.0311617,0.0314554,0.49292,0.601532
-0.15404,-0.0176768,0.0355002,0.0357053,0.337907,0.431086
-0.14899,-0.0176768,0.0386673,0.0388171,0.233934,0.310829
-0.143939,-0.0176768,0.0142978,0.0142581,-0.139795,-0.0749715
-0.138889,-0.0176768,0.00930989,0.00913441,-0.370924,-0.341795
-0.133838,-0.0176768,0.0138804,0.0137989,-0.197999,-0.168337
-0.128788,-0.0176768,0.0229223,0.0227909,-0.289322,-0.267755
-0.123737,-0.0176768,0.0296132,0.0294307,-0.386111,-0.356231
-0.118687,-0.0176768,0.00698451,0.00666454,-0.600284,-0.610948
-0.113636,-0.0176768,0.0240658,0.0237878,-0.563496,-0.561122
-0.108586,-0.0176768,0.0232822,0.0229338,-0.682517,-0.694767
-0.103535,-0.0176768,0.0288481,0.0285492,-0.584967,-0.591855
-0.0984849,-0.0176768,0.010235,0.00986177,-0.720432,-0.729226
-0.0934343,-0.0176768,0.0207176,0.0204393,-0.527265,-0.55274
-0.0883838,-0.0176768,0.0144508,0.0141505,-0.581848,-0.594184
-0.0833333,-0.0176768,-0.00309428,-0.00341516,-0.620959,-0.631902
-0.0782828,-0.0176768,0.00796518,0.00762148,-0.652622,-0.674743
-0.0732323,-0.0176768,-0.00412354,-0.00429677,-0.33071,-0.342494
-0.0681818,-0.0176768,0.0042888,0.00411132,-0.361256,-0.355532
-0.0631313,-0.0176768,0.0168058,0.0166558,-0.284312,-0.305008
-0.0580808,-0.0176768,0.00734881,0.00724877,-0.208608,-0.2007
-0.0530303,-0.0176768,0.0121332,0.0120472,-0.180598,-0.169966
-0.0479798,-0.0176768,0.00113173,0.00101828,-0.231139,-0.233529
-0.0429293,-0.0176768,-0.0240385,-0.0241252,-0.173178,-0.172062
-0.0378788,-0.0176768,-0.0372119,-0.0372434,-0.0477195,-0.0648433
-0.0328283,-0.0176768,-0.0738957,-0.0738664,0.0626151,0.0604305
-0.0277778,-0.0176768,-0.0653666,-0.0652882,0.139315,0.153494
-0.0227273,-0.0176768,-0.0866736,-0.0865404,0.205184,0.261294
-0.0176768,-0.0176768,-0.0977193,-0.0975752,0.256879,0.285407
-0.0126263,-0.0176768,-0.0913316,-0.0911773,0.283204,0.307918
-0.00757576,-0.0176768,-0.108605,-0.108389,0.376044,0.4209
-0.00252525,-0.0176768,-0.0984794,-0.0982702,0.399283,0.412227
0.00252525,-0.0176768,-0.0965567,-0.0963194,0.425077,0.468834
0.00757576,-0.0176768,-0.0633717,-0.0629493,0.764239,0.830972
0.0126263,-0.0176768,-0.0438178,-0.0434099,0.747423,0.802567
0.0176768,-0.0176768,-0.0676099,-0.0670734,0.987883,1.06683
0.0227273,-0.0176768,-0.0778151,-0.0772709,1.03064,1.09198
0.0277778,-0.0176768,-0.0853587,-0.084762,1.10708,1.18604
0.0328283,-0.0176768,-0.0781803,-0.0774623,1.30532,1.41794
0.0378788,-0.0176768,-0.0782915,-0.0776015,1.25984,1.36532
0.0429293,-0.0176768,-0.0650664,-0.0644529,1.10027,1.19791
0.0479798,-0.0176768,-0.0670088,-0.0664415,1.06494,1.14331
0.0530303,-0.0176768,-0.046082,-0.0454795,1.14048,1.18674
0.0580808,-0.0176768,-0.05508,-0.0543962,1.32598,1.38255
0.0631313,-0.0176768,-0.0501713,-0.0494374,1.36764,1.4687
0.0681818,-0.0176768,-0.022233,-0.0215748,1.23661,1.32201
0.0732323,-0.0176768,-0.0528857,-0.0520917,1.54185,1.62283
0.0782828,-0.0176768,-0.0314592,-0.0306624,1.5305,1.60886
0.0833333,-0.0176768,-0.0348977,-0.0341157,1.51396,1.57533
0.0883838,-0.0176768,-0.0242369,-0.0234558,1.43576,1.59023
0.0934343,-0.0176768,-0.0306128,-0.0299014,1.31251,1.41899
0.0984849,-0.0176768,-0.0192348,-0.0185574,1.26221,1.34751
0.103535,-0.0176768,-0.026375,-0.0256179,1.4533,1.53389
0.108586,-0.0176768,0.0020251,0.00276603,1.43668,1.49012
0.113636,-0.0176768,0.0373295,0.0381293,1.50799,1.59442
0.118687,-0.0176768,0.0545121,0.0553466,1.50257,1.65403
0.123737,-0.0176768,0.0576072,0.0584824,1.624,1.74623
0.128788,-0.0176768,0.0719328,0.0726776,1.4705,1.53389
0.133838,-0.0176768,0.0691788,0.0698022,1.19286,1.26287
0.138889,-0.0176768,0.0687124,0.0694189,1.2832,1.39698
0.143939,-0.0176768,0.0732623,0.0738669,1.16316,1.21677
0.14899,-0.0176768,0.0774026,0.0780355,1.16725,1.27219
0.15404,-0.0176768,0.0815176,0.0820747,1.05069,1.13714
0.159091,-0.0176768,0.0799594,0.0805305,1.06138,1.16229
0.164141,-0.0176768,0.0666318,0.0672387,1.09686,1.20606
0.169192,-0.0176768,0.0790792,0.0795098,0.846773,0.890344
0.174242,-0.0176768,0.0954959,0.095916,0.800525,0.846572
0.179293,-0.0176768,0.10879,0.109063,0.510732,0.566244
0.184343,-0.0176768,0.0983254,0.0985647,0.453342,0.499189
0.189394,-0.0176768,0.0942271,0.0945209,0.55352,0.594184
0.194444,-0.0176768,0.0842577,0.0845464,0.541925,0.59139
0.199495,-0.0176768,0.0818922,0.0820979,0.383473,0.409782
0.204545,-0.0176768,0.0743862,0.0745505,0.352086,0.341795
0.209596,-0.0176768,0.0751524,0.0751684,0.058639,0.0502914
0.214646,-0.0176768,0.0768044,0.0767848,0.00203789,-0.0176951
0.219697,-0.0176768,0.076353,0.0762325,-0.193083,-0.219792
0.224747,-0.0176768,0.071826,0.0715265,-0.537311,-0.577187
0.229798,-0.0176768,0.0732251,0.0728541,-0.688689,-0.730622
0.234848,-0.0176768,0.0700833,0.0696294,-0.80477,-0.881031
0.239899,-0.0176768,0.0545204,0.0538849,-1.13236,-1.2205
0.244949,-0.0176768,0.0410302,0.0400413,-1.76355,-1.90083
0.25,-0.0176768,0.0420544,0.0405768,-2.61257,-2.82098
-0.25,-0.0126263,-0.387428,-0.377886,16.0619,18.7531
-0.244949,-0.0126263,-0.301351,-0.294585,11.4528,13.3491
-0.239899,-0.0126263,-0.241858,-0.236783,8.60353,10.0341
-0.234848,-0.0126263,-0.196374,-0.192407,6.76833,7.86548
-0.229798,-0.0126263,-0.153767,-0.150585,5.45506,6.33229
-0.224747,-0.0126263,-0.13751,-0.134962,4.36156,5.06721
-0.219697,-0.0126263,-0.119454,-0.117497,3.30909,3.89619
-0.214646,-0.0126263,-0.095249,-0.0936183,2.77613,3.24903
-0.209596,-0.0126263,-0.0816267,-0.080226,2.3689,2.79117
-0.204545,-0.0126263,-0.0506092,-0.0494206,2.01346,2.3758
-0.199495,-0.0126263,-0.0388628,-0.0378899,1.64676,1.93994
-0.194444,-0.0126263,-0.0135901,-0.0127824,1.35164,1.61212
-0.189394,-0.0126263,-0.00249693,-0.00175508,1.25761,1.49058
-0.184343,-0.0126263,-0.00561518,-0.0050473,0.947647,1.14297
-0.179293,-0.0126263,0.0194699,0.0200006,0.903771,1.07009
-0.174242,-0.0126263,0.015306,0.0157035,0.655586,0.811648
-0.169192,-0.0126263,0.0213341,0.0217042,0.596749,0.752974
-0.164141,-0.0126263,0.0193947,0.019731,0.536122,0.676489
-0.159091,-0.0126263,0.0329946,0.0332489,0.409205,0.512169
-0.15404,-0.0126263,0.055412,0.0556747,0.432939,0.541797
-0.14899,-0.0126263,0.060798,0.0610012,0.333247,0.418397
-0.143939,-0.0126263,0.035289,0.0352934,-0.0347779,0.0237487
-0.138889,-0.0126263,0.027296,0.0271741,-0.273185,-0.248663
-0.133838,-0.0126263,0.0310037,0.0309711,-0.0969791,-0.0621658
-0.128788,-0.0126263,0.0391176,0.039042,-0.187549,-0.139233
-0.123737,-0.0126263,0.0459508,0.0458099,-0.286933,-0.273809
-0.118687,-0.0126263,0.0220181,0.0217729,-0.484091,-0.474509
-0.113636,-0.0126263,0.0393658,0.039137,-0.441866,-0.441447
-0.108586,-0.0126263,0.0388523,0.0385484,-0.565482,-0.59139
-0.103535,-0.0126263,0.0432134,0.0429787,-0.463357,-0.460073
-0.0984849,-0.0126263,0.026706,0.0263909,-0.602634,-0.625383
-0.0934343,-0.0126263,0.0356086,0.0354066,-0.406377,-0.41048
-0.0883838,-0.0126263,0.0296089,0.0293739,-0.454321,-0.462402
-0.0833333,-0.0126263,0.0121999,0.0119577,-0.492744,-0.490341
-0.0782828,-0.0126263,0.0241334,0.0238619,-0.524011,-0.544358
-0.0732323,-0.0126263,0.010259,0.0101682,-0.196414,-0.184984
-0.0681818,-0.0126263,0.0187357,0.0186135,-0.23415,-0.245287
-0.0631313,-0.0126263,0.0466397,0.046568,-0.157775,-0.149374
-0.0580808,-0.0126263,0.0378448,0.0378172,-0.0791062,-0.0577856
-0.0530303,-0.0126263,0.0421679,0.0421544,-0.0566091,-0.0344589
-0.0479798,-0.0126263,0.0316482,0.0315938,-0.106937,-0.104425
-0.0429293,-0.0126263,0.00620277,0.00619516,-0.0286274,-0.0194414
-0.0378788,-0.0126263,-0.00818316,-0.00813254,0.0932372,0.0967993
-0.0328283,-0.0126263,-0.045455,-0.0453514,0.201444,0.200933
-0.0277778,-0.0126263,-0.0361629,-0.0360087,0.27848,0.308501
-0.0227273,-0.0126263,-0.0551305,-0.0549408,0.340993,0.367523
-0.0176768,-0.0126263,-0.0680425,-0.0678298,0.389348,0.421773
-0.0126263,-0.0126263,-0.0612236,-0.0609904,0.423729,0.457745
-0.00757576,-0.0126263,-0.0600562,-0.0598481,0.374854,0.412459
-0.00252525,-0.0126263,-0.0657627,-0.0656361,0.232294,0.244006
0.00252525,-0.0126263,-0.0617149,-0.0615682,0.263947,0.28708
0.00757576,-0.0126263,-0.0316056,-0.031285,0.594232,0.63621
0.0126263,-0.0126263,-0.010744,-0.0104304,0.582282,0.622953
0.0176768,-0.0126263,-0.0338187,-0.0333803,0.812963,0.875094
0.0227273,-0.0126263,-0.0446927,-0.0442341,0.869515,0.919914
0.0277778,-0.0126263,-0.0517623,-0.0512528,0.946423,1.01386
0.0328283,-0.0126263,-0.0468842,-0.0462723,1.14856,1.21468
0.0378788,-0.0126263,-0.0465817,-0.0459917,1.10295,1.17929
0.0429293,-0.0126263,-0.0327224,-0.0322193,0.940864,1.0082
0.0479798,-0.0126263,-0.0340744,-0.0335891,0.909783,0.971137
0.0530303,-0.0126263,-0.0142184,-0.0136846,0.991272,1.06533
0.0580808,-0.0126263,-0.0234099,-0.022785,1.17427,1.24588
0.0631313,-0.0126263,-0.0172209,-0.016591,1.21477,1.27871
0.0681818,-0.0126263,0.00984748,0.0104206,1.08076,1.14311
0.0732323,-0.0126263,-0.0204409,-0.0197082,1.39238,1.47708
0.0782828,-0.0126263,0.000556759,0.00128709,1.38143,1.47615
0.0833333,-0.0126263,-0.0194644,-0.0187317,1.37799,1.45496
0.0883838,-0.0126263,-0.00707918,-0.00639702,1.29027,1.35298
0.0934343,-0.0126263,-0.0127411,-0.0121206,1.16704,1.24742
0.0984849,-0.0126263,-0.00150123,-0.000906759,1.11916,1.17987
0.103535,-0.0126263,-0.00820597,-0.00750786,1.30873,1.3886
0.108586,-0.0126263,0.0206723,0.0213454,1.29016,1.36252
0.113636,-0.0126263,0.0553537,0.0560889,1.36146,1.46031
0.118687,-0.0126263,0.0707248,0.071391,1.27338,1.34855
0.123737,-0.0126263,0.0737742,0.0744937,1.39174,1.44914
0.128788,-0.0126263,0.087789,0.088444,1.24565,1.3262
0.133838,-0.0126263,0.0856537,0.0861673,0.963096,1.03761
0.138889,-0.0126263,0.0851883,0.0857264,1.06183,1.11107
0.143939,-0.0126263,0.0707775,0.071353,1.08343,1.14879
0.14899,-0.0126263,0.0747126,0.0752802,1.08938,1.15763
0.15404,-0.0126263,0.078257,0.0787605,0.981294,1.03051
0.159091,-0.0126263,0.0775276,0.0780337,0.984097,1.03237
0.164141,-0.0126263,0.0640138,0.06455,1.03652,1.06543
0.169192,-0.0126263,0.0783658,0.078751,0.759894,0.783009
0.174242,-0.0126263,0.0939038,0.094282,0.730082,0.770669
0.179293,-0.0126263,0.107367,0.107586,0.435697,0.443309
0.184343,-0.0126263,0.097049,0.0972522,0.388286,0.415603
0.189394,-0.0126263,0.0932546,0.0935025,0.496903,0.506174
0.194444,-0.0126263,0.0836112,0.0838637,0.487177,0.515021
0.199495,-0.0126263,0.0817266,0.0818898,0.315532,0.333413
0.204545,-0.0126263,0.0738849,0.0740299,0.289441,0.294764
0.209596,-0.0126263,0.0748539,0.0748248,-0.0357749,-0.0516884
0.214646,-0.0126263,0.0640332,0.0639684,-0.0923248,-0.109547
0.219697,-0.0126263,0.0634745,0.0633179,-0.269857,-0.299013
0.224747,-0.0126263,0.0599201,0.0595786,-0.628839,-0.657746
0.229798,-0.0126263,0.0617878,0.0613701,-0.768779,-0.823289
0.234848,-0.0126263,0.0581125,0.0576219,-0.891907,-0.949832
0.239899,-0.0126263,0.0431245,0.0424238,-1.25391,-1.35473
0.244949,-0.0126263,0.0303374,0.0293179,-1.83373,-1.9687
0.25,-0.0126263,0.0313787,0.0298531,-2.70499,-2.92971
-0.25,-0.00757576,-0.410469,-0.400908,16.0965,18.8295
-0.244949,-0.00757576,-0.320972,-0.313994,11.8122,13.7594
-0.239899,-0.00757576,-0.260532,-0.255238,9.0038,10.4625
-0.234848,-0.00757576,-0.218341,-0.214146,7.09327,8.30367
-0.229798,-0.00757576,-0.172941,-0.169536,5.86653,6.75768
-0.224747,-0.00757576,-0.14428,-0.141477,4.87339,5.57117
-0.219697,-0.00757576,-0.123829,-0.121541,3.89641,4.49829
-0.214646,-0.00757576,-0.101626,-0.0997111,3.32502,3.79793
-0.209596,-0.00757576,-0.0846729,-0.0829417,3.03599,3.4254
-0.204545,-0.00757576,-0.051793,-0.0502253,2.70056,3.12459
-0.199495,-0.00757576,-0.0346291,-0.0332315,2.4806,2.77534
-0.194444,-0.00757576,-0.00587324,-0.00461843,2.22634,2.49688
-0.189394,-0.00757576,0.0112715,0.0124574,2.05686,2.3935
-0.184343,-0.00757576,0.00743477,0.00840425,1.75319,1.96695
-0.179293,-0.00757576,0.0336609,0.0346648,1.72625,1.97254
-0.174242,-0.00757576,0.0286534,0.0294624,1.47735,1.65217
-0.169192,-0.00757576,0.0412752,0.0420772,1.3577,1.57673
-0.164141,-0.00757576,0.0391457,0.0398848,1.31417,1.45845
-0.159091,-0.00757576,0.0555022,0.0561709,1.18231,1.31503
-0.15404,-0.00757576,0.0733673,0.0740588,1.21001,1.39233
-0.14899,-0.00757576,0.0798875,0.0805156,1.09275,1.23773
-0.143939,-0.00757576,0.0522409,0.0526765,0.745738,0.864267
-0.138889,-0.00757576,0.0608386,0.0612158,0.639557,0.738539
-0.133838,-0.00757576,0.0691341,0.0695549,0.735197,0.841915
-0.128788,-0.00757576,0.0763156,0.076673,0.659026,0.719912
-0.123737,-0.00757576,0.0812795,0.0815866,0.563285,0.608154
-0.118687,-0.00757576,0.0591225,0.0593318,0.350561,0.430271
-0.113636,-0.00757576,0.0751795,0.0754241,0.403497,0.493601
-0.108586,-0.00757576,0.0950404,0.0952221,0.361772,0.383705
-0.103535,-0.00757576,0.102272,0.102541,0.453001,0.539236
-0.0984849,-0.00757576,0.0837892,0.0839853,0.316299,0.374392
-0.0934343,-0.00757576,0.0886,0.0887443,0.26544,0.296626
-0.0883838,-0.00757576,0.0847716,0.0848919,0.214156,0.252388
-0.0833333,-0.00757576,0.0684376,0.0685779,0.177121,0.26077
-0.0782828,-0.00757576,0.0776254,0.0777149,0.148371,0.185566
-0.0732323,-0.00757576,0.0589081,0.0590901,0.303805,0.352506
-0.0681818,-0.00757576,0.0670258,0.0671619,0.28064,0.289176
-0.0631313,-0.00757576,0.0971391,0.0973437,0.342263,0.389293
-0.0580808,-0.00757576,0.0797476,0.0799,0.242034,0.305474
-0.0530303,-0.00757576,0.0780606,0.0781513,0.139644,0.181142
-0.0479798,-0.00757576,0.0671009,0.067143,0.0856336,0.0804139
-0.0429293,-0.00757576,0.0403157,0.0404105,0.170684,0.182015
-0.0378788,-0.00757576,0.0249834,0.0251401,0.293561,0.317348
-0.0328283,-0.00757576,-0.0113793,-0.0111589,0.392775,0.42771
-0.0277778,-0.00757576,-0.00117507,-0.000903383,0.48298,0.525964
-0.0227273,-0.00757576,-0.00242703,-0.00218616,0.432791,0.472763
-0.0176768,-0.00757576,0.005428,0.00563034,0.357438,0.39814
-0.0126263,-0.00757576,0.0119508,0.0121717,0.398034,0.435626
-0.00757576,-0.00757576,0.0133904,0.0135842,0.35672,0.3858
-0.00252525,-0.00757576,0.00853232,0.00864873,0.22055,0.229105
0.00252525,-0.00757576,0.0105322,0.0106608,0.23509,0.255648
0.00757576,-0.00757576,0.0422314,0.0425448,0.572856,0.623018
0.0126263,-0.00757576,0.0445454,0.0447757,0.433499,0.45984
0.0176768,-0.00757576,0.0360507,0.0363155,0.503755,0.527594
0.0227273,-0.00757576,0.0271793,0.0274668,0.543697,0.569271
0.0277778,-0.00757576,0.0174847,0.0178262,0.633839,0.678236
0.0328283,-0.00757576,0.0318613,0.032231,0.695839,0.735279
0.0378788,-0.00757576,0.0320186,0.0323558,0.657441,0.678468
0.0429293,-0.00757576,0.0260652,0.0262698,0.411206,0.40466
0.0479798,-0.00757576,0.0313702,0.0315001,0.240153,0.263564
0.0530303,-0.00757576,0.0511509,0.0513019,0.32265,0.300817
0.0580808,-0.00757576,0.0415913,0.0418583,0.514067,0.536907
0.0631313,-0.00757576,0.0473332,0.0476199,0.550665,0.578817
0.0681818,-0.00757576,0.0753076,0.0755163,0.417999,0.421889
0.0732323,-0.00757576,0.0506636,0.0509503,0.556887,0.572298
0.0782828,-0.00757576,0.0716809,0.0719624,0.548573,0.56671
0.0833333,-0.00757576,0.0514957,0.051782,0.548922,0.560656
0.0883838,-0.00757576,0.0646199,0.0648638,0.460203,0.497326
0.0934343,-0.00757576,0.0596374,0.0598235,0.331308,0.356697
0.0984849,-0.00757576,0.0713286,0.071465,0.27938,0.273809
0.103535,-0.00757576,0.06459,0.0647502,0.329651,0.320375
0.108586,-0.00757576,0.0934503,0.0935998,0.309078,0.306405
0.113636,-0.00757576,0.128693,0.128785,0.234231,0.212342
0.118687,-0.00757576,0.141665,0.141668,0.00948281,0.0083819
0.123737,-0.00757576,0.144238,0.144293,0.135067,0.12666
0.128788,-0.00757576,0.136398,0.136367,0.00775768,-0.0512227
0.133838,-0.00757576,0.115242,0.115145,-0.147594,-0.193715
0.138889,-0.00757576,0.110276,0.110148,-0.160703,-0.268221
0.143939,-0.00757576,0.095229,0.09517,-0.134003,-0.106171
0.14899,-0.00757576,0.0994491,0.0993609,-0.135769,-0.160187
0.15404,-0.00757576,0.103417,0.103267,-0.234677,-0.268221
0.159091,-0.00757576,0.102563,0.102445,-0.223724,-0.234693
0.164141,-0.00757576,0.0896025,0.0894815,-0.183187,-0.212342
0.169192,-0.00757576,0.0898009,0.0896454,-0.291127,-0.312924
0.174242,-0.00757576,0.105061,0.104905,-0.320984,-0.317581
0.179293,-0.00757576,0.11173,0.111371,-0.651403,-0.672415
0.184343,-0.00757576,0.0911856,0.0908691,-0.558332,-0.625849
0.189394,-0.00757576,0.0876366,0.087399,-0.454725,-0.488013
0.194444,-0.00757576,0.0775838,0.0773445,-0.478034,-0.465661
0.199495,-0.00757576,0.0694187,0.0691283,-0.49057,-0.554137
0.204545,-0.00757576,0.0612398,0.0609793,-0.509098,-0.540167
0.209596,-0.00757576,0.0637652,0.0633467,-0.853773,-0.819564
0.214646,-0.00757576,0.0526381,0.0521373,-0.887658,-0.979751
0.219697,-0.00757576,0.0462167,0.0457279,-0.916496,-1.00769
0.224747,-0.00757576,0.0433081,0.0426471,-1.26147,-1.35414
0.229798,-0.00757576,0.0448865,0.0441335,-1.42229,-1.51061
0.234848,-0.00757576,0.0418985,0.0410769,-1.52649,-1.60001
0.239899,-0.00757576,0.0277137,0.0266321,-1.88678,-2.09361
0.244949,-0.00757576,0.0152528,0.0138953,-2.47599,-2.65613
0.25,-0.00757576,0.00421903,0.00236556,-3.32429,-3.60981
-0.25,-0.00252525,-0.419142,-0.409642,16.0998,18.6935
-0.244949,-0.00252525,-0.331938,-0.325052,11.7076,13.5507
-0.239899,-0.00252525,-0.272708,-0.267539,8.92069,10.2203
-0.234848,-0.00252525,-0.228182,-0.224011,7.12884,8.24779
-0.229798,-0.00252525,-0.185467,-0.182142,5.79672,6.64964
-0.224747,-0.00252525,-0.142949,-0.140151,4.83931,5.5097
-0.219697,-0.00252525,-0.119745,-0.117466,3.93739,4.51133
-0.214646,-0.00252525,-0.103321,-0.101482,3.2651,3.69921
-0.209596,-0.00252525,-0.0851008,-0.0833739,3.00883,3.44217
-0.204545,-0.00252525,-0.0561194,-0.0546072,2.63808,3.03611
-0.199495,-0.00252525,-0.037327,-0.0359192,2.44307,2.80701
-0.194444,-0.00252525,0.00195239,0.00330433,2.36394,2.68035
-0.189394,-0.00252525,0.0168573,0.0181105,2.18368,2.48849
-0.184343,-0.00252525,0.01332,0.014374,1.89568,2.12528
-0.179293,-0.00252525,0.0358158,0.0368804,1.86088,2.11224
-0.174242,-0.00252525,0.0329647,0.0338061,1.59906,1.77138
-0.169192,-0.00252525,0.043221,0.0440665,1.49803,1.64099
-0.164141,-0.00252525,0.0493118,0.0500679,1.38774,1.48267
-0.159091,-0.00252525,0.0647183,0.0654832,1.25612,1.546
-0.15404,-0.00252525,0.0826435,0.0833515,1.28776,1.45659
-0.14899,-0.00252525,0.0890469,0.0896929,1.17532,1.24145
-0.143939,-0.00252525,0.0618835,0.0623604,0.819173,0.972301
-0.138889,-0.00252525,0.0695965,0.0700196,0.730602,0.86613
-0.133838,-0.00252525,0.0761767,0.076646,0.821669,0.946224
-0.128788,-0.00252525,0.0845328,0.0849357,0.741405,0.792555
-0.123737,-0.00252525,0.0878184,0.0881869,0.669456,0.748783
-0.118687,-0.00252525,0.0831221,0.0834158,0.558242,0.606291
-0.113636,-0.00252525,0.101594,0.101918,0.603028,0.670552
-0.108586,-0.00252525,0.120513,0.120822,0.558691,0.616535
-0.103535,-0.00252525,0.126975,0.127311,0.648268,0.697561
-0.0984849,-0.00252525,0.108535,0.108818,0.525065,0.584871
-0.0934343,-0.00252525,0.115339,0.115589,0.478457,0.533648
-0.0883838,-0.00252525,0.108321,0.108593,0.440903,0.544824
-0.0833333,-0.00252525,0.0923491,0.0925707,0.395102,0.437722
-0.0782828,-0.00252525,0.101982,0.102191,0.363839,0.428408
-0.0732323,-0.00252525,0.0822939,0.0825659,0.52783,0.565313
-0.0681818,-0.00252525,0.090233,0.0905227,0.497891,0.569038
-0.0631313,-0.00252525,0.119691,0.120007,0.566316,0.613742
-0.0580808,-0.00252525,0.104702,0.10497,0.473018,0.548549
-0.0530303,-0.00252525,0.101472,0.101655,0.352622,0.377418
-0.0479798,-0.00252525,0.0895107,0.0896822,0.323777,0.349013
-0.0429293,-0.00252525,0.0546517,0.054793,0.251705,0.281376
-0.0378788,-0.00252525,0.0399128,0.0401023,0.373781,0.386732
-0.0328283,-0.00252525,0.00378495,0.00405405,0.483263,0.532018
-0.0277778,-0.00252525,0.0127333,0.0130383,0.56029,0.603497
-0.0227273,-0.00252525,0.0115597,0.0118359,0.521108,0.556931
-0.0176768,-0.00252525,0.0194706,0.0197163,0.451772,0.491855
-0.0126263,-0.00252525,0.0277708,0.0280307,0.485149,0.525964
-0.00757576,-0.00252525,0.0305625,0.0308016,0.45232,0.47237
-0.00252525,-0.00252525,0.0228852,0.0230458,0.305328,0.319909
0.00252525,-0.00252525,0.0261558,0.0263406,0.332244,0.369037
0.00757576,-0.00252525,0.0577239,0.0580875,0.665477,0.723521
0.0126263,-0.00252525,0.060099,0.0603809,0.528924,0.560773
0.0176768,-0.00252525,0.0521677,0.0524872,0.599653,0.640983
0.0227273,-0.00252525,0.0414526,0.0417969,0.649966,0.690576
0.0277778,-0.00252525,0.0331824,0.0335649,0.721388,0.76415
0.0328283,-0.00252525,0.0282661,0.0286426,0.697104,0.739936
0.0378788,-0.00252525,0.0283512,0.0286978,0.658564,0.687083
0.0429293,-0.00252525,0.0212634,0.021487,0.420545,0.453554
0.0479798,-0.00252525,0.0267162,0.0268612,0.247453,0.276603
0.0530303,-0.00252525,0.0463699,0.0465354,0.330361,0.335276
0.0580808,-0.00252525,0.0383679,0.038641,0.514539,0.546221
0.0631313,-0.00252525,0.0426374,0.0429354,0.565257,0.604894
0.0681818,-0.00252525,0.0705567,0.0707991,0.431484,0.479631
0.0732323,-0.00252525,0.0519866,0.0521885,0.407094,0.419095
0.0782828,-0.00252525,0.0732138,0.073419,0.398895,0.413507
0.0833333,-0.00252525,0.0565558,0.0566933,0.251926,0.264496
0.0883838,-0.00252525,0.0698143,0.0698995,0.164823,0.167638
0.0934343,-0.00252525,0.064961,0.0649914,0.0402499,0.0875443
0.0984849,-0.00252525,0.0761713,0.0761729,-0.0153717,-0.00186264
0.103535,-0.00252525,0.0699662,0.0699703,0.0287544,0.0279397
0.108586,-0.00252525,0.0993153,0.0993237,0.0111713,0.0149012
0.113636,-0.00252525,0.134089,0.134038,-0.0539291,-0.0940636
0.118687,-0.00252525,0.148501,0.14835,-0.283468,-0.322238
0.123737,-0.00252525,0.148956,0.148792,-0.269174,-0.329688
0.128788,-0.00252525,0.140224,0.140013,-0.39532,-0.456348
0.133838,-0.00252525,0.119279,0.118975,-0.550077,-0.633299
0.138889,-0.00252525,0.109713,0.109378,-0.65978,-0.692904
0.143939,-0.00252525,0.0952754,0.0949576,-0.628826,-0.57742
0.14899,-0.00252525,0.100039,0.099726,-0.636067,-0.66869
0.15404,-0.00252525,0.104683,0.104316,-0.730258,-0.745058
0.159091,-0.00252525,0.103693,0.103252,-0.712002,-0.832602
0.164141,-0.00252525,0.0901873,0.0898577,-0.673007,-0.678003
0.169192,-0.00252525,0.0913246,0.0909269,-0.770858,-0.784174
0.174242,-0.00252525,0.0983456,0.0978801,-0.875609,-0.90152
0.179293,-0.00252525,0.104882,0.104293,-1.20148,-1.2815
0.184343,-0.00252525,0.0848947,0.0842512,-1.10349,-1.26287
0.189394,-0.00252525,0.0808669,0.0803657,-1.00912,-1.02445
0.194444,-0.00252525,0.0704561,0.0698678,-1.0262,-1.18464
0.199495,-0.00252525,0.052337,0.0517964,-1.07381,-1.06916
0.204545,-0.00252525,0.0439359,0.0433959,-1.08069,-1.08406
0.209596,-0.00252525,0.0469139,0.0461861,-1.43429,-1.49384
0.214646,-0.00252525,0.0361686,0.0353083,-1.46443,-1.65775
0.219697,-0.00252525,0.0237618,0.0230297,-1.35941,-1.43796
0.224747,-0.00252525,0.0213345,0.0203103,-1.67955,-2.00048
0.229798,-0.00252525,0.0234443,0.0224859,-1.83523,-1.8999
0.234848,-0.00252525,0.0187444,0.0177566,-1.81317,-1.92597
0.239899,-0.00252525,0.00448637,0.00343844,-2.16779,-2.15694
0.244949,-0.00252525,-0.00766206,-0.00925362,-2.73677,-3.11807
0.25,-0.00252525,-0.0180669,-0.020124,-3.57971,-3.92646
-0.25,0.00252525,-0.408114,-0.398453,16.1414,18.9804
-0.244949,0.00252525,-0.321872,-0.314936,11.6721,13.6457
-0.239899,0.00252525,-0.262024,-0.25671,8.99377,10.5239
-0.234848,0.00252525,-0.218508,-0.214316,7.14689,8.3223
-0.229798,0.00252525,-0.175608,-0.172224,5.81588,6.7316
-0.224747,0.00252525,-0.131966,-0.129102,4.89853,5.65872
-0.219697,0.00252525,-0.108683,-0.106277,4.08218,4.75533
-0.214646,0.00252525,-0.0949577,-0.092946,3.40746,4.00282
-0.209596,0.00252525,-0.0759591,-0.0741333,3.16769,3.68245
-0.204545,0.00252525,-0.0466845,-0.0450388,2.80468,3.29688
-0.199495,0.00252525,-0.0202875,-0.0186972,2.78394,3.21679
-0.194444,0.00252525,0.0181187,0.0197161,2.69393,3.14973
-0.189394,0.00252525,0.0315166,0.0329558,2.51946,2.87965
-0.184343,0.00252525,0.0288563,0.0301208,2.24116,2.52388
-0.179293,0.00252525,0.0597228,0.0610519,2.36181,2.70642
-0.174242,0.00252525,0.0691426,0.0704527,2.26728,2.59094
-0.169192,0.00252525,0.0790065,0.0802372,2.16679,2.4382
-0.164141,0.00252525,0.0856036,0.0867397,2.04691,2.29292
-0.159091,0.00252525,0.0975427,0.0986252,1.92756,2.15881
-0.15404,0.00252525,0.119071,0.120144,1.93423,2.14018
-0.14899,0.00252525,0.122081,0.12308,1.85029,2.03773
-0.143939,0.00252525,0.109382,0.11033,1.62731,1.87941
-0.138889,0.00252525,0.116447,0.117315,1.54367,1.73226
-0.133838,0.00252525,0.121688,0.122594,1.64665,1.79745
-0.128788,0.00252525,0.129986,0.130843,1.56957,1.69687
-0.123737,0.00252525,0.13426,0.13509,1.49176,1.68011
-0.118687,0.00252525,0.130194,0.130894,1.26621,1.451
-0.113636,0.00252525,0.14824,0.149012,1.31351,1.51247
-0.108586,0.00252525,0.167705,0.168368,1.25992,1.37277
-0.103535,0.00252525,0.173882,0.17467,1.3615,1.5758
-0.0984849,0.00252525,0.155677,0.156356,1.25281,1.33738
-0.0934343,0.00252525,0.160699,0.161311,1.20254,1.22748
-0.0883838,0.00252525,0.154703,0.155313,1.14793,1.24052
-0.0833333,0.00252525,0.137284,0.13789,1.11215,1.2042
-0.0782828,0.00252525,0.148426,0.149037,1.08332,1.19582
-0.0732323,0.00252525,0.128381,0.129053,1.25082,1.38208
-0.0681818,0.00252525,0.130515,0.131168,1.07,1.22283
-0.0631313,0.00252525,0.161508,0.162143,1.14799,1.25077
-0.0580808,0.00252525,0.144879,0.145474,1.03849,1.16136
-0.0530303,0.00252525,0.134707,0.135119,0.774832,0.858679
-0.0479798,0.00252525,0.121786,0.122197,0.750895,0.82748
-0.0429293,0.00252525,0.0878424,0.0882335,0.684785,0.779983
-0.0378788,0.00252525,0.0733992,0.0738269,0.80101,0.854954
-0.0328283,0.00252525,0.0363952,0.0369013,0.908128,0.991858
-0.0277778,0.00252525,0.0229666,0.0233313,0.677739,0.731554
-0.0227273,0.00252525,0.0215831,0.0219441,0.638903,0.709435
-0.0176768,0.00252525,0.030195,0.0305132,0.573982,0.636093
-0.0126263,0.00252525,0.0386088,0.0389463,0.615811,0.679749
-0.00757576,0.00252525,0.040512,0.0408251,0.557118,0.620843
-0.00252525,0.00252525,0.0338993,0.0341304,0.42363,0.461121
0.00252525,0.00252525,0.036686,0.0369407,0.449713,0.504078
0.00757576,0.00252525,0.0529758,0.0533423,0.66334,0.730637
0.0126263,0.00252525,0.0701648,0.0703856,0.383498,0.431668
0.0176768,0.00252525,0.0612394,0.0614775,0.452046,0.481494
0.0227273,0.00252525,0.0630644,0.063255,0.351152,0.380445
0.0277778,0.00252525,0.0536731,0.0539045,0.435571,0.463333
0.0328283,0.00252525,0.0510155,0.0512414,0.398334,0.449363
0.0378788,0.00252525,0.0495824,0.0497946,0.367068,0.420026
0.0429293,0.00252525,0.0427172,0.0428129,0.130118,0.184402
0.0479798,0.00252525,0.0468103,0.0467971,-0.0383504,-0.0279397
0.0530303,0.00252525,0.0757774,0.0757165,-0.110711,-0.108965
0.0580808,0.00252525,0.0735598,0.0735158,-0.0747592,-0.104308
0.0631313,0.00252525,0.0786805,0.0786567,-0.0333722,-0.0409782
0.0681818,0.00252525,0.106427,0.10632,-0.157303,-0.193715
0.0732323,0.00252525,0.0875181,0.0874158,-0.176409,-0.201166
0.0782828,0.00252525,0.109167,0.109024,-0.191638,-0.296161
0.0833333,0.00252525,0.0933812,0.0931919,-0.337601,-0.363216
0.0883838,0.00252525,0.106889,0.10667,-0.429465,-0.437722
0.0934343,0.00252525,0.101235,0.100922,-0.551372,-0.651926
0.0984849,0.00252525,0.113824,0.113426,-0.744999,-0.793487
0.103535,0.00252525,0.107548,0.107152,-0.702197,-0.761822
0.108586,0.00252525,0.136487,0.136012,-0.842391,-0.996515
0.113636,0.00252525,0.172063,0.171553,-0.912445,-1.00397
0.118687,0.00252525,0.185749,0.185076,-1.12891,-1.30013
0.123737,0.00252525,0.183688,0.183023,-1.22478,-1.2964
0.128788,0.00252525,0.17651,0.175748,-1.35688,-1.53854
0.133838,0.00252525,0.154432,0.153642,-1.51368,-1.56835
0.138889,0.00252525,0.145651,0.144795,-1.60839,-1.70618
0.143939,0.00252525,0.1312,0.130277,-1.58346,-1.87382
0.14899,0.00252525,0.13578,0.134923,-1.5853,-1.74716
0.15404,0.00252525,0.140901,0.139941,-1.67776,-1.88872
0.159091,0.00252525,0.12673,0.125904,-1.51606,-1.63913
0.164141,0.00252525,0.113265,0.112403,-1.48537,-1.77696
0.169192,0.00252525,0.101742,0.100967,-1.43536,-1.53854
0.174242,0.00252525,0.109663,0.108883,-1.53456,-1.58697
0.179293,0.00252525,0.115355,0.114318,-1.85591,-2.10851
0.184343,0.00252525,0.0956219,0.0945888,-1.75234,-1.99676
0.189394,0.00252525,0.0914517,0.0905506,-1.65217,-1.77696
0.194444,0.00252525,0.0822686,0.0813827,-1.67903,-1.76951
0.199495,0.00252525,0.064406,0.0634864,-1.72368,-1.81794
0.204545,0.00252525,0.048344,0.047408,-1.57887,-1.85892
0.209596,0.00252525,0.0439067,0.0428483,-1.78905,-1.9893
0.214646,0.00252525,0.0342633,0.0332706,-1.80299,-1.97068
0.219697,0.00252525,0.0219798,0.0210889,-1.70153,-1.82167
0.224747,0.00252525,0.0213152,0.0201277,-2.02326,-2.31713
0.229798,0.00252525,0.0115496,0.0103489,-2.19017,-2.40281
0.234848,0.00252525,0.0064719,0.00529364,-2.15331,-2.29478
0.239899,0.00252525,-0.0076972,-0.00910088,-2.5154,-2.80887
0.244949,0.00252525,-0.0198609,-0.0215359,-3.06448,-3.24473
0.25,0.00252525,-0.0306898,-0.0327975,-3.76434,-4.09409
-0.25,0.00757576,-0.421827,-0.41214,16.252,18.9878
-0.244949,0.00757576,-0.334348,-0.327453,11.7526,13.6644
-0.239899,0.00757576,-0.278104,-0.272822,8.99989,10.4159
-0.234848,0.00757576,-0.233448,-0.229187,7.18058,8.43406
-0.229798,0.00757576,-0.192518,-0.189174,5.82128,6.6869
-0.224747,0.00757576,-0.146152,-0.143215,5.00224,5.85988
-0.219697,0.00757576,-0.125795,-0.123352,4.15085,4.86523
-0.214646,0.00757576,-0.111234,-0.10917,3.4865,4.09037
-0.209596,0.00757576,-0.0956569,-0.0937954,3.2086,3.69921
-0.204545,0.00757576,-0.0645851,-0.062909,2.88628,3.33413
-0.199495,0.00757576,-0.0386226,-0.0370108,2.85545,3.25963
-0.194444,0.00757576,0.0072116,0.00884943,2.7174,3.28012
-0.189394,0.00757576,0.022951,0.0243559,2.57274,2.83122
-0.184343,0.00757576,0.0185375,0.0198074,2.27106,2.5481
-0.179293,0.00757576,0.0501528,0.0515096,2.40215,2.71946
-0.174242,0.00757576,0.0718733,0.0732839,2.47202,2.77534
-0.169192,0.00757576,0.0965711,0.0978317,2.2548,2.55369
-0.164141,0.00757576,0.111868,0.113124,2.27291,2.48104
-0.159091,0.00757576,0.124368,0.125609,2.1601,2.40095
-0.15404,0.00757576,0.146582,0.147803,2.17113,2.51271
-0.14899,0.00757576,0.149592,0.150749,2.07889,2.38046
-0.143939,0.00757576,0.135243,0.136273,1.86911,2.09361
-0.138889,0.00757576,0.142125,0.143155,1.78603,2.02842
-0.133838,0.00757576,0.148884,0.149956,1.88369,2.15881
-0.128788,0.00757576,0.15449,0.155505,1.82465,1.96137
-0.123737,0.00757576,0.158012,0.158945,1.75729,1.90362
-0.118687,0.00757576,0.154212,0.155061,1.52627,1.70432
-0.113636,0.00757576,0.171797,0.172595,1.56245,1.60746
-0.108586,0.00757576,0.193064,0.193905,1.5205,1.67079
-0.103535,0.00757576,0.198568,0.199426,1.64054,1.7155
-0.0984849,0.00757576,0.178228,0.179017,1.51953,1.60001
-0.0934343,0.00757576,0.184,0.184774,1.46787,1.57207
-0.0883838,0.00757576,0.176974,0.177775,1.41939,1.5758
-0.0833333,0.00757576,0.159966,0.160733,1.39097,1.5609
-0.0782828,0.00757576,0.170392,0.171149,1.37013,1.52923
-0.0732323,0.00757576,0.151605,0.15243,1.52637,1.63726
-0.0681818,0.00757576,0.154826,0.155579,1.35358,1.50129
-0.0631313,0.00757576,0.183941,0.184745,1.42427,1.5907
-0.0580808,0.00757576,0.166891,0.1676,1.32606,1.42679
-0.0530303,0.00757576,0.174371,0.174937,1.02166,1.12224
-0.0479798,0.00757576,0.16392,0.164482,1.00073,1.11945
-0.0429293,0.00757576,0.127743,0.128259,0.932765,1.04122
-0.0378788,0.00757576,0.113585,0.114185,1.05298,1.18371
-0.0328283,0.00757576,0.0939428,0.0945283,1.08396,1.15763
-0.0277778,0.00757576,0.0988394,0.0992664,0.767795,0.853091
-0.0227273,0.00757576,0.0865622,0.0868865,0.576147,0.642147
-0.0176768,0.00757576,0.095756,0.0960402,0.511669,0.570115
-0.0126263,0.00757576,0.0902552,0.0904811,0.404228,0.450411
-0.00757576,0.00757576,0.110074,0.110204,0.233913,0.262167
-0.00252525,0.00757576,0.105124,0.105165,0.0831136,0.0856817
0.00252525,0.00757576,0.107098,0.107174,0.120889,0.148546
0.00757576,0.00757576,0.123619,0.123808,0.334279,0.381377
0.0126263,0.00757576,0.139986,0.140023,0.0560359,0.0661239
0.0176768,0.00757576,0.131077,0.131152,0.121854,0.161584
0.0227273,0.00757576,0.133234,0.133261,0.0232468,0.0493601
0.0277778,0.00757576,0.138303,0.138287,-0.0610609,-0.028871
0.0328283,0.00757576,0.143278,0.143177,-0.227106,-0.223517
0.0378788,0.00757576,0.143166,0.143016,-0.273194,-0.286847
0.0429293,0.00757576,0.135538,0.135275,-0.505298,-0.521541
0.0479798,0.00757576,0.141018,0.140671,-0.671807,-0.713393
0.0530303,0.00757576,0.168344,0.167971,-0.73971,-0.778586
0.0580808,0.00757576,0.166378,0.166008,-0.706508,-0.732019
0.0631313,0.00757576,0.178602,0.178151,-0.809862,-0.892207
0.0681818,0.00757576,0.206373,0.205813,-0.935598,-1.08965
0.0732323,0.00757576,0.187011,0.186488,-0.948564,-1.01328
0.0782828,0.00757576,0.208765,0.20824,-0.959854,-1.02818
0.0833333,0.00757576,0.192823,0.19226,-1.11189,-1.07847
0.0883838,0.00757576,0.205954,0.205312,-1.20115,-1.30571
0.0934343,0.00757576,0.201641,0.200938,-1.32863,-1.40071
0.0984849,0.00757576,0.195753,0.194974,-1.47328,-1.53854
0.103535,0.00757576,0.189655,0.188917,-1.43083,-1.50129
0.108586,0.00757576,0.21881,0.217985,-1.57407,-1.69501
0.113636,0.00757576,0.236068,0.235144,-1.70335,-1.84402
0.118687,0.00757576,0.2304,0.229426,-1.8256,-1.95578
0.123737,0.00757576,0.227486,0.226431,-1.91,-2.09734
0.128788,0.00757576,0.220361,0.219218,-2.0409,-2.15322
0.133838,0.00757576,0.199265,0.198055,-2.21035,-2.45497
0.138889,0.00757576,0.17382,0.172634,-2.17861,-2.35438
0.143939,0.00757576,0.159567,0.158425,-2.15016,-2.36928
0.14899,0.00757576,0.163771,0.162639,-2.15306,-2.2538
0.15404,0.00757576,0.168855,0.167645,-2.23987,-2.42144
0.159091,0.00757576,0.154838,0.153635,-2.08927,-2.2538
0.164141,0.00757576,0.142082,0.140939,-2.04803,-2.27243
0.169192,0.00757576,0.130094,0.129011,-2.00122,-2.16812
0.174242,0.00757576,0.126346,0.125341,-1.92201,-2.07499
0.179293,0.00757576,0.119819,0.118703,-2.09698,-2.23145
0.184343,0.00757576,0.100921,0.0999048,-1.99758,-2.05263
0.189394,0.00757576,0.0880216,0.0870079,-1.93427,-2.02283
0.194444,0.00757576,0.0788847,0.0778548,-1.95327,-2.01538
0.199495,0.00757576,0.0608587,0.0598021,-2.00573,-2.224
0.204545,0.00757576,0.0458893,0.044819,-1.88749,-2.12342
0.209596,0.00757576,0.0413912,0.0402741,-2.06412,-2.29478
0.214646,0.00757576,0.0260674,0.024952,-1.93362,-2.18302
0.219697,0.00757576,0.0146733,0.0136942,-1.82209,-1.90362
0.224747,0.00757576,0.0145491,0.0134483,-2.15686,-2.17557
0.229798,0.00757576,0.00504566,0.00371784,-2.31157,-2.66731
0.234848,0.00757576,4.65279e-05,-0.00116602,-2.27978,-2.41771
0.239899,0.00757576,-0.0140302,-0.0154003,-2.63454,-2.75299
0.244949,0.00757576,-0.0255286,-0.0272691,-3.19753,-3.41237
0.25,0.00757576,-0.0355955,-0.0378266,-3.90354,-4.30271
-0.25,0.0126263,-0.410401,-0.400573,16.6784,19.2337
-0.244949,0.0126263,-0.325668,-0.318538,12.0274,14.1002
-0.239899,0.0126263,-0.270644,-0.265125,9.29797,10.8629
-0.234848,0.0126263,-0.228859,-0.224445,7.41073,8.6762
-0.229798,0.0126263,-0.185949,-0.182416,6.1,6.98864
-0.224747,0.0126263,-0.138296,-0.13525,5.38709,6.10575
-0.219697,0.0126263,-0.115835,-0.1132,4.58102,5.23403
-0.214646,0.0126263,-0.100531,-0.0982657,4.0263,4.51133
-0.209596,0.0126263,-0.0838733,-0.0816248,3.77215,4.56721
-0.204545,0.0126263,-0.055496,-0.0535771,3.40699,3.84077
-0.199495,0.0126263,-0.0277528,-0.0258796,3.3933,3.78862
-0.194444,0.0126263,0.0282309,0.0301376,3.44508,3.75137
-0.189394,0.0126263,0.0415781,0.0433773,3.30454,3.67686
-0.184343,0.0126263,0.0333016,0.0349134,2.99535,3.25963
-0.179293,0.0126263,0.068575,0.0702851,3.13939,3.4757
-0.174242,0.0126263,0.0868516,0.0886805,3.20589,3.61353
-0.169192,0.0126263,0.111418,0.112962,2.98706,3.10689
-0.164141,0.0126263,0.126452,0.128135,3.01668,3.30433
-0.159091,0.0126263,0.155735,0.157464,3.03798,3.42727
-0.15404,0.0126263,0.175412,0.176985,3.06946,3.17395
-0.14899,0.0126263,0.177316,0.179,2.98443,3.33041
-0.143939,0.0126263,0.162474,0.163984,2.77306,2.93925
-0.138889,0.0126263,0.168868,0.170328,2.70656,2.97651
-0.133838,0.0126263,0.18066,0.182241,2.70259,3.20002
-0.128788,0.0126263,0.186241,0.187654,2.63303,2.86102
-0.123737,0.0126263,0.189516,0.19091,2.56819,2.73436
-0.118687,0.0126263,0.201484,0.202816,2.42716,2.68966
-0.113636,0.0126263,0.221565,0.222895,2.32911,2.65613
-0.108586,0.0126263,0.241997,0.243226,2.2889,2.46242
-0.103535,0.0126263,0.266603,0.267833,2.33397,2.50712
-0.0984849,0.0126263,0.263718,0.264924,2.27231,2.41399
-0.0934343,0.0126263,0.269124,0.270279,2.21298,2.32458
-0.0883838,0.0126263,0.261803,0.263059,2.17685,2.468
-0.0833333,0.0126263,0.244549,0.245761,2.14595,2.38046
-0.0782828,0.0126263,0.255313,0.256492,2.13386,2.30223
-0.0732323,0.0126263,0.233229,0.234423,2.16057,2.38046
-0.0681818,0.0126263,0.235416,0.236496,1.97935,2.1942
-0.0631313,0.0126263,0.281481,0.282489,1.8954,2.02656
-0.0580808,0.0126263,0.281529,0.282446,1.78853,1.85706
-0.0530303,0.0126263,0.290576,0.291412,1.48634,1.67452
-0.0479798,0.0126263,0.270128,0.2708,1.2739,1.36159
-0.0429293,0.0126263,0.234345,0.235019,1.2138,1.32713
-0.0378788,0.0126263,0.219053,0.21979,1.33559,1.48825
-0.0328283,0.0126263,0.199003,0.19977,1.37763,1.54227
-0.0277778,0.0126263,0.206946,0.207532,1.06505,1.17859
-0.0227273,0.0126263,0.193043,0.193521,0.879337,0.967644
-0.0176768,0.0126263,0.220046,0.220421,0.684027,0.751926
-0.0126263,0.0126263,0.215858,0.216173,0.584396,0.6349
-0.00757576,0.0126263,0.220349,0.220486,0.258423,0.281492
-0.00252525,0.0126263,0.214466,0.214529,0.117991,0.132713
0.00252525,0.0126263,0.218341,0.218424,0.13816,0.163913
0.00757576,0.0126263,0.234343,0.234542,0.361453,0.39814
0.0126263,0.0126263,0.249804,0.249852,0.082156,0.103377
0.0176768,0.0126263,0.255854,0.255868,-0.0105997,0.0111759
0.0227273,0.0126263,0.259114,0.259046,-0.107575,-0.137836
0.0277778,0.0126263,0.262852,0.262743,-0.188281,-0.209548
0.0328283,0.0126263,0.25314,0.252917,-0.443493,-0.433065
0.0378788,0.0126263,0.251148,0.250898,-0.477419,-0.493601
0.0429293,0.0126263,0.256439,0.255957,-0.893452,-0.959262
0.0479798,0.0126263,0.239694,0.239111,-1.1296,-1.20886
0.0530303,0.0126263,0.250205,0.249568,-1.23855,-1.28336
0.0580808,0.0126263,0.249084,0.248436,-1.2031,-1.29268
0.0631313,0.0126263,0.260458,0.259805,-1.30854,-1.32434
0.0681818,0.0126263,0.288816,0.288073,-1.42719,-1.49757
0.0732323,0.0126263,0.270011,0.269189,-1.44122,-1.65403
0.0782828,0.0126263,0.291341,0.290584,-1.45666,-1.49012
0.0833333,0.0126263,0.275023,0.274174,-1.6004,-1.68011
0.0883838,0.0126263,0.249527,0.248652,-1.64208,-1.72853
0.0934343,0.0126263,0.244863,0.243947,-1.76735,-1.86637
0.0984849,0.0126263,0.240254,0.239253,-1.92462,-2.00048
0.103535,0.0126263,0.233713,0.232659,-1.87111,-2.2091
0.108586,0.0126263,0.26268,0.261601,-2.0158,-2.13459
0.113636,0.0126263,0.279217,0.2781,-2.13769,-2.25008
0.118687,0.0126263,0.273762,0.272639,-2.25915,-2.33203
0.123737,0.0126263,0.272368,0.271041,-2.35465,-2.60025
0.128788,0.0126263,0.2655,0.264119,-2.47807,-2.66731
0.133838,0.0126263,0.225253,0.223879,-2.51496,-2.74181
0.138889,0.0126263,0.200186,0.198793,-2.50111,-2.76044
0.143939,0.0126263,0.186915,0.185546,-2.46649,-2.67848
0.14899,0.0126263,0.191327,0.189934,-2.46239,-2.78279
0.15404,0.0126263,0.195917,0.194449,-2.54601,-2.9169
0.159091,0.0126263,0.181848,0.180494,-2.40373,-2.66358
0.164141,0.0126263,0.153915,0.152659,-2.19189,-2.39909
0.169192,0.0126263,0.141573,0.140503,-2.14504,-2.224
0.174242,0.0126263,0.138242,0.137094,-2.06546,-2.37301
0.179293,0.0126263,0.133863,0.132684,-2.2387,-2.35811
0.184343,0.0126263,0.114075,0.112854,-2.14042,-2.37673
0.189394,0.0126263,0.0897008,0.0886135,-1.91445,-2.15694
0.194444,0.0126263,0.0808864,0.0798777,-1.91404,-1.96695
0.199495,0.0126263,0.0635295,0.0624582,-1.9642,-2.10479
0.204545,0.0126263,0.0489271,0.04787,-1.85366,-2.12342
0.209596,0.0126263,0.0442933,0.0432096,-2.0269,-2.20537
0.214646,0.0126263,0.0183175,0.0172742,-1.92344,-2.09361
0.219697,0.0126263,0.00617626,0.0051111,-1.81261,-2.07499
0.224747,0.0126263,0.00662887,0.00553578,-2.14834,-2.21655
0.229798,0.0126263,-0.00338358,-0.00468269,-2.29365,-2.50712
0.234848,0.0126263,-0.00816267,-0.00941381,-2.27962,-2.45124
0.239899,0.0126263,-0.022381,-0.0237823,-2.61397,-2.74181
0.244949,0.0126263,-0.0335779,-0.0353903,-3.1717,-3.62843
0.25,0.0126263,-0.0424719,-0.0447109,-3.89896,-4.25056
-0.25,0.0176768,-0.405407,-0.3957,16.7572,19.2262
-0.244949,0.0176768,-0.32212,-0.315111,12.076,13.9177
-0.239899,0.0176768,-0.263325,-0.257857,9.49833,10.8741
-0.234848,0.0176768,-0.223357,-0.219014,7.59049,8.62777
-0.229798,0.0176768,-0.182255,-0.178695,6.21419,7.10785
-0.224747,0.0176768,-0.134631,-0.131488,5.53601,6.28829
-0.219697,0.0176768,-0.113228,-0.110548,4.71742,5.30109
-0.214646,0.0176768,-0.0972004,-0.0947416,4.22103,4.79445
-0.209596,0.0176768,-0.0856338,-0.0834316,3.88594,4.36231
-0.204545,0.0176768,-0.055373,-0.0533462,3.54646,4.08292
-0.199495,0.0176768,-0.0277564,-0.0257045,3.53615,4.09037
-0.194444,0.0176768,0.0269738,0.0289641,3.58503,3.9041
-0.189394,0.0176768,0.0400412,0.0419691,3.44797,3.75509
-0.184343,0.0176768,0.0307175,0.0324436,3.14669,3.47197
-0.179293,0.0176768,0.065226,0.0668801,3.29622,3.4757
-0.174242,0.0176768,0.0832293,0.0852123,3.35248,3.92646
-0.169192,0.0176768,0.109101,0.110812,3.13466,3.35276
-0.164141,0.0176768,0.121643,0.123337,3.17881,3.39374
-0.159091,0.0176768,0.150395,0.152197,3.18744,3.5651
-0.15404,0.0176768,0.171451,0.173219,3.22474,3.49805
-0.14899,0.0176768,0.170579,0.172257,3.15457,3.37139
-0.143939,0.0176768,0.161687,0.163242,2.8364,3.14787
-0.138889,0.0176768,0.169817,0.171375,2.76883,3.15905
-0.133838,0.0176768,0.178722,0.180237,2.77043,3.06964
-0.128788,0.0176768,0.185031,0.186544,2.71869,3.01003
-0.123737,0.0176768,0.187596,0.189077,2.65241,2.83495
-0.118687,0.0176768,0.20211,0.203524,2.49829,2.87965
-0.113636,0.0176768,0.220408,0.221785,2.40192,2.75671
-0.108586,0.0176768,0.239095,0.240289,2.23198,2.4084
-0.103535,0.0176768,0.264946,0.266178,2.27207,2.47173
-0.0984849,0.0176768,0.262134,0.263369,2.20708,2.50898
-0.0934343,0.0176768,0.266141,0.267308,2.16523,2.39536
-0.0883838,0.0176768,0.25977,0.260919,2.1218,2.29478
-0.0833333,0.0176768,0.242741,0.243939,2.10206,2.3935
-0.0782828,0.0176768,0.25275,0.253888,2.084,2.31341
-0.0732323,0.0176768,0.246189,0.24735,2.11812,2.35997
-0.0681818,0.0176768,0.249092,0.250133,1.92588,2.0694
-0.0631313,0.0176768,0.295141,0.296149,1.85956,2.01166
-0.0580808,0.0176768,0.295743,0.296662,1.75838,1.82912
-0.0530303,0.0176768,0.303636,0.304434,1.44872,1.61864
-0.0479798,0.0176768,0.283395,0.284094,1.24082,1.39792
-0.0429293,0.0176768,0.263623,0.264244,1.11682,1.22841
-0.0378788,0.0176768,0.284883,0.285496,1.11379,1.2219
-0.0328283,0.0176768,0.281086,0.281676,1.09793,1.1865
-0.0277778,0.0176768,0.288003,0.288446,0.784919,0.874512
-0.0227273,0.0176768,0.273882,0.274201,0.586571,0.646221
-0.0176768,0.0176768,0.320918,0.321079,0.2797,0.326429
-0.0126263,0.0176768,0.317174,0.317264,0.173163,0.18673
-0.00757576,0.0176768,0.321593,0.321524,-0.144725,-0.123866
-0.00252525,0.0176768,0.352661,0.352347,-0.577739,-0.627711
0.00252525,0.0176768,0.356268,0.355963,-0.54934,-0.588596
0.00757576,0.0176768,0.373253,0.373055,-0.342189,-0.366941
0.0126263,0.0176768,0.387596,0.387249,-0.610573,-0.691041
0.0176768,0.0176768,0.394358,0.394013,-0.702689,-0.681728
0.0227273,0.0176768,0.397327,0.396918,-0.802452,-0.83819
0.0277778,0.0176768,0.401,0.400502,-0.881648,-0.989064
0.0328283,0.0176768,0.390806,0.390209,-1.13406,-1.15484
0.0378788,0.0176768,0.390754,0.390176,-1.17055,-1.14739
0.0429293,0.0176768,0.39318,0.392308,-1.57567,-1.74716
0.0479798,0.0176768,0.378194,0.377178,-1.81787,-1.9446
0.0530303,0.0176768,0.389631,0.388563,-1.9308,-2.10479
0.0580808,0.0176768,0.388025,0.386998,-1.88678,-2.07499
0.0631313,0.0176768,0.39903,0.397973,-1.98632,-2.13832
0.0681818,0.0176768,0.427482,0.426304,-2.10872,-2.34693
0.0732323,0.0176768,0.408451,0.407238,-2.12011,-2.39164
0.0782828,0.0176768,0.414419,0.41325,-2.13469,-2.29478
0.0833333,0.0176768,0.398485,0.397235,-2.28321,-2.52947
0.0883838,0.0176768,0.372138,0.370797,-2.32082,-2.66731
0.0934343,0.0176768,0.368135,0.366814,-2.44292,-2.49967
0.0984849,0.0176768,0.362811,0.361357,-2.59653,-2.84612
0.103535,0.0176768,0.357024,0.355601,-2.54632,-2.85357
0.108586,0.0176768,0.369239,0.367757,-2.63105,-3.01376
0.113636,0.0176768,0.347981,0.346523,-2.71661,-2.90573
0.118687,0.0176768,0.327986,0.326302,-2.77264,-3.29316
0.123737,0.0176768,0.327316,0.325751,-2.86195,-3.12179
0.128788,0.0176768,0.321155,0.319466,-2.99124,-3.36766
0.133838,0.0176768,0.261326,0.259899,-2.90448,-2.95043
0.138889,0.0176768,0.236009,0.234455,-2.88178,-3.04729
0.143939,0.0176768,0.185708,0.184394,-2.55224,-2.66731
0.14899,0.0176768,0.190769,0.189427,-2.551,-2.83122
0.15404,0.0176768,0.195093,0.193726,-2.64023,-2.76044
0.159091,0.0176768,0.180911,0.179578,-2.49038,-2.65241
0.164141,0.0176768,0.153571,0.152364,-2.27414,-2.45124
0.169192,0.0176768,0.141711,0.140544,-2.23258,-2.36183
0.174242,0.0176768,0.131703,0.130478,-2.19615,-2.40654
0.179293,0.0176768,0.127266,0.125863,-2.35844,-2.77907
0.184343,0.0176768,0.107558,0.106279,-2.26174,-2.47359
0.189394,0.0176768,0.0838767,0.0828467,-2.03463,-2.00421
0.194444,0.0176768,0.0745443,0.0734441,-2.03872,-2.26498
0.199495,0.0176768,0.057792,0.0566691,-2.07703,-2.26125
0.204545,0.0176768,0.0442572,0.0431538,-1.97812,-2.16812
0.209596,0.0176768,0.0399447,0.0388213,-2.14503,-2.224
0.214646,0.0176768,0.0143346,0.0131838,-2.05759,-2.24635
0.219697,0.0176768,0.00176347,0.000771135,-1.92173,-1.9148
0.224747,0.0176768,0.00249322,0.0012666,-2.25867,-2.5928
0.229798,0.0176768,-0.0168078,-0.0181794,-2.41157,-2.75671
0.234848,0.0176768,-0.0214378,-0.0227727,-2.4081,-2.73436
0.239899,0.0176768,-0.0363784,-0.0377893,-2.77778,-2.86102
0.244949,0.0176768,-0.0469003,-0.0486337,-3.29379,-3.51295
0.25,0.0176768,-0.0664319,-0.0687279,-4.04562,-4.30644
-0.25,0.0227273,-0.411604,-0.401653,16.7732,19.3641
-0.244949,0.0227273,-0.328432,-0.321299,12.0723,14.0145
-0.239899,0.0227273,-0.268017,-0.262499,9.57437,11.0269
-0.234848,0.0227273,-0.219645,-0.215322,7.65384,8.56072
-0.229798,0.0227273,-0.176567,-0.172865,6.32305,7.35372
-0.224747,0.0227273,-0.129407,-0.126109,5.66969,6.56769
-0.219697,0.0227273,-0.11248,-0.109702,4.80541,5.40167
-0.214646,0.0227273,-0.0948201,-0.0923611,4.33222,4.93228
-0.209596,0.0227273,-0.0854866,-0.083264,3.97601,4.60446
-0.204545,0.0227273,-0.053939,-0.0518039,3.64243,4.29153
-0.199495,0.0227273,-0.0251212,-0.0230968,3.65629,3.98979
-0.194444,0.0227273,0.026044,0.0280738,3.69284,3.92273
-0.189394,0.0227273,0.0382914,0.0402592,3.54934,3.99724
-0.184343,0.0227273,0.0300031,0.0317767,3.25445,3.47197
-0.179293,0.0227273,0.0631445,0.0650026,3.39701,3.77744
-0.174242,0.0227273,0.0803751,0.0822171,3.46657,3.52412
-0.169192,0.0227273,0.105255,0.107042,3.24353,3.58373
-0.164141,0.0227273,0.135488,0.137419,3.46135,3.87803
-0.159091,0.0227273,0.163761,0.165693,3.48261,3.85195
-0.15404,0.0227273,0.180907,0.182956,3.51849,4.04939
-0.14899,0.0227273,0.181263,0.18312,3.45502,3.75137
-0.143939,0.0227273,0.171014,0.172816,3.14804,3.5502
-0.138889,0.0227273,0.178192,0.179965,3.08641,3.51667
-0.133838,0.0227273,0.192382,0.193916,3.02083,3.10317
-0.128788,0.0227273,0.202613,0.204287,2.83677,3.30433
-0.123737,0.0227273,0.205424,0.206958,2.7784,3.08454
-0.118687,0.0227273,0.219526,0.220899,2.61163,2.77162
-0.113636,0.0227273,0.235882,0.237271,2.53892,2.76044
-0.108586,0.0227273,0.254385,0.255678,2.35231,2.55555
-0.103535,0.0227273,0.280463,0.28176,2.39501,2.63378
-0.0984849,0.0227273,0.277274,0.278525,2.34227,2.49781
-0.0934343,0.0227273,0.281344,0.282593,2.29235,2.57418
-0.0883838,0.0227273,0.274476,0.275686,2.27352,2.43634
-0.0833333,0.0227273,0.257744,0.258988,2.24077,2.4531
-0.0782828,0.0227273,0.267076,0.268262,2.22269,2.42144
-0.0732323,0.0227273,0.259747,0.260998,2.24764,2.47173
-0.0681818,0.0227273,0.263026,0.264127,2.07761,2.19792
-0.0631313,0.0227273,0.310916,0.312014,2.0151,2.1942
-0.0580808,0.0227273,0.310676,0.311777,1.90166,2.18861
-0.0530303,0.0227273,0.317945,0.318832,1.59342,1.76765
-0.0479798,0.0227273,0.296325,0.29706,1.39119,1.48918
-0.0429293,0.0227273,0.277484,0.278184,1.27521,1.40909
-0.0378788,0.0227273,0.300348,0.301024,1.27894,1.36904
-0.0328283,0.0227273,0.296391,0.297067,1.25839,1.36904
-0.0277778,0.0227273,0.300747,0.301265,0.944892,1.03284
-0.0227273,0.0227273,0.287845,0.288261,0.75547,0.844477
-0.0176768,0.0227273,0.335116,0.335362,0.444259,0.495347
-0.0126263,0.0227273,0.313654,0.313757,0.169702,0.209082
-0.00757576,0.0227273,0.318349,0.318257,-0.15453,-0.179745
-0.00252525,0.0227273,0.350014,0.34971,-0.586707,-0.62678
0.00252525,0.0227273,0.35269,0.35239,-0.557347,-0.587664
0.00757576,0.0227273,0.368975,0.368796,-0.343966,-0.328757
0.0126263,0.0227273,0.385521,0.385182,-0.623004,-0.669621
0.0176768,0.0227273,0.400663,0.400191,-0.822972,-0.968575
0.0227273,0.0227273,0.411866,0.411289,-1.02819,-1.14925
0.0277778,0.0227273,0.416132,0.415547,-1.11413,-1.16043
0.0328283,0.0227273,0.405791,0.405015,-1.36404,-1.48825
0.0378788,0.0227273,0.404793,0.404024,-1.39649,-1.50874
0.0429293,0.0227273,0.40972,0.408772,-1.80578,-1.90362
0.0479798,0.0227273,0.393277,0.392206,-2.03512,-2.10851
0.0530303,0.0227273,0.405833,0.40466,-2.15567,-2.33203
0.0580808,0.0227273,0.41372,0.412501,-2.31167,-2.42889
0.0631313,0.0227273,0.424083,0.422753,-2.4051,-2.72319
0.0681818,0.0227273,0.452052,0.450693,-2.52697,-2.77162
0.0732323,0.0227273,0.443268,0.441678,-2.84005,-3.15905
0.0782828,0.0227273,0.449164,0.447642,-2.85171,-3.08827
0.0833333,0.0227273,0.433147,0.431541,-2.9963,-3.14042
0.0883838,0.0227273,0.411264,0.409547,-3.21142,-3.34531
0.0934343,0.0227273,0.406672,0.404961,-3.33779,-3.51295
0.0984849,0.0227273,0.40086,0.398941,-3.48226,-3.79235
0.103535,0.0227273,0.395182,0.393264,-3.43853,-3.83705
0.108586,0.0227273,0.407967,0.406027,-3.51423,-3.8594
0.113636,0.0227273,0.387513,0.385553,-3.60752,-3.96371
0.118687,0.0227273,0.367626,0.3656,-3.66771,-3.94136
0.123737,0.0227273,0.366555,0.364304,-3.74957,-4.32134
0.128788,0.0227273,0.360811,0.358671,-3.87253,-4.23938
0.133838,0.0227273,0.301826,0.299685,-3.79205,-4.29153
0.138889,0.0227273,0.277397,0.275418,-3.76649,-3.91155
0.143939,0.0227273,0.226024,0.224061,-3.4378,-3.80725
0.14899,0.0227273,0.231236,0.229523,-3.4208,-3.45707
0.15404,0.0227273,0.23595,0.233956,-3.52659,-3.95626
0.159091,0.0227273,0.222237,0.22047,-3.36954,-3.61353
0.164141,0.0227273,0.195235,0.193574,-3.1619,-3.47197
0.169192,0.0227273,0.173825,0.172138,-2.99397,-3.44217
0.174242,0.0227273,0.155138,0.153728,-2.84951,-2.81632
0.179293,0.0227273,0.151402,0.149719,-3.00956,-3.27825
0.184343,0.0227273,0.120716,0.119306,-2.97176,-2.95043
0.189394,0.0227273,0.0974664,0.095956,-2.74927,-3.01003
0.194444,0.0227273,0.0876951,0.0860393,-2.75583,-3.23355
0.199495,0.0227273,0.0715459,0.0700504,-2.79726,-2.92063
0.204545,0.0227273,0.0575037,0.0562072,-2.69896,-2.5332
0.209596,0.0227273,0.0443797,0.0428334,-2.66272,-3.00258
0.214646,0.0227273,0.0178988,0.0165701,-2.59512,-2.71946
0.219697,0.0227273,0.00075221,-0.000424683,-2.25621,-2.40654
0.224747,0.0227273,-0.00219886,-0.00371039,-2.49243,-2.89828
0.229798,0.0227273,-0.0209522,-0.0222921,-2.63066,-2.77907
0.234848,0.0227273,-0.0290861,-0.0304431,-2.46728,-2.75671
0.239899,0.0227273,-0.0433539,-0.0448301,-2.81222,-2.86102
0.244949,0.0227273,-0.0539571,-0.0557899,-3.34426,-3.65078
0.25,0.0227273,-0.0727581,-0.0749752,-4.08791,-4.34369
-0.25,0.0277778,-0.414881,-0.404946,16.7261,19.4609
-0.244949,0.0277778,-0.329603,-0.32258,12.1795,13.8506
-0.239899,0.0277778,-0.272296,-0.266641,9.63696,11.31
-0.234848,0.0277778,-0.223928,-0.219561,7.73813,8.85874
-0.229798,0.0277778,-0.179416,-0.175595,6.54012,7.52509
-0.224747,0.0277778,-0.133611,-0.130266,5.86317,6.68317
-0.219697,0.0277778,-0.114378,-0.111319,5.05116,6.09457
-0.214646,0.0277778,-0.100034,-0.0972971,4.52977,5.45382
-0.209596,0.0277778,-0.0907353,-0.0883639,4.19469,4.58956
-0.204545,0.0277778,-0.0570629,-0.0547841,3.85648,4.29898
-0.199495,0.0277778,-0.0264537,-0.0241324,3.91182,4.5374
-0.194444,0.0277778,0.0186121,0.0207871,3.90866,4.29898
-0.189394,0.0277778,0.0285245,0.030525,3.76762,4.11272
-0.184343,0.0277778,0.030896,0.0329539,3.47407,3.95626
-0.179293,0.0277778,0.0613891,0.0634938,3.6013,4.05312
-0.174242,0.0277778,0.0816445,0.0835508,3.66695,3.76999
-0.169192,0.0277778,0.102877,0.104863,3.46584,3.919
-0.164141,0.0277778,0.138898,0.140861,3.62359,3.99351
-0.159091,0.0277778,0.184227,0.186287,3.8323,4.12762
-0.15404,0.0277778,0.19902,0.201114,3.88666,4.23193
-0.14899,0.0277778,0.198533,0.200704,3.81752,4.17978
-0.143939,0.0277778,0.18949,0.191353,3.51424,3.81097
-0.138889,0.0277778,0.195222,0.197187,3.45689,3.88548
-0.133838,0.0277778,0.23368,0.235666,3.49933,4.00096
-0.128788,0.0277778,0.243257,0.245053,3.30929,3.65451
-0.123737,0.0277778,0.270905,0.272721,3.36083,3.61726
-0.118687,0.0277778,0.282365,0.284117,3.20568,3.66569
-0.113636,0.0277778,0.299508,0.301227,3.13707,3.39746
-0.108586,0.0277778,0.317421,0.318974,2.96843,3.08081
-0.103535,0.0277778,0.342112,0.343781,2.99861,3.37884
-0.0984849,0.0277778,0.363757,0.365496,3.01315,3.42354
-0.0934343,0.0277778,0.367633,0.369314,2.89721,3.30061
-0.0883838,0.0277778,0.360465,0.362098,2.85639,3.20002
-0.0833333,0.0277778,0.356556,0.358153,2.8454,3.17767
-0.0782828,0.0277778,0.363708,0.365168,2.71739,2.99513
-0.0732323,0.0277778,0.35735,0.358842,2.76078,2.97651
-0.0681818,0.0277778,0.359901,0.361349,2.60272,2.9318
-0.0631313,0.0277778,0.432419,0.433814,2.49344,2.76789
-0.0580808,0.0277778,0.432635,0.433927,2.38675,2.65241
-0.0530303,0.0277778,0.439688,0.440845,2.07941,2.29478
-0.0479798,0.0277778,0.418714,0.419779,1.88764,2.1141
-0.0429293,0.0277778,0.400133,0.401124,1.78457,2.00607
-0.0378788,0.0277778,0.422271,0.423214,1.77832,1.94646
-0.0328283,0.0277778,0.417867,0.41882,1.75329,1.91201
-0.0277778,0.0277778,0.423726,0.424509,1.44795,1.5609
-0.0227273,0.0277778,0.409569,0.41027,1.2648,1.39745
-0.0176768,0.0277778,0.456754,0.457273,0.95844,1.03167
-0.0126263,0.0277778,0.435627,0.435982,0.677466,0.728964
-0.00757576,0.0277778,0.422449,0.42255,0.17852,0.218395
-0.00252525,0.0277778,0.452853,0.4527,-0.2527,-0.286847
0.00252525,0.0277778,0.456239,0.456142,-0.224099,-0.201166
0.00757576,0.0277778,0.472891,0.472886,-0.00670124,0
0.0126263,0.0277778,0.467883,0.46764,-0.43373,-0.473112
0.0176768,0.0277778,0.484076,0.483751,-0.651518,-0.67614
0.0227273,0.0277778,0.494539,0.494076,-0.846775,-0.882894
0.0277778,0.0277778,0.475157,0.474583,-1.05101,-1.13063
0.0328283,0.0277778,0.465181,0.464518,-1.30276,-1.38953
0.0378788,0.0277778,0.464805,0.464104,-1.33324,-1.39512
0.0429293,0.0277778,0.469186,0.468265,-1.73736,-1.85892
0.0479798,0.0277778,0.454722,0.453692,-1.97689,-2.07126
0.0530303,0.0277778,0.440855,0.439685,-2.14703,-2.31341
0.0580808,0.0277778,0.448309,0.447012,-2.31125,-2.6226
0.0631313,0.0277778,0.459583,0.458319,-2.40886,-2.52947
0.0681818,0.0277778,0.47398,0.472631,-2.53427,-2.67476
0.0732323,0.0277778,0.465522,0.463914,-2.84852,-3.08454
0.0782828,0.0277778,0.471465,0.469938,-2.85999,-3.01748
0.0833333,0.0277778,0.455524,0.453841,-3.00323,-3.34531
0.0883838,0.0277778,0.408879,0.407036,-3.19392,-3.65078
0.0934343,0.0277778,0.403337,0.401538,-3.31317,-3.52785
0.0984849,0.0277778,0.39798,0.396125,-3.46258,-3.71784
0.103535,0.0277778,0.392913,0.390887,-3.66509,-4.03821
0.108586,0.0277778,0.406519,0.404529,-3.74487,-4.03821
0.113636,0.0277778,0.386308,0.384264,-3.84172,-4.12762
0.118687,0.0277778,0.366365,0.364169,-3.90208,-4.26173
0.123737,0.0277778,0.365896,0.363804,-3.98614,-4.22448
0.128788,0.0277778,0.360003,0.357896,-4.10471,-4.30644
0.133838,0.0277778,0.300998,0.298791,-4.01889,-4.31389
0.138889,0.0277778,0.276629,0.27445,-3.98776,-4.33624
0.143939,0.0277778,0.226021,0.22421,-3.66037,-3.56883
0.14899,0.0277778,0.231392,0.229478,-3.65442,-3.86685
0.15404,0.0277778,0.236574,0.234455,-3.74985,-4.25428
0.159091,0.0277778,0.217442,0.215515,-3.64921,-3.77744
0.164141,0.0277778,0.182395,0.180505,-3.53861,-3.83705
0.169192,0.0277778,0.161597,0.159666,-3.37301,-3.74019
0.174242,0.0277778,0.13268,0.13084,-3.29144,-3.62098
0.179293,0.0277778,0.129431,0.127569,-3.458,-3.8594
0.184343,0.0277778,0.0990742,0.0971258,-3.43144,-3.8296
0.189394,0.0277778,0.0762697,0.0746027,-3.19328,-3.49432
0.194444,0.0277778,0.067158,0.0652596,-3.1962,-3.68804
0.199495,0.0277778,0.0496774,0.0480413,-3.26291,-3.21865
0.204545,0.0277778,0.0362569,0.0345781,-3.14547,-3.2708
0.209596,0.0277778,0.0241278,0.0223666,-3.11499,-3.61353
0.214646,0.0277778,-0.0031262,-0.00465661,-3.0398,-3.07709
0.219697,0.0277778,-0.0195392,-0.0210628,-2.69655,-2.98023
0.224747,0.0277778,-0.0219486,-0.0236556,-2.94347,-3.33786
0.229798,0.0277778,-0.0414738,-0.043124,-3.06872,-3.38256
0.234848,0.0277778,-0.0487881,-0.050351,-2.92183,-3.07709
0.239899,0.0277778,-0.0624165,-0.0641122,-3.26107,-3.40491
0.244949,0.0277778,-0.0726576,-0.0746995,-3.79372,-4.12762
0.25,0.0277778,-0.0922092,-0.0946745,-4.50812,-4.90993
-0.25,0.0328283,-0.40135,-0.39158,16.6,19.215
-0.244949,0.0328283,-0.316729,-0.309587,12.0237,14.1337
-0.239899,0.0328283,-0.261211,-0.255652,9.50857,11.0269
-0.234848,0.0328283,-0.210721,-0.20609,7.67168,9.20147
-0.229798,0.0328283,-0.164346,-0.160426,6.49431,7.81566
-0.224747,0.0328283,-0.122846,-0.119649,5.76051,6.51181
-0.219697,0.0328283,-0.106074,-0.103183,4.92856,5.8338
-0.214646,0.0328283,-0.091345,-0.0887737,4.4387,5.0962
-0.209596,0.0328283,-0.0814849,-0.0791028,4.10321,4.79072
-0.204545,0.0328283,-0.0479406,-0.0458509,3.76084,4.08292
-0.199495,0.0328283,-0.0227199,-0.0205412,3.79422,4.25428
-0.194444,0.0328283,0.0245226,0.026606,3.79944,4.17978
-0.189394,0.0328283,0.0337447,0.0358149,3.67384,4.09782
-0.184343,0.0328283,0.0366592,0.0385195,3.38498,3.71039
-0.179293,0.0328283,0.0653894,0.0673085,3.5129,4.06802
-0.174242,0.0328283,0.0848304,0.0867918,3.59073,3.7998
-0.169192,0.0328283,0.105291,0.107173,3.36511,3.7998
-0.164141,0.0328283,0.142173,0.144072,3.5524,3.8296
-0.159091,0.0328283,0.185312,0.187218,3.76073,3.95626
-0.15404,0.0328283,0.198423,0.20051,3.80386,4.02331
-0.14899,0.0328283,0.197489,0.199467,3.74391,4.14252
-0.143939,0.0328283,0.207775,0.209752,3.61373,3.99351
-0.138889,0.0328283,0.21369,0.215728,3.56468,3.96743
-0.133838,0.0328283,0.250742,0.252746,3.59008,4.08292
-0.128788,0.0328283,0.262145,0.263836,3.39771,3.50922
-0.123737,0.0328283,0.288534,0.290468,3.44209,3.84822
-0.118687,0.0328283,0.299653,0.301436,3.31698,3.56138
-0.113636,0.0328283,0.315831,0.317652,3.25329,3.58745
-0.108586,0.0328283,0.333641,0.335354,3.0686,3.36021
-0.103535,0.0328283,0.358561,0.360269,3.1243,3.44962
-0.0984849,0.0328283,0.379427,0.381194,3.13959,3.46079
-0.0934343,0.0328283,0.382808,0.384502,3.01363,3.36394
-0.0883838,0.0328283,0.402048,0.403743,3.0162,3.30806
-0.0833333,0.0328283,0.397203,0.39883,3.00108,3.24845
-0.0782828,0.0328283,0.406374,0.407975,2.88708,3.17022
-0.0732323,0.0328283,0.410187,0.41173,2.94642,3.05101
-0.0681818,0.0328283,0.41276,0.41425,2.76563,3.01748
-0.0631313,0.0328283,0.484537,0.486044,2.67145,2.96161
-0.0580808,0.0328283,0.48435,0.485767,2.55591,2.8275
-0.0530303,0.0328283,0.492883,0.494087,2.25695,2.4233
-0.0479798,0.0328283,0.471274,0.472389,2.08276,2.24449
-0.0429293,0.0328283,0.464282,0.465306,1.92808,2.10665
-0.0378788,0.0328283,0.511037,0.512034,1.82801,1.95857
-0.0328283,0.0328283,0.508301,0.509275,1.8098,1.9474
-0.0277778,0.0328283,0.514042,0.514876,1.50328,1.67452
-0.0227273,0.0328283,0.499211,0.499932,1.33192,1.45985
-0.0176768,0.0328283,0.54601,0.546559,1.02405,1.10758
-0.0126263,0.0328283,0.525426,0.525833,0.744094,0.8223
-0.00757576,0.0328283,0.511396,0.511515,0.243485,0.259373
-0.00252525,0.0328283,0.541465,0.541376,-0.183154,-0.155531
0.00252525,0.0328283,0.545329,0.545258,-0.151909,-0.139698
0.00757576,0.0328283,0.543431,0.543375,-0.0992457,-0.0884756
0.0126263,0.0328283,0.556327,0.555949,-0.716027,-0.782311
0.0176768,0.0328283,0.572375,0.571854,-0.927268,-1.01142
0.0227273,0.0328283,0.583623,0.583017,-1.13593,-1.20327
0.0277778,0.0328283,0.570949,0.570171,-1.42658,-1.51992
0.0328283,0.0328283,0.56091,0.560017,-1.66985,-1.73599
0.0378788,0.0328283,0.560691,0.559721,-1.70333,-1.93901
0.0429293,0.0328283,0.566058,0.564948,-2.10654,-2.19047
0.0479798,0.0328283,0.550407,0.549063,-2.33855,-2.70084
0.0530303,0.0328283,0.536967,0.535622,-2.51924,-2.69711
0.0580808,0.0328283,0.544243,0.542782,-2.6696,-2.89828
0.0631313,0.0328283,0.529369,0.527795,-2.81736,-3.05101
0.0681818,0.0328283,0.54508,0.543423,-2.94896,-3.23355
0.0732323,0.0328283,0.53877,0.536941,-3.35021,-3.53903
0.0782828,0.0328283,0.532853,0.531089,-3.36506,-3.51667
0.0833333,0.0328283,0.516445,0.514571,-3.50091,-3.68431
0.0883838,0.0328283,0.469764,0.4678,-3.69374,-3.85195
0.0934343,0.0328283,0.464741,0.462651,-3.81241,-4.19468
0.0984849,0.0328283,0.459808,0.457592,-3.96488,-4.42564
0.103535,0.0328283,0.45641,0.454113,-4.3402,-4.55975
0.108586,0.0328283,0.45739,0.455163,-4.37441,-4.55975
0.113636,0.0328283,0.411935,0.409618,-4.37791,-4.65661
0.118687,0.0328283,0.39203,0.389747,-4.43885,-4.54485
0.123737,0.0328283,0.391537,0.389107,-4.52321,-4.90993
0.128788,0.0328283,0.386227,0.383683,-4.64617,-5.02914
0.133838,0.0328283,0.327054,0.32445,-4.55395,-4.87268
0.138889,0.0328283,0.302794,0.30034,-4.51937,-4.87268
0.143939,0.0328283,0.2531,0.250764,-4.18493,-4.58956
0.14899,0.0328283,0.251437,0.249043,-4.30969,-4.72367
0.15404,0.0328283,0.256966,0.254624,-4.39844,-4.77582
0.159091,0.0328283,0.237991,0.235572,-4.29063,-4.74602
0.164141,0.0328283,0.184062,0.181846,-3.98727,-4.23193
0.169192,0.0328283,0.164082,0.16202,-3.8234,-4.07547
0.174242,0.0328283,0.135682,0.133738,-3.74713,-3.94136
0.179293,0.0328283,0.125545,0.123627,-3.81756,-3.91155
0.184343,0.0328283,0.0964687,0.0943988,-3.79153,-4.07547
0.189394,0.0328283,0.0728134,0.0707582,-3.55304,-4.04566
0.194444,0.0328283,0.0637452,0.0619814,-3.54833,-3.59118
0.199495,0.0328283,0.0463911,0.0444055,-3.6191,-3.98606
0.204545,0.0328283,0.033515,0.0315607,-3.50646,-3.8892
0.209596,0.0328283,0.0219731,0.0201762,-3.47363,-3.61353
0.214646,0.0328283,-0.00549573,-0.00733882,-3.38781,-3.73274
0.219697,0.0328283,-0.0211242,-0.0229478,-3.05014,-3.58373
0.224747,0.0328283,-0.0263914,-0.0280067,-3.19453,-3.2261
0.229798,0.0328283,-0.0445198,-0.046365,-3.34756,-3.59863
0.234848,0.0328283,-0.0595181,-0.0614449,-3.19485,-3.69549
0.239899,0.0328283,-0.0736766,-0.0756979,-3.52661,-3.9041
0.244949,0.0328283,-0.0832477,-0.0853762,-4.06054,-4.18723
0.25,0.0328283,-0.111818,-0.114366,-4.74356,-5.06639
-0.25,0.0378788,-0.408931,-0.399172,16.7028,19.4609
-0.244949,0.0378788,-0.327927,-0.320777,12.0133,13.9624
-0.239899,0.0378788,-0.269881,-0.264205,9.60723,11.161
-0.234848,0.0378788,-0.223997,-0.219509,7.67986,8.97795
-0.229798,0.0378788,-0.175149,-0.171259,6.57049,7.64429
-0.224747,0.0378788,-0.13428,-0.130966,5.83406,6.56396
-0.219697,0.0378788,-0.118976,-0.116095,5.00435,5.64009
-0.214646,0.0378788,-0.107151,-0.104517,4.4846,5.26011
-0.209596,0.0378788,-0.0967946,-0.0943541,4.1675,4.83543
-0.204545,0.0378788,-0.0610998,-0.0588819,3.84218,4.44055
-0.199495,0.0378788,-0.0253494,-0.0232309,3.80727,4.22448
-0.194444,0.0378788,0.0338597,0.0363439,4.02948,4.87268
-0.189394,0.0378788,0.0452207,0.0474751,3.91275,4.4778
-0.184343,0.0378788,0.0560011,0.0579655,3.69168,3.8594
-0.179293,0.0378788,0.086195,0.0883266,3.82048,4.20958
-0.174242,0.0378788,0.102649,0.104606,3.89979,3.96371
-0.169192,0.0378788,0.126586,0.12888,3.66585,4.41819
-0.164141,0.0378788,0.162136,0.164166,3.86652,4.00096
-0.159091,0.0378788,0.200753,0.203006,4.08098,4.36604
-0.15404,0.0378788,0.214136,0.216335,4.12932,4.41074
-0.14899,0.0378788,0.212992,0.21518,4.07206,4.38839
-0.143939,0.0378788,0.226103,0.228375,3.9015,4.50015
-0.138889,0.0378788,0.231506,0.233538,3.85477,4.11272
-0.133838,0.0378788,0.267673,0.269763,3.87653,4.26173
-0.128788,0.0378788,0.280003,0.281915,3.67524,3.87803
-0.123737,0.0378788,0.304959,0.307027,3.74423,4.04194
-0.118687,0.0378788,0.317274,0.319306,3.61688,4.05684
-0.113636,0.0378788,0.331719,0.333697,3.54455,3.919
-0.108586,0.0378788,0.350568,0.352416,3.38074,3.68431
-0.103535,0.0378788,0.375195,0.37694,3.36506,3.62098
-0.0984849,0.0378788,0.394792,0.396576,3.38635,3.58
-0.0934343,0.0378788,0.398432,0.400238,3.26233,3.63216
-0.0883838,0.0378788,0.416926,0.41873,3.26401,3.63961
-0.0833333,0.0378788,0.413848,0.415713,3.25563,3.70294
-0.0782828,0.0378788,0.42114,0.422962,3.15781,3.68431
-0.0732323,0.0378788,0.426212,0.427946,3.20927,3.47197
-0.0681818,0.0378788,0.427797,0.429448,3.02982,3.2261
-0.0631313,0.0378788,0.498191,0.499792,2.92641,3.1665
-0.0580808,0.0378788,0.499399,0.500988,2.82211,3.13297
-0.0530303,0.0378788,0.508657,0.510085,2.53341,2.83308
-0.0479798,0.0378788,0.486725,0.488052,2.34903,2.66731
-0.0429293,0.0378788,0.465469,0.466551,1.97508,2.11783
-0.0378788,0.0378788,0.508082,0.509069,1.79575,1.96509
-0.0328283,0.0378788,0.504878,0.505803,1.77988,1.86358
-0.0277778,0.0378788,0.510991,0.511819,1.47782,1.65403
-0.0227273,0.0378788,0.496279,0.497,1.30294,1.46544
-0.0176768,0.0378788,0.552608,0.553128,0.938774,1.04774
-0.0126263,0.0378788,0.530694,0.531052,0.662442,0.723405
-0.00757576,0.0378788,0.517135,0.517226,0.161478,0.194181
-0.00252525,0.0378788,0.547094,0.546958,-0.260948,-0.26077
0.00252525,0.0378788,0.551175,0.551102,-0.230132,-0.164844
0.00757576,0.0378788,0.556401,0.556258,-0.262074,-0.282191
0.0126263,0.0378788,0.569555,0.56912,-0.873039,-0.882894
0.0176768,0.0378788,0.58455,0.583954,-1.08823,-1.16415
0.0227273,0.0378788,0.597477,0.596773,-1.2878,-1.36904
0.0277778,0.0378788,0.585581,0.584727,-1.59112,-1.69128
0.0328283,0.0378788,0.57559,0.57457,-1.8276,-1.99303
0.0378788,0.0378788,0.575329,0.574373,-1.85524,-1.89617
0.0429293,0.0378788,0.580671,0.57942,-2.25997,-2.49222
0.0479798,0.0378788,0.56464,0.563357,-2.49441,-2.5183
0.0530303,0.0378788,0.551617,0.55014,-2.66983,-2.902
0.0580808,0.0378788,0.560295,0.558697,-2.8305,-3.18512
0.0631313,0.0378788,0.543863,0.54222,-2.96036,-3.25218
0.0681818,0.0378788,0.559982,0.558287,-3.09556,-3.39746
0.0732323,0.0378788,0.554705,0.552878,-3.50645,-3.68804
0.0782828,0.0378788,0.547485,0.545576,-3.51305,-3.77744
0.0833333,0.0378788,0.531704,0.529774,-3.65892,-3.86685
0.0883838,0.0378788,0.484486,0.482604,-3.83437,-3.8296
0.0934343,0.0378788,0.480583,0.478476,-3.95584,-4.23193
0.0984849,0.0378788,0.475513,0.47338,-4.10036,-4.28408
0.103535,0.0378788,0.471698,0.469327,-4.47481,-4.65661
0.108586,0.0378788,0.474281,0.471771,-4.51761,-4.93228
0.113636,0.0378788,0.427429,0.424966,-4.51154,-4.84288
0.118687,0.0378788,0.407718,0.4052,-4.57142,-5.02914
0.123737,0.0378788,0.406979,0.404485,-4.65545,-4.99934
0.128788,0.0378788,0.40151,0.398971,-4.78168,-5.0813
0.133838,0.0378788,0.333795,0.331536,-4.6272,-4.64916
0.138889,0.0378788,0.309899,0.307344,-4.58189,-5.02169
0.143939,0.0378788,0.260041,0.257872,-4.244,-4.31389
0.14899,0.0378788,0.255335,0.252917,-4.4234,-4.84288
0.15404,0.0378788,0.253015,0.250407,-4.42728,-5.14835
0.159091,0.0378788,0.23506,0.232786,-4.32294,-4.62681
0.164141,0.0378788,0.181044,0.178844,-4.01187,-4.36604
0.169192,0.0378788,0.161115,0.158951,-3.84694,-4.31389
0.174242,0.0378788,0.13367,0.131726,-3.77523,-3.91155
0.179293,0.0378788,0.123305,0.12105,-3.84577,-4.5076
0.184343,0.0378788,0.0948131,0.0927597,-3.81752,-4.14997
0.189394,0.0378788,0.0707473,0.0687763,-3.5784,-3.88175
0.194444,0.0378788,0.0625706,0.0605062,-3.56891,-4.03076
0.199495,0.0378788,0.0442397,0.0423044,-3.64463,-3.71784
0.204545,0.0378788,0.0317232,0.0298917,-3.52123,-3.86685
0.209596,0.0378788,0.0214059,0.0194982,-3.50132,-3.74764
0.214646,0.0378788,-0.00591801,-0.00747293,-3.41763,-3.09944
0.219697,0.0378788,-0.0201765,-0.0218749,-3.0936,-3.39001
0.224747,0.0378788,-0.0266949,-0.0284463,-3.21057,-3.61353
0.229798,0.0378788,-0.0442285,-0.0461116,-3.37336,-3.75509
0.234848,0.0378788,-0.0598451,-0.0616014,-3.22302,-3.47197
0.239899,0.0378788,-0.0725637,-0.0744238,-3.55721,-3.78489
0.244949,0.0378788,-0.0821092,-0.0843704,-4.08545,-4.5523
0.25,0.0378788,-0.110916,-0.113443,-4.74041,-5.04404
-0.25,0.0429293,-0.431887,-0.421934,16.7075,19.5801
-0.244949,0.0429293,-0.351247,-0.34409,11.9892,14.1412
-0.239899,0.0429293,-0.2931,-0.287585,9.6442,11.0716
-0.234848,0.0429293,-0.242827,-0.23824,7.84928,9.13441
-0.229798,0.0429293,-0.200409,-0.196658,6.60995,7.44313
-0.224747,0.0429293,-0.159093,-0.155635,5.8967,6.84708
-0.219697,0.0429293,-0.129127,-0.126377,5.03671,5.53578
-0.214646,0.0429293,-0.11782,-0.115223,4.52611,5.11855
-0.209596,0.0429293,-0.102879,-0.10056,4.29255,4.60446
-0.204545,0.0429293,-0.0698442,-0.0676885,3.89103,4.32879
-0.199495,0.0429293,-0.0362545,-0.0338256,3.85945,4.76837
-0.194444,0.0429293,0.020647,0.0229925,4.08469,4.5076
-0.189394,0.0429293,0.0472908,0.0495166,3.91622,4.38094
-0.184343,0.0429293,0.0576655,0.059627,3.68114,4.06802
-0.179293,0.0429293,0.0900037,0.092037,3.83207,4.01586
-0.174242,0.0429293,0.101741,0.103749,3.89728,3.919
-0.169192,0.0429293,0.132166,0.134192,3.65628,3.99351
-0.164141,0.0429293,0.164666,0.166833,3.85041,4.26173
-0.159091,0.0429293,0.202613,0.204906,4.06497,4.56721
-0.15404,0.0429293,0.217628,0.220023,4.11963,4.5076
-0.14899,0.0429293,0.214323,0.216514,4.07358,4.38094
-0.143939,0.0429293,0.225841,0.228278,3.91176,4.67896
-0.138889,0.0429293,0.231652,0.233732,3.85616,4.26918
-0.133838,0.0429293,0.269156,0.271074,3.85013,3.86685
-0.128788,0.0429293,0.28107,0.283062,3.66267,4.01959
-0.123737,0.0429293,0.305323,0.30734,3.74957,4.06802
-0.118687,0.0429293,0.315737,0.317775,3.6282,4.02704
-0.113636,0.0429293,0.359244,0.361245,3.67524,4.03449
-0.108586,0.0429293,0.376252,0.378203,3.50114,3.99724
-0.103535,0.0429293,0.428879,0.430878,3.5263,3.99351
-0.0984849,0.0429293,0.448735,0.450633,3.54191,3.84822
-0.0934343,0.0429293,0.451088,0.452869,3.41584,3.60608
-0.0883838,0.0429293,0.472269,0.474174,3.41741,3.79607
-0.0833333,0.0429293,0.466787,0.468638,3.43009,3.72902
-0.0782828,0.0429293,0.474664,0.476461,3.32815,3.56883
-0.0732323,0.0429293,0.479,0.480793,3.36812,3.59118
-0.0681818,0.0429293,0.479989,0.481784,3.18347,3.52412
-0.0631313,0.0429293,0.552852,0.554487,3.09344,3.30061
-0.0580808,0.0429293,0.55251,0.554129,3.00869,3.21493
-0.0530303,0.0429293,0.561871,0.563301,2.70825,2.91131
-0.0479798,0.0429293,0.549515,0.55087,2.49407,2.7176
-0.0429293,0.0429293,0.529122,0.530241,2.12862,2.24635
-0.0378788,0.0429293,0.598114,0.599122,1.84981,2.05357
-0.0328283,0.0429293,0.594879,0.595893,1.84295,2.0247
-0.0277778,0.0429293,0.60021,0.60103,1.53599,1.66334
-0.0227273,0.0429293,0.587446,0.588186,1.3613,1.48453
-0.0176768,0.0429293,0.642012,0.642541,0.996326,1.07707
-0.0126263,0.0429293,0.619574,0.61996,0.725407,0.787957
-0.00757576,0.0429293,0.605727,0.605854,0.232818,0.265427
-0.00252525,0.0429293,0.636732,0.636619,-0.197352,-0.20396
0.00252525,0.0429293,0.660824,0.660642,-0.351641,-0.35204
0.00757576,0.0429293,0.666181,0.665976,-0.378849,-0.370666
0.0126263,0.0429293,0.679114,0.678558,-0.993227,-1.0971
0.0176768,0.0429293,0.700985,0.700271,-1.27033,-1.41747
0.0227273,0.0429293,0.713423,0.712691,-1.47312,-1.52551
0.0277778,0.0429293,0.71885,0.71777,-1.98382,-2.10106
0.0328283,0.0429293,0.72665,0.725318,-2.45243,-2.5928
0.0378788,0.0429293,0.697579,0.696141,-2.58554,-2.8573
0.0429293,0.0429293,0.706997,0.705272,-3.06335,-3.33041
0.0479798,0.0429293,0.66368,0.66179,-3.38025,-3.64333
0.0530303,0.0429293,0.663261,0.661325,-3.77982,-3.91528
0.0580808,0.0429293,0.672403,0.670325,-3.93815,-4.17978
0.0631313,0.0429293,0.656293,0.654124,-4.07759,-4.40329
0.0681818,0.0429293,0.670737,0.668511,-4.19899,-4.51505
0.0732323,0.0429293,0.665175,0.662699,-4.60856,-5.02914
0.0782828,0.0429293,0.659865,0.657283,-4.62397,-5.126
0.0833333,0.0429293,0.644013,0.641547,-4.76406,-4.99934
0.0883838,0.0429293,0.597052,0.594504,-4.94093,-5.25266
0.0934343,0.0429293,0.592711,0.590049,-5.05176,-5.22286
0.0984849,0.0429293,0.578132,0.575267,-5.17219,-5.7295
0.103535,0.0429293,0.574502,0.571549,-5.54821,-5.96046
0.108586,0.0429293,0.576389,0.573419,-5.58814,-5.94556
0.113636,0.0429293,0.50346,0.500552,-5.48366,-5.93811
0.118687,0.0429293,0.482525,0.479571,-5.54,-5.90831
0.123737,0.0429293,0.482348,0.479229,-5.6274,-6.19143
0.128788,0.0429293,0.477141,0.47408,-5.75096,-6.07967
0.133838,0.0429293,0.409064,0.406183,-5.59665,-5.68479
0.138889,0.0429293,0.385712,0.382774,-5.54933,-5.92321
0.143939,0.0429293,0.336333,0.333495,-5.21289,-5.71459
0.14899,0.0429293,0.332083,0.32936,-5.38698,-5.38677
0.15404,0.0429293,0.307973,0.304967,-5.20991,-5.85616
0.159091,0.0429293,0.290661,0.287861,-5.10995,-5.65499
0.164141,0.0429293,0.237333,0.234604,-4.80347,-5.28991
0.169192,0.0429293,0.211863,0.209399,-4.56236,-4.99934
0.174242,0.0429293,0.183695,0.181392,-4.48443,-4.58956
0.179293,0.0429293,0.157135,0.154972,-4.35621,-4.58211
0.184343,0.0429293,0.112845,0.110686,-4.09462,-4.20213
0.189394,0.0429293,0.0899845,0.087887,-3.85663,-4.16487
0.194444,0.0429293,0.0768295,0.0748858,-3.7741,-3.74019
0.199495,0.0429293,0.0470307,0.045009,-3.62454,-4.03076
0.204545,0.0429293,0.0341698,0.0321269,-3.49528,-4.04566
0.209596,0.0429293,0.0235445,0.0216216,-3.47473,-3.71784
0.214646,0.0429293,-0.00283072,-0.00463426,-3.39711,-3.59118
0.219697,0.0429293,-0.0180465,-0.0200048,-3.06216,-3.919
0.224747,0.0429293,-0.0241207,-0.0258535,-3.18114,-3.47942
0.229798,0.0429293,-0.0415578,-0.043489,-3.33819,-3.8743
0.234848,0.0429293,-0.0568083,-0.0585318,-3.19095,-3.44962
0.239899,0.0429293,-0.0693734,-0.0713244,-3.52291,-3.83705
0.244949,0.0429293,-0.0792523,-0.0816807,-4.06475,-4.76092
0.25,0.0429293,-0.108156,-0.110812,-4.69983,-5.19305
-0.25,0.0479798,-0.422841,-0.41309,16.7658,19.3194
-0.244949,0.0479798,-0.344482,-0.337206,11.9803,14.2232
-0.239899,0.0479798,-0.286078,-0.28047,9.71117,11.0194
-0.234848,0.0479798,-0.235543,-0.230961,7.93068,8.99285
-0.229798,0.0479798,-0.192923,-0.188865,6.69049,7.85291
-0.224747,0.0479798,-0.155464,-0.152029,5.95506,6.79493
-0.219697,0.0479798,-0.124207,-0.12131,5.12946,5.75185
-0.214646,0.0479798,-0.113149,-0.11044,4.62483,5.38677
-0.209596,0.0479798,-0.0942424,-0.091739,4.4085,5.05894
-0.204545,0.0479798,-0.0679377,-0.0656769,3.96851,4.57466
-0.199495,0.0479798,-0.0322961,-0.0301748,3.94459,4.20213
-0.194444,0.0479798,0.0243676,0.0265539,4.20157,4.38839
-0.189394,0.0479798,0.0508538,0.053145,4.00589,4.56721
-0.184343,0.0479798,0.059131,0.060983,3.7815,3.70294
-0.179293,0.0479798,0.0903698,0.0927821,3.9345,4.62681
-0.174242,0.0479798,0.107221,0.109367,3.96788,4.41819
-0.169192,0.0479798,0.133247,0.13525,3.76272,4.06802
-0.164141,0.0479798,0.162895,0.165224,3.95923,4.448
-0.159091,0.0479798,0.201761,0.204183,4.18285,4.68641
-0.15404,0.0479798,0.214195,0.216566,4.24175,4.58211
-0.14899,0.0479798,0.211289,0.21366,4.18629,4.66406
-0.143939,0.0479798,0.227924,0.230193,4.07835,4.63426
-0.138889,0.0479798,0.24002,0.242107,3.88445,4.31389
-0.133838,0.0479798,0.279255,0.281487,3.87378,4.45917
-0.128788,0.0479798,0.288081,0.290055,3.70626,3.95998
-0.123737,0.0479798,0.313207,0.315409,3.787,4.33624
-0.118687,0.0479798,0.323993,0.326063,3.66688,4.17605
-0.113636,0.0479798,0.367175,0.369176,3.67462,3.96371
-0.108586,0.0479798,0.383204,0.385139,3.51023,3.9041
-0.103535,0.0479798,0.436576,0.438504,3.52444,3.91155
-0.0984849,0.0479798,0.455756,0.457779,3.54585,3.92646
-0.0934343,0.0479798,0.458978,0.460725,3.41,3.53903
-0.0883838,0.0479798,0.48611,0.487905,3.45718,3.59863
-0.0833333,0.0479798,0.481281,0.483166,3.46384,3.79607
-0.0782828,0.0479798,0.489347,0.491135,3.34675,3.62843
-0.0732323,0.0479798,0.49216,0.493996,3.38832,3.65823
-0.0681818,0.0479798,0.494345,0.496086,3.21946,3.47197
-0.0631313,0.0479798,0.566639,0.568353,3.1466,3.5055
-0.0580808,0.0479798,0.56664,0.568319,3.05285,3.3658
-0.0530303,0.0479798,0.574402,0.575935,2.74717,3.06778
-0.0479798,0.0479798,0.563137,0.564525,2.54453,2.79024
-0.0429293,0.0479798,0.542816,0.544008,2.17661,2.42889
-0.0378788,0.0479798,0.611604,0.612627,1.907,2.06567
-0.0328283,0.0479798,0.608256,0.6093,1.89077,2.13459
-0.0277778,0.0479798,0.614052,0.614922,1.59143,1.74437
-0.0227273,0.0479798,0.600039,0.600812,1.4169,1.56881
-0.0176768,0.0479798,0.655172,0.655735,1.05169,1.15926
-0.0126263,0.0479798,0.632763,0.633185,0.784149,0.872998
-0.00757576,0.0479798,0.618717,0.618883,0.29294,0.339933
-0.00252525,0.0479798,0.648032,0.647965,-0.134447,-0.125729
0.00252525,0.0479798,0.673721,0.673597,-0.291,-0.285916
0.00757576,0.0479798,0.671306,0.671102,-0.370176,-0.420026
0.0126263,0.0479798,0.685157,0.684667,-0.98055,-0.977889
0.0176768,0.0479798,0.706794,0.706162,-1.26306,-1.31689
0.0227273,0.0479798,0.720122,0.719342,-1.45752,-1.51433
0.0277778,0.0479798,0.725335,0.724241,-1.97036,-2.19792
0.0328283,0.0479798,0.732217,0.730872,-2.43658,-2.6226
0.0378788,0.0479798,0.705207,0.703789,-2.57722,-2.80514
0.0429293,0.0479798,0.713429,0.711784,-3.04779,-3.26335
0.0479798,0.0479798,0.669928,0.668202,-3.36045,-3.5204
0.0530303,0.0479798,0.670496,0.668552,-3.76453,-3.91155
0.0580808,0.0479798,0.679305,0.677161,-3.92054,-4.22075
0.0631313,0.0479798,0.655201,0.653014,-4.07238,-4.33624
0.0681818,0.0479798,0.67056,0.668339,-4.20208,-4.48525
0.0732323,0.0479798,0.664115,0.661753,-4.59711,-4.79817
0.0782828,0.0479798,0.659676,0.657238,-4.61639,-4.92483
0.0833333,0.0479798,0.644281,0.641771,-4.75571,-5.13345
0.0883838,0.0479798,0.597839,0.595242,-4.93785,-5.24521
0.0934343,0.0479798,0.592911,0.590213,-5.03827,-5.27501
0.0984849,0.0479798,0.578222,0.575192,-5.15462,-6.02007
0.103535,0.0479798,0.574753,0.571951,-5.53558,-5.7742
0.108586,0.0479798,0.576245,0.573196,-5.57178,-6.02752
0.113636,0.0479798,0.503058,0.500135,-5.46648,-5.90086
0.118687,0.0479798,0.483122,0.480175,-5.52592,-5.92321
0.123737,0.0479798,0.482546,0.479385,-5.61025,-6.23614
0.128788,0.0479798,0.476633,0.473529,-5.72701,-6.22868
0.133838,0.0479798,0.408629,0.405744,-5.57433,-5.68479
0.138889,0.0479798,0.385874,0.382967,-5.51961,-5.86361
0.143939,0.0479798,0.33499,0.33211,-5.23503,-5.7742
0.14899,0.0479798,0.331069,0.328243,-5.39873,-5.58793
0.15404,0.0479798,0.307294,0.304528,-5.22796,-5.52833
0.159091,0.0479798,0.289756,0.286803,-5.11608,-5.7593
0.164141,0.0479798,0.236975,0.234149,-4.80455,-5.46128
0.169192,0.0479798,0.211596,0.208907,-4.57322,-5.35697
0.174242,0.0479798,0.184623,0.182196,-4.5007,-4.88013
0.179293,0.0479798,0.157417,0.155218,-4.36765,-4.43309
0.184343,0.0479798,0.1127,0.110701,-4.10494,-4.03076
0.189394,0.0479798,0.0916008,0.0893101,-3.86444,-4.35114
0.194444,0.0479798,0.0779529,0.0759959,-3.80437,-4.05312
0.199495,0.0479798,0.0481655,0.0463277,-3.64541,-3.59863
0.204545,0.0479798,0.0348216,0.0328645,-3.50361,-3.72529
0.209596,0.0479798,0.0241361,0.0222176,-3.51088,-3.8445
0.214646,0.0479798,-0.00169862,-0.00362098,-3.40057,-3.75509
0.219697,0.0479798,-0.0216767,-0.0234842,-3.06685,-3.53903
0.224747,0.0479798,-0.0269851,-0.0287369,-3.20382,-3.47942
0.229798,0.0479798,-0.0448352,-0.0467524,-3.35711,-3.74764
0.234848,0.0479798,-0.0590008,-0.060901,-3.20895,-3.60608
0.239899,0.0479798,-0.0720674,-0.0739992,-3.52935,-3.8892
0.244949,0.0479798,-0.0821674,-0.0844374,-4.07196,-4.50015
0.25,0.0479798,-0.129906,-0.132397,-4.67841,-4.79072
-0.25,0.0530303,-0.40667,-0.396848,16.6853,19.297
-0.244949,0.0530303,-0.329344,-0.32226,11.8559,13.9847
-0.239899,0.0530303,-0.27205,-0.266433,9.61492,11.1908
-0.234848,0.0530303,-0.221287,-0.216812,7.87088,8.58307
-0.229798,0.0530303,-0.179801,-0.176013,6.60469,7.51763
-0.224747,0.0530303,-0.142996,-0.139698,5.85422,6.482
-0.219697,0.0530303,-0.11172,-0.108719,5.05788,5.91576
-0.214646,0.0530303,-0.10204,-0.0995547,4.53104,4.88013
-0.209596,0.0530303,-0.0834169,-0.0811517,4.30698,4.35859
-0.204545,0.0530303,-0.0587361,-0.056453,3.86089,4.48525
-0.199495,0.0530303,-0.0251187,-0.0227094,3.82915,4.69387
-0.194444,0.0530303,0.0345279,0.0370145,4.08576,5.02169
-0.189394,0.0530303,0.0570877,0.0592917,3.89587,4.27663
-0.184343,0.0530303,0.0698946,0.0719726,3.66622,4.03821
-0.179293,0.0530303,0.095245,0.0972599,3.83245,4.09782
-0.174242,0.0530303,0.113526,0.115708,3.8758,4.26173
-0.169192,0.0530303,0.139035,0.141054,3.66475,3.919
-0.164141,0.0530303,0.167319,0.169344,3.87961,4.13507
-0.159091,0.0530303,0.20562,0.207923,4.09647,4.5225
-0.15404,0.0530303,0.215666,0.218004,4.16634,4.69387
-0.14899,0.0530303,0.212136,0.214256,4.11801,4.41074
-0.143939,0.0530303,0.229633,0.231832,4.00931,4.29898
-0.138889,0.0530303,0.243577,0.245616,3.79142,3.98606
-0.133838,0.0530303,0.280456,0.282474,3.79544,3.99724
-0.128788,0.0530303,0.289422,0.291377,3.63111,3.98233
-0.123737,0.0530303,0.315127,0.317141,3.71436,4.01586
-0.118687,0.0530303,0.324698,0.326682,3.60594,3.99724
-0.113636,0.0530303,0.366673,0.368625,3.61965,3.9041
-0.108586,0.0530303,0.383067,0.38496,3.45385,3.80352
-0.103535,0.0530303,0.435654,0.437561,3.46912,3.86685
-0.0984849,0.0530303,0.46281,0.464782,3.51256,3.90783
-0.0934343,0.0530303,0.464759,0.466578,3.39743,3.69176
-0.0883838,0.0530303,0.491363,0.493206,3.4486,3.75137
-0.0833333,0.0530303,0.493793,0.495777,3.44499,3.94881
-0.0782828,0.0530303,0.508032,0.509825,3.33966,3.58745
-0.0732323,0.0530303,0.511472,0.513349,3.38637,3.71784
-0.0681818,0.0530303,0.513963,0.515781,3.232,3.58
-0.0631313,0.0530303,0.586108,0.587765,3.14961,3.32296
-0.0580808,0.0530303,0.584673,0.586269,3.04966,3.27267
-0.0530303,0.0530303,0.593014,0.594469,2.75715,2.90759
-0.0479798,0.0530303,0.582204,0.583552,2.555,2.68966
-0.0429293,0.0530303,0.561906,0.563102,2.19498,2.39909
-0.0378788,0.0530303,0.63748,0.638505,1.88703,2.0368
-0.0328283,0.0530303,0.633578,0.634584,1.88507,2.04053
-0.0277778,0.0530303,0.638903,0.639779,1.58353,1.76951
-0.0227273,0.0530303,0.625216,0.625993,1.41221,1.55298
-0.0176768,0.0530303,0.680439,0.68101,1.04782,1.15158
-0.0126263,0.0530303,0.658058,0.658475,0.777981,0.844127
-0.00757576,0.0530303,0.643615,0.643766,0.286105,0.32736
-0.00252525,0.0530303,0.672515,0.672441,-0.13467,-0.105239
0.00252525,0.0530303,0.697231,0.69708,-0.288909,-0.228174
0.00757576,0.0530303,0.696409,0.696206,-0.364689,-0.38743
0.0126263,0.0530303,0.709732,0.709176,-0.973193,-1.07102
0.0176768,0.0530303,0.753003,0.752194,-1.47015,-1.57207
0.0227273,0.0530303,0.766049,0.765141,-1.66474,-1.80304
0.0277778,0.0530303,0.770552,0.769436,-2.1756,-2.25753
0.0328283,0.0530303,0.777981,0.776552,-2.63983,-2.90573
0.0378788,0.0530303,0.75059,0.749115,-2.7774,-2.91318
0.0429293,0.0530303,0.760807,0.75911,-3.25714,-3.48315
0.0479798,0.0530303,0.716498,0.714581,-3.56525,-3.77744
0.0530303,0.0530303,0.712445,0.710368,-4.04102,-4.1686
0.0580808,0.0530303,0.723201,0.720955,-4.25175,-4.41819
0.0631313,0.0530303,0.699162,0.696734,-4.40093,-4.79817
0.0681818,0.0530303,0.708513,0.706099,-4.53641,-4.81307
0.0732323,0.0530303,0.696741,0.693954,-4.9451,-5.57303
0.0782828,0.0530303,0.699246,0.696383,-5.18346,-5.57303
0.0833333,0.0530303,0.684218,0.681445,-5.32528,-5.44637
0.0883838,0.0530303,0.638045,0.63514,-5.50593,-5.804
0.0934343,0.0530303,0.636755,0.63356,-5.82034,-6.42985
0.0984849,0.0530303,0.621374,0.618264,-5.93147,-6.25849
0.103535,0.0530303,0.61794,0.614278,-6.30739,-7.21216
0.108586,0.0530303,0.619257,0.615604,-6.34233,-7.20471
0.113636,0.0530303,0.539691,0.536308,-6.2146,-6.75023
0.118687,0.0530303,0.51916,0.515625,-6.27104,-7.0557
0.123737,0.0530303,0.519045,0.515625,-6.35522,-6.89179
0.128788,0.0530303,0.513216,0.509754,-6.46758,-6.88434
0.133838,0.0530303,0.4451,0.441819,-6.31259,-6.64592
0.138889,0.0530303,0.422469,0.418991,-6.26529,-6.90669
0.143939,0.0530303,0.372225,0.36899,-5.97267,-6.34044
0.14899,0.0530303,0.368439,0.365019,-6.13469,-6.72042
0.15404,0.0530303,0.34318,0.339881,-5.98449,-6.54906
0.159091,0.0530303,0.325135,0.321917,-5.8866,-6.57886
0.164141,0.0530303,0.25203,0.24917,-5.35068,-5.51343
0.169192,0.0530303,0.2264,0.223741,-5.1259,-5.23776
0.174242,0.0530303,0.199799,0.197187,-5.04333,-5.40912
0.179293,0.0530303,0.173725,0.171125,-4.92002,-5.02169
0.184343,0.0530303,0.116369,0.113845,-4.74409,-5.05149
0.189394,0.0530303,0.0944614,0.0920296,-4.49684,-4.75347
0.194444,0.0530303,0.0811166,0.0784621,-4.43766,-5.11855
0.199495,0.0530303,0.0491979,0.0469908,-4.22286,-4.41074
0.204545,0.0530303,0.0354704,0.0332594,-4.0853,-4.32134
0.209596,0.0530303,0.0228976,0.0206977,-4.03507,-4.26173
0.214646,0.0530303,-0.00134014,-0.00350177,-3.9365,-4.23193
0.219697,0.0530303,-0.0230665,-0.0251979,-3.59971,-4.20213
0.224747,0.0530303,-0.0360747,-0.037998,-3.50422,-3.8445
0.229798,0.0530303,-0.0534501,-0.0552162,-3.66458,-3.76999
0.234848,0.0530303,-0.0679696,-0.0698641,-3.48987,-3.8147
0.239899,0.0530303,-0.0794445,-0.0814497,-3.83813,-4.13507
0.244949,0.0530303,-0.0937575,-0.0960231,-4.1487,-4.54485
0.25,0.0530303,-0.14148,-0.1444,-4.73278,-5.40167
-0.25,0.0580808,-0.392445,-0.382662,16.5458,19.3045
-0.244949,0.0580808,-0.312658,-0.30572,11.8106,13.6122
-0.239899,0.0580808,-0.258298,-0.252679,9.53415,11.0641
-0.234848,0.0580808,-0.206383,-0.201911,7.80755,8.81404
-0.229798,0.0580808,-0.169998,-0.166088,6.46859,7.62939
-0.224747,0.0580808,-0.133862,-0.130571,5.75974,6.54161
-0.219697,0.0580808,-0.103573,-0.100955,4.97345,5.32716
-0.214646,0.0580808,-0.0917217,-0.0891015,4.48067,5.25266
-0.209596,0.0580808,-0.0725631,-0.0700802,4.2753,4.77582
-0.204545,0.0580808,-0.0500278,-0.047721,3.80115,4.54485
-0.199495,0.0580808,-0.017481,-0.0152737,3.79691,4.20213
-0.194444,0.0580808,0.0420423,0.0443086,4.03808,4.63426
-0.189394,0.0580808,0.063889,0.0659898,3.84246,4.20958
-0.184343,0.0580808,0.0754387,0.0775009,3.62152,4.05312
-0.179293,0.0580808,0.104767,0.107154,3.76975,4.64171
-0.174242,0.0580808,0.141754,0.143982,4.09008,4.60446
-0.169192,0.0580808,0.162512,0.164829,3.86105,4.59701
-0.164141,0.0580808,0.19017,0.192329,4.08224,4.44055
-0.159091,0.0580808,0.226838,0.229157,4.30954,4.76092
-0.15404,0.0580808,0.237099,0.239462,4.36765,4.59701
-0.14899,0.0580808,0.234031,0.236392,4.3225,4.71622
-0.143939,0.0580808,0.251415,0.253856,4.19365,4.82053
-0.138889,0.0580808,0.264787,0.267006,3.97714,4.43309
-0.133838,0.0580808,0.301212,0.303432,4.02099,4.37349
-0.128788,0.0580808,0.309485,0.311643,3.85402,4.19468
-0.123737,0.0580808,0.334424,0.336569,3.94199,4.1984
-0.118687,0.0580808,0.34928,0.351492,3.84756,4.48152
-0.113636,0.0580808,0.390082,0.392243,3.87522,4.39957
-0.108586,0.0580808,0.407585,0.409674,3.70276,4.1537
-0.103535,0.0580808,0.45964,0.461772,3.72565,4.2133
-0.0984849,0.0580808,0.486613,0.488605,3.77064,4.04194
-0.0934343,0.0580808,0.488121,0.490207,3.67616,4.06057
-0.0883838,0.0580808,0.513902,0.515934,3.70306,3.96743
-0.0833333,0.0580808,0.516281,0.518244,3.71052,3.99351
-0.0782828,0.0580808,0.536639,0.538643,3.61003,3.99724
-0.0732323,0.0580808,0.540224,0.542145,3.63809,3.8743
-0.0681818,0.0580808,0.541342,0.543267,3.47937,3.80352
-0.0631313,0.0580808,0.613024,0.614896,3.38996,3.71039
-0.0580808,0.0580808,0.612259,0.613969,3.301,3.50922
-0.0530303,0.0580808,0.621169,0.622781,3.00537,3.24286
-0.0479798,0.0580808,0.608436,0.609959,2.81658,3.02121
-0.0429293,0.0580808,0.588778,0.590093,2.44673,2.65799
-0.0378788,0.0580808,0.665664,0.666788,2.14715,2.26684
-0.0328283,0.0580808,0.665302,0.666431,2.11496,2.2538
-0.0277778,0.0580808,0.674465,0.675433,1.80191,1.94274
-0.0227273,0.0580808,0.64099,0.641736,1.39556,1.51293
-0.0176768,0.0580808,0.696696,0.697244,1.02761,1.12015
-0.0126263,0.0580808,0.674368,0.674773,0.760582,0.829808
-0.00757576,0.0580808,0.658875,0.659019,0.263867,0.295229
-0.00252525,0.0580808,0.692203,0.692074,-0.188054,-0.194646
0.00252525,0.0580808,0.717526,0.717351,-0.339448,-0.340864
0.00757576,0.0580808,0.717211,0.716945,-0.4151,-0.480562
0.0126263,0.0580808,0.730849,0.730319,-1.02026,-1.04308
0.0176768,0.0580808,0.772161,0.77137,-1.51364,-1.51247
0.0227273,0.0580808,0.78639,0.785448,-1.71009,-1.81794
0.0277778,0.0580808,0.790958,0.789676,-2.22161,-2.50712
0.0328283,0.0580808,0.812281,0.810679,-2.94941,-3.1814
0.0378788,0.0580808,0.784799,0.78309,-3.08429,-3.33041
0.0429293,0.0580808,0.794707,0.792768,-3.56166,-3.8147
0.0479798,0.0580808,0.750861,0.748686,-3.87618,-4.23565
0.0530303,0.0580808,0.745931,0.743605,-4.34455,-4.65661
0.0580808,0.0580808,0.756948,0.754297,-4.5542,-5.27501
0.0631313,0.0580808,0.734438,0.731878,-4.70817,-5.02914
0.0681818,0.0580808,0.737577,0.735022,-4.84677,-5.10365
0.0732323,0.0580808,0.726086,0.723243,-5.25237,-5.69969
0.0782828,0.0580808,0.737075,0.734009,-5.72769,-6.24359
0.0833333,0.0580808,0.728303,0.724934,-6.09807,-6.86198
0.0883838,0.0580808,0.681006,0.677593,-6.26683,-6.70552
0.0934343,0.0580808,0.680529,0.677183,-6.58652,-6.81728
0.0984849,0.0580808,0.665649,0.661947,-6.70469,-7.17491
0.103535,0.0580808,0.661775,0.65811,-7.07159,-7.38352
0.108586,0.0580808,0.663367,0.659488,-7.10384,-7.7635
0.113636,0.0580808,0.583389,0.579514,-6.96951,-7.7337
0.118687,0.0580808,0.558689,0.554971,-7.01416,-7.51018
0.123737,0.0580808,0.553858,0.549793,-7.10231,-8.15093
0.128788,0.0580808,0.548204,0.54428,-7.21964,-7.98702
0.133838,0.0580808,0.480203,0.47648,-7.05915,-7.62939
0.138889,0.0580808,0.456945,0.45307,-7.01147,-7.7337
0.143939,0.0580808,0.406952,0.40324,-6.71641,-7.42078
0.14899,0.0580808,0.39936,0.39576,-6.83333,-7.40588
0.15404,0.0580808,0.374582,0.371113,-6.68928,-6.97374
0.159091,0.0580808,0.356992,0.353545,-6.58818,-7.10785
0.164141,0.0580808,0.273641,0.270352,-6.16927,-6.60121
0.169192,0.0580808,0.248479,0.245258,-5.93909,-6.27339
0.174242,0.0580808,0.221512,0.21857,-5.8754,-5.88596
0.179293,0.0580808,0.195848,0.192761,-5.73679,-6.09457
0.184343,0.0580808,0.120013,0.117332,-5.32995,-5.42402
0.189394,0.0580808,0.0983799,0.0956505,-5.07956,-5.34952
0.194444,0.0580808,0.0859389,0.0832975,-5.02189,-5.37932
0.199495,0.0580808,0.0533042,0.0509173,-4.80043,-4.63426
0.204545,0.0580808,0.0405836,0.0383109,-4.67104,-4.58956
0.209596,0.0580808,0.0277784,0.025332,-4.61619,-4.96209
0.214646,0.0580808,0.00352571,0.00102818,-4.5139,-4.73857
0.219697,0.0580808,-0.0178069,-0.0201762,-4.18661,-4.63426
0.224747,0.0580808,-0.0369549,-0.0391603,-3.87145,-4.29153
0.229798,0.0580808,-0.0561805,-0.0584274,-4.0206,-4.51505
0.234848,0.0580808,-0.0757938,-0.077799,-3.64376,-3.89665
0.239899,0.0580808,-0.0880187,-0.0902638,-3.94705,-4.42564
0.244949,0.0580808,-0.101636,-0.104137,-4.2582,-4.85033
0.25,0.0580808,-0.170497,-0.173144,-4.84768,-5.25266
-0.25,0.0631313,-0.383358,-0.373572,16.3788,19.1331
-0.244949,0.0631313,-0.303794,-0.296921,11.6597,13.6346
-0.239899,0.0631313,-0.247091,-0.241518,9.47389,11.1237
-0.234848,0.0631313,-0.196059,-0.191756,7.73745,8.62032
-0.229798,0.0631313,-0.157828,-0.154085,6.42971,7.30157
-0.224747,0.0631313,-0.125182,-0.121839,5.72169,6.72787
-0.219697,0.0631313,-0.0976668,-0.0948682,4.88833,5.64009
-0.214646,0.0631313,-0.0810455,-0.0786483,4.43466,4.79817
-0.209596,0.0631313,-0.0505369,-0.0479519,4.46288,5.24521
-0.204545,0.0631313,-0.0292967,-0.026986,3.99152,4.58211
-0.199495,0.0631313,0.00138586,0.00367314,3.95375,4.50015
-0.194444,0.0631313,0.0614654,0.0638887,4.1911,4.85778
-0.189394,0.0631313,0.0843308,0.0865012,4.002,4.47035
-0.184343,0.0631313,0.0926981,0.0947565,3.79541,4.11272
-0.179293,0.0631313,0.123944,0.12628,3.92089,4.58956
-0.174242,0.0631313,0.198754,0.201315,4.73276,5.31226
-0.169192,0.0631313,0.217301,0.219911,4.51391,5.16325
-0.164141,0.0631313,0.248301,0.251144,4.77191,5.45382
-0.159091,0.0631313,0.284501,0.287332,4.99822,5.55813
-0.15404,0.0631313,0.294487,0.297375,5.08288,5.7444
-0.14899,0.0631313,0.293133,0.295781,5.04378,5.49108
-0.143939,0.0631313,0.315006,0.317603,4.91877,5.24521
-0.138889,0.0631313,0.352163,0.354864,4.93665,5.28991
-0.133838,0.0631313,0.388394,0.390947,4.9497,5.17815
-0.128788,0.0631313,0.397668,0.400349,4.79474,5.34952
-0.123737,0.0631313,0.420379,0.42332,4.8857,5.8189
-0.118687,0.0631313,0.434805,0.437468,4.81914,5.26011
-0.113636,0.0631313,0.477209,0.479721,4.83021,5.19305
-0.108586,0.0631313,0.494191,0.496741,4.65305,5.14463
-0.103535,0.0631313,0.546299,0.548929,4.67164,5.19305
-0.0984849,0.0631313,0.571445,0.574112,4.74329,5.14463
-0.0934343,0.0631313,0.57357,0.576194,4.62304,5.10365
-0.0883838,0.0631313,0.598457,0.600975,4.65823,5.1707
-0.0833333,0.0631313,0.600171,0.602752,4.6687,5.04404
-0.0782828,0.0631313,0.622327,0.624847,4.5871,5.02914
-0.0732323,0.0631313,0.624212,0.626657,4.61341,4.90621
-0.0681818,0.0631313,0.625843,0.628263,4.44827,4.83543
-0.0631313,0.0631313,0.697487,0.69977,4.37053,4.58956
-0.0580808,0.0631313,0.685024,0.687219,4.03166,4.37722
-0.0530303,0.0631313,0.693002,0.695094,3.7448,4.21703
-0.0479798,0.0631313,0.680686,0.682555,3.54931,3.67314
-0.0429293,0.0631313,0.660712,0.662472,3.18771,3.50736
-0.0378788,0.0631313,0.736575,0.738092,2.88456,3.07523
-0.0328283,0.0631313,0.737733,0.73928,2.85751,3.09944
-0.0277778,0.0631313,0.746245,0.747612,2.53965,2.76789
-0.0227273,0.0631313,0.671974,0.672879,1.65141,1.82167
-0.0176768,0.0631313,0.727297,0.728003,1.29087,1.43237
-0.0126263,0.0631313,0.701381,0.701908,0.988263,1.07874
-0.00757576,0.0631313,0.687616,0.687886,0.496719,0.553671
-0.00252525,0.0631313,0.723056,0.723057,0.0183519,0.0409782
0.00252525,0.0631313,0.746873,0.746803,-0.152867,-0.138767
0.00757576,0.0631313,0.742534,0.742392,-0.247875,-0.262633
0.0126263,0.0631313,0.728882,0.728287,-1.04016,-1.13621
0.0176768,0.0631313,0.771679,0.770831,-1.53694,-1.61491
0.0227273,0.0631313,0.785079,0.78414,-1.72647,-1.88872
0.0277778,0.0631313,0.790628,0.789382,-2.23986,-2.46614
0.0328283,0.0631313,0.811198,0.809573,-2.96624,-3.1665
0.0378788,0.0631313,0.783948,0.782344,-3.09938,-3.23728
0.0429293,0.0631313,0.793385,0.791527,-3.57583,-3.69176
0.0479798,0.0631313,0.749934,0.747971,-3.8884,-3.91528
0.0530303,0.0631313,0.746791,0.74438,-4.36515,-4.69387
0.0580808,0.0631313,0.757234,0.754692,-4.57055,-4.94719
0.0631313,0.0631313,0.733949,0.731461,-4.71523,-5.00679
0.0681818,0.0631313,0.739413,0.73687,-4.89484,-5.30481
0.0732323,0.0631313,0.727514,0.724733,-5.29321,-5.57303
0.0782828,0.0631313,0.738988,0.735745,-5.772,-6.58631
0.0833333,0.0631313,0.729231,0.725999,-6.13795,-6.72042
0.0883838,0.0631313,0.682067,0.678569,-6.30486,-6.91414
0.0934343,0.0631313,0.681773,0.678182,-6.62407,-7.39097
0.0984849,0.0631313,0.667081,0.663482,-6.74081,-7.39843
0.103535,0.0631313,0.663659,0.659801,-7.11265,-7.71135
0.108586,0.0631313,0.665029,0.661127,-7.13555,-7.71135
0.113636,0.0631313,0.585638,0.581846,-7.01003,-7.62939
0.118687,0.0631313,0.560929,0.556998,-7.0478,-7.71135
0.123737,0.0631313,0.556083,0.552192,-7.1366,-7.89761
0.128788,0.0631313,0.550941,0.546947,-7.25207,-8.06153
0.133838,0.0631313,0.482909,0.479355,-7.08935,-7.19726
0.138889,0.0631313,0.460299,0.456408,-7.0561,-7.77841
0.143939,0.0631313,0.406453,0.402912,-6.72722,-7.09295
0.14899,0.0631313,0.399226,0.395447,-6.84768,-7.45058
0.15404,0.0631313,0.374848,0.371203,-6.68799,-7.37607
0.159091,0.0631313,0.358116,0.354543,-6.58448,-7.10785
0.164141,0.0631313,0.274495,0.271142,-6.18365,-6.73532
0.169192,0.0631313,0.249795,0.246376,-5.94315,-6.3926
0.174242,0.0631313,0.222457,0.218987,-5.88946,-6.92904
0.179293,0.0631313,0.196491,0.193298,-5.74503,-6.25849
0.184343,0.0631313,0.121096,0.117883,-5.34044,-6.4373
0.189394,0.0631313,0.0996504,0.0967532,-5.09899,-5.66244
0.194444,0.0631313,0.0889417,0.0862032,-5.03958,-5.42402
0.199495,0.0631313,0.0551548,0.0523329,-4.81131,-5.67734
0.204545,0.0631313,0.0419345,0.0393689,-4.69,-5.06639
0.209596,0.0631313,0.0294543,0.0270456,-4.62897,-4.88758
0.214646,0.0631313,0.00454256,0.00201166,-4.48814,-5.126
0.219697,0.0631313,-0.0146499,-0.0169575,-4.17472,-4.69387
0.224747,0.0631313,-0.035037,-0.0371337,-3.85939,-4.21703
0.229798,0.0631313,-0.054327,-0.0565201,-4.01468,-4.33624
0.234848,0.0631313,-0.0715525,-0.0737906,-3.66755,-4.25428
0.239899,0.0631313,-0.0842594,-0.0864193,-3.94905,-4.32134
0.244949,0.0631313,-0.0983666,-0.100724,-4.24452,-4.5523
0.25,0.0631313,-0.167974,-0.170693,-4.81379,-5.32716
-0.25,0.0681818,-0.376991,-0.367351,16.4211,19.0511
-0.244949,0.0681818,-0.298204,-0.291564,11.7283,13.3365
-0.239899,0.0681818,-0.241739,-0.236191,9.54717,11.0567
-0.234848,0.0681818,-0.191695,-0.187166,7.80647,9.03755
-0.229798,0.0681818,-0.154955,-0.151202,6.49975,7.27922
-0.224747,0.0681818,-0.121992,-0.118621,5.80429,6.55651
-0.219697,0.0681818,-0.0929845,-0.0900105,4.99909,5.78165
-0.214646,0.0681818,-0.0747702,-0.0719652,4.5427,5.59539
-0.209596,0.0681818,-0.0474031,-0.0448376,4.55418,5.1111
-0.204545,0.0681818,-0.0263914,-0.0240579,4.11807,4.5225
-0.199495,0.0681818,0.00563567,0.00794977,4.0334,4.5523
-0.194444,0.0681818,0.0620802,0.0645742,4.28231,5.03659
-0.189394,0.0681818,0.0875698,0.0898912,4.11267,4.55975
-0.184343,0.0681818,0.0947274,0.0970587,3.88283,4.66406
-0.179293,0.0681818,0.123982,0.126317,4.02098,4.59701
-0.174242,0.0681818,0.19627,0.198945,4.83558,5.29736
-0.169192,0.0681818,0.214025,0.216536,4.61851,5.00679
-0.164141,0.0681818,0.244508,0.247292,4.89314,5.54323
-0.159091,0.0681818,0.280273,0.282951,5.12676,5.49108
-0.15404,0.0681818,0.290823,0.293836,5.18799,5.98282
-0.14899,0.0681818,0.292033,0.294842,5.15341,5.53578
-0.143939,0.0681818,0.312994,0.31577,5.05839,5.65499
-0.138889,0.0681818,0.355386,0.357948,4.89328,5.1707
-0.133838,0.0681818,0.390967,0.393502,4.90895,5.17815
-0.128788,0.0681818,0.39887,0.401556,4.76314,5.34952
-0.123737,0.0681818,0.42094,0.423387,4.87144,5.0962
-0.118687,0.0681818,0.436558,0.439264,4.78963,5.49853
-0.113636,0.0681818,0.478213,0.480793,4.81049,5.27501
-0.108586,0.0681818,0.494393,0.497069,4.62656,5.2005
-0.103535,0.0681818,0.546596,0.549182,4.64565,5.08502
-0.0984849,0.0681818,0.571513,0.574071,4.68679,5.15208
-0.0934343,0.0681818,0.573006,0.575531,4.57968,5.0813
-0.0883838,0.0681818,0.600989,0.603493,4.62508,5.02914
-0.0833333,0.0681818,0.603625,0.606313,4.65019,5.30481
-0.0782828,0.0681818,0.65738,0.659965,4.59108,5.07757
-0.0732323,0.0681818,0.659917,0.662606,4.60713,5.23403
-0.0681818,0.0681818,0.661446,0.663765,4.45275,4.70504
-0.0631313,0.0681818,0.732952,0.735376,4.37934,4.83915
-0.0580808,0.0681818,0.720452,0.722732,4.04747,4.59328
-0.0530303,0.0681818,0.728512,0.730503,3.75227,4.08292
-0.0479798,0.0681818,0.71662,0.718586,3.56089,3.95998
-0.0429293,0.0681818,0.694739,0.696504,3.20502,3.51295
-0.0378788,0.0681818,0.770848,0.772433,2.90457,3.14601
-0.0328283,0.0681818,0.771539,0.773119,2.87582,3.18326
-0.0277778,0.0681818,0.780616,0.781998,2.55398,2.7623
-0.0227273,0.0681818,0.706181,0.707083,1.67288,1.82353
-0.0176768,0.0681818,0.789021,0.789639,1.1407,1.2652
-0.0126263,0.0681818,0.763483,0.763942,0.845831,0.941451
-0.00757576,0.0681818,0.749769,0.749965,0.35388,0.417232
-0.00252525,0.0681818,0.787765,0.7877,-0.12515,-0.120141
0.00252525,0.0681818,0.807786,0.807635,-0.312492,-0.273809
0.00757576,0.0681818,0.803111,0.802916,-0.40548,-0.331551
0.0126263,0.0681818,0.813558,0.812799,-1.41575,-1.43051
0.0176768,0.0681818,0.856771,0.85577,-1.91545,-2.00048
0.0227273,0.0681818,0.870112,0.869021,-2.10122,-2.19792
0.0277778,0.0681818,0.874579,0.873156,-2.60951,-2.77907
0.0328283,0.0681818,0.895506,0.893779,-3.33919,-3.4757
0.0378788,0.0681818,0.867856,0.865869,-3.46999,-3.93018
0.0429293,0.0681818,0.878237,0.876188,-3.94711,-4.21703
0.0479798,0.0681818,0.835331,0.833049,-4.25933,-4.54485
0.0530303,0.0681818,0.831959,0.829399,-4.73423,-4.90993
0.0580808,0.0681818,0.840581,0.838138,-4.94754,-4.96954
0.0631313,0.0681818,0.817394,0.814587,-5.09874,-5.44637
0.0681818,0.0681818,0.821728,0.818841,-5.26461,-5.91576
0.0732323,0.0681818,0.776941,0.773869,-5.6895,-6.16908
0.0782828,0.0681818,0.788305,0.785112,-6.16253,-6.31064
0.0833333,0.0681818,0.77917,0.775687,-6.52672,-7.00354
0.0883838,0.0681818,0.732233,0.728674,-6.69779,-7.18236
0.0934343,0.0681818,0.7314,0.727616,-7.01483,-7.41333
0.0984849,0.0681818,0.716026,0.712119,-7.12535,-7.7486
0.103535,0.0681818,0.713927,0.709742,-7.50239,-8.41916
0.108586,0.0681818,0.714915,0.710651,-7.52157,-8.35955
0.113636,0.0681818,0.635925,0.631958,-7.39638,-7.91252
0.118687,0.0681818,0.611588,0.607401,-7.43277,-8.43406
0.123737,0.0681818,0.606198,0.602081,-7.51826,-8.29995
0.128788,0.0681818,0.601158,0.597224,-7.63026,-7.91252
0.133838,0.0681818,0.500469,0.496447,-7.48692,-7.92742
0.138889,0.0681818,0.477602,0.473618,-7.44743,-7.91252
0.143939,0.0681818,0.424392,0.420511,-7.12497,-7.59959
0.14899,0.0681818,0.416944,0.412777,-7.24669,-8.18074
0.15404,0.0681818,0.392727,0.38889,-7.07672,-7.83801
0.159091,0.0681818,0.37616,0.372276,-6.96505,-7.91252
0.164141,0.0681818,0.269161,0.265703,-6.33495,-6.92904
0.169192,0.0681818,0.24458,0.241414,-6.09833,-6.28829
0.174242,0.0681818,0.21782,0.214472,-6.03649,-6.63102
0.179293,0.0681818,0.191605,0.188261,-5.90351,-6.67572
0.184343,0.0681818,0.116309,0.113323,-5.49538,-5.90086
0.189394,0.0681818,0.0942288,0.0911504,-5.27121,-6.04987
0.194444,0.0681818,0.0831839,0.0804067,-5.19974,-5.58793
0.199495,0.0681818,0.0518283,0.0489801,-4.96598,-5.70714
0.204545,0.0681818,0.0390604,0.0362098,-4.84999,-5.82635
0.209596,0.0681818,0.0254791,0.0226349,-4.78516,-5.52833
0.214646,0.0681818,0.00108264,-0.00175834,-4.65292,-5.63264
0.219697,0.0681818,-0.0167729,-0.0191927,-4.33787,-4.96209
0.224747,0.0681818,-0.0371671,-0.0393838,-4.02121,-4.42564
0.229798,0.0681818,-0.0561635,-0.0583231,-4.18042,-4.39584
0.234848,0.0681818,-0.0746377,-0.0767037,-3.82432,-4.17978
0.239899,0.0681818,-0.0882125,-0.0906587,-4.11838,-4.61936
0.244949,0.0681818,-0.101303,-0.10372,-4.41495,-4.83543
0.25,0.0681818,-0.170717,-0.173494,-4.97405,-5.26011
-0.25,0.0732323,-0.363576,-0.353903,16.2824,19.1927
-0.244949,0.0732323,-0.283324,-0.276551,11.6406,13.3738
-0.239899,0.0732323,-0.228731,-0.223234,9.46276,10.7065
-0.234848,0.0732323,-0.178939,-0.174597,7.71683,8.55327
-0.229798,0.0732323,-0.143612,-0.139929,6.40675,7.30902
-0.224747,0.0732323,-0.110748,-0.107467,5.7327,6.51926
-0.219697,0.0732323,-0.0824181,-0.0796467,4.91662,5.70714
-0.214646,0.0732323,-0.0629945,-0.060454,4.4764,5.00679
-0.209596,0.0732323,-0.0396891,-0.0371337,4.46514,5.126
-0.204545,0.0732323,-0.0205369,-0.0181496,4.03273,4.73112
-0.199495,0.0732323,0.0170191,0.0193194,3.96062,4.60446
-0.194444,0.0732323,0.0715708,0.074029,4.1925,4.90248
-0.189394,0.0732323,0.0948015,0.0970513,4.02995,4.38839
-0.184343,0.0732323,0.103062,0.105076,3.77034,4.06057
-0.179293,0.0732323,0.130227,0.132255,3.93091,4.23938
-0.174242,0.0732323,0.200374,0.202902,4.74851,5.0962
-0.169192,0.0732323,0.219496,0.22202,4.54648,5.05894
-0.164141,0.0732323,0.247387,0.250049,4.8144,5.22286
-0.159091,0.0732323,0.283213,0.285827,5.05589,5.32716
-0.15404,0.0732323,0.292972,0.295594,5.11815,5.25266
-0.14899,0.0732323,0.295773,0.298627,5.06262,5.55068
-0.143939,0.0732323,0.315573,0.318296,4.99412,5.44637
-0.138889,0.0732323,0.357105,0.359789,4.83284,5.31226
-0.133838,0.0732323,0.391694,0.394434,4.85056,5.40912
-0.128788,0.0732323,0.399219,0.40181,4.69562,5.05894
-0.123737,0.0732323,0.422925,0.425592,4.81678,5.1856
-0.118687,0.0732323,0.437033,0.439733,4.73019,5.37187
-0.113636,0.0732323,0.479032,0.481769,4.73582,5.34207
-0.108586,0.0732323,0.495065,0.497594,4.59667,5.04404
-0.103535,0.0732323,0.54627,0.548754,4.59483,5.05522
-0.0984849,0.0732323,0.571504,0.574037,4.64109,5.24148
-0.0934343,0.0732323,0.571814,0.574291,4.52851,4.91366
-0.0883838,0.0732323,0.60108,0.603601,4.58671,5.04032
-0.0833333,0.0732323,0.635721,0.638388,4.65395,5.28246
-0.0782828,0.0732323,0.688978,0.69147,4.58581,4.94719
-0.0732323,0.0732323,0.692954,0.695534,4.61326,5.1707
-0.0681818,0.0732323,0.728457,0.730962,4.44044,4.93601
-0.0631313,0.0732323,0.799869,0.802208,4.37524,4.64916
-0.0580808,0.0732323,0.786017,0.788227,4.03748,4.41819
-0.0530303,0.0732323,0.795014,0.797007,3.74553,4.01586
-0.0479798,0.0732323,0.781925,0.78382,3.55996,3.8743
-0.0429293,0.0732323,0.762797,0.764549,3.19945,3.44776
-0.0378788,0.0732323,0.83734,0.838907,2.90297,3.13483
-0.0328283,0.0732323,0.838125,0.839727,2.86584,3.17767
-0.0277778,0.0732323,0.847654,0.849022,2.54908,2.77162
-0.0227273,0.0732323,0.772443,0.77336,1.66709,1.8538
-0.0176768,0.0732323,0.855532,0.856151,1.14166,1.25065
-0.0126263,0.0732323,0.8305,0.83096,0.847808,0.933418
-0.00757576,0.0732323,0.816999,0.817183,0.357943,0.4014
-0.00252525,0.0732323,0.853217,0.853151,-0.117091,-0.109896
0.00252525,0.0732323,0.875092,0.874931,-0.308581,-0.262633
0.00757576,0.0732323,0.870176,0.86996,-0.400777,-0.417232
0.0126263,0.0732323,0.88049,0.879757,-1.40618,-1.47149
0.0176768,0.0732323,0.922921,0.921946,-1.90108,-1.88872
0.0227273,0.0732323,0.93741,0.936281,-2.09727,-2.25008
0.0277778,0.0732323,0.941032,0.939671,-2.60428,-2.68221
0.0328283,0.0732323,0.962206,0.960477,-3.33006,-3.35649
0.0378788,0.0732323,0.935697,0.933852,-3.46538,-3.76254
0.0429293,0.0732323,0.945967,0.943825,-3.93876,-4.26546
0.0479798,0.0732323,0.903241,0.900857,-4.25125,-4.73112
0.0530303,0.0732323,0.900147,0.897601,-4.72574,-5.20796
0.0580808,0.0732323,0.908705,0.905946,-4.93863,-5.39422
0.0631313,0.0732323,0.885677,0.882879,-5.08973,-5.51343
0.0681818,0.0732323,0.855286,0.852525,-5.28651,-5.55813
0.0732323,0.0732323,0.810748,0.807501,-5.71059,-6.3777
0.0782828,0.0732323,0.822218,0.818714,-6.18282,-7.1153
0.0833333,0.0732323,0.778896,0.775285,-6.52229,-7.16001
0.0883838,0.0732323,0.731874,0.728354,-6.69043,-6.97374
0.0934343,0.0732323,0.731782,0.727855,-7.00797,-7.77095
0.0984849,0.0732323,0.71699,0.713021,-7.12569,-7.91997
0.103535,0.0732323,0.71411,0.710055,-7.4883,-8.21054
0.108586,0.0732323,0.715005,0.7108,-7.52031,-8.21054
0.113636,0.0732323,0.635642,0.631645,-7.38471,-8.04663
0.118687,0.0732323,0.611118,0.607163,-7.41469,-7.98702
0.123737,0.0732323,0.606213,0.602156,-7.50148,-8.07643
0.128788,0.0732323,0.598433,0.594229,-7.81017,-8.53836
0.133838,0.0732323,0.498065,0.493899,-7.67687,-8.40425
0.138889,0.0732323,0.47507,0.470817,-7.63632,-8.52346
0.143939,0.0732323,0.421665,0.417516,-7.31272,-8.16584
0.14899,0.0732323,0.414324,0.410289,-7.43685,-8.06153
0.15404,0.0732323,0.389999,0.385866,-7.26457,-8.31485
0.159091,0.0732323,0.373348,0.369474,-7.14437,-7.689
0.164141,0.0732323,0.266798,0.263289,-6.51501,-7.03335
0.169192,0.0732323,0.241319,0.237837,-6.28281,-6.67572
0.174242,0.0732323,0.214898,0.211462,-6.20846,-6.89924
0.179293,0.0732323,0.188412,0.184983,-6.07599,-6.73532
0.184343,0.0732323,0.113291,0.110149,-5.66015,-6.4671
0.189394,0.0732323,0.0919809,0.088945,-5.43968,-6.24359
0.194444,0.0732323,0.0806219,0.0775307,-5.37612,-6.25849
0.199495,0.0732323,0.0502279,0.0472963,-5.14955,-5.82635
0.204545,0.0732323,0.0368784,0.0340343,-5.05218,-5.75185
0.209596,0.0732323,0.0255264,0.0228137,-4.96788,-5.46873
0.214646,0.0732323,-0.000449665,-0.00289083,-4.82669,-4.75347
0.219697,0.0732323,-0.0175792,-0.0201017,-4.51574,-4.99189
0.224747,0.0732323,-0.0392726,-0.0416189,-4.18991,-4.64916
0.229798,0.0732323,-0.0568463,-0.0592768,-4.368,-4.84288
0.234848,0.0732323,-0.075026,-0.0771433,-3.99768,-4.18723
0.239899,0.0732323,-0.0888,-0.0912547,-4.30321,-4.72367
0.244949,0.0732323,-0.100327,-0.102997,-4.62578,-5.1856
0.25,0.0732323,-0.169926,-0.172883,-5.20943,-5.60284
-0.25,0.0782828,-0.365365,-0.355668,16.442,18.9692
-0.244949,0.0782828,-0.284997,-0.278071,11.8139,13.6048
-0.239899,0.0782828,-0.228939,-0.223324,9.71725,10.93
-0.234848,0.0782828,-0.181117,-0.176303,7.95302,9.45479
-0.229798,0.0782828,-0.146742,-0.142634,6.63233,7.94232
-0.224747,0.0782828,-0.116699,-0.113584,5.93347,6.19888
-0.219697,0.0782828,-0.0857704,-0.0827536,5.15567,5.96046
-0.214646,0.0782828,-0.0631349,-0.060536,4.7293,5.21541
-0.209596,0.0782828,-0.0416929,-0.0389144,4.69386,5.37932
-0.204545,0.0782828,-0.0232348,-0.0207499,4.24908,4.77582
-0.199495,0.0782828,0.0105149,0.0129342,4.18552,4.79072
-0.194444,0.0782828,0.0697882,0.0724047,4.40038,5.1111
-0.189394,0.0782828,0.0867866,0.0891611,4.26091,4.5374
-0.184343,0.0782828,0.0973653,0.0993982,3.98971,4.17232
-0.179293,0.0782828,0.134597,0.137046,4.06837,4.80562
-0.174242,0.0782828,0.203526,0.206083,4.87289,5.20796
-0.169192,0.0782828,0.22264,0.225373,4.69471,5.58048
-0.164141,0.0782828,0.248741,0.251234,4.9621,4.96209
-0.159091,0.0782828,0.286474,0.289269,5.20654,5.85616
-0.15404,0.0782828,0.297283,0.300191,5.21823,5.7593
-0.14899,0.0782828,0.297534,0.300087,5.21128,5.1856
-0.143939,0.0782828,0.316708,0.319526,5.12396,5.48363
-0.138889,0.0782828,0.358227,0.360951,4.95451,5.28991
-0.133838,0.0782828,0.421504,0.42437,5.16905,5.56558
-0.128788,0.0782828,0.429832,0.432692,5.03189,5.78165
-0.123737,0.0782828,0.452434,0.455104,5.14558,5.33462
-0.118687,0.0782828,0.466218,0.468992,5.05467,5.69224
-0.113636,0.0782828,0.507479,0.510067,4.87666,5.19305
-0.108586,0.0782828,0.52328,0.525817,4.72387,5.26011
-0.103535,0.0782828,0.573807,0.576336,4.70709,5.10737
-0.0984849,0.0782828,0.599863,0.602383,4.76351,5.02169
-0.0934343,0.0782828,0.600044,0.602722,4.66909,5.30481
-0.0883838,0.0782828,0.628831,0.631392,4.73404,5.01424
-0.0833333,0.0782828,0.662717,0.665251,4.78801,5.13345
-0.0782828,0.0782828,0.751655,0.754148,4.74766,5.126
-0.0732323,0.0782828,0.754514,0.757161,4.77651,5.22286
-0.0681818,0.0782828,0.789886,0.792485,4.61142,5.11482
-0.0631313,0.0782828,0.860427,0.862908,4.53739,4.88758
-0.0580808,0.0782828,0.848382,0.850659,4.20657,4.55603
-0.0530303,0.0782828,0.855494,0.857618,3.91912,4.26546
-0.0479798,0.0782828,0.843104,0.84506,3.73897,3.919
-0.0429293,0.0782828,0.822643,0.824461,3.37678,3.64333
-0.0378788,0.0782828,0.897904,0.899572,3.07404,3.29502
-0.0328283,0.0782828,0.89753,0.899177,3.0431,3.32482
-0.0277778,0.0782828,0.907193,0.908697,2.7274,3.04356
-0.0227273,0.0782828,0.833452,0.834439,1.84503,1.99582
-0.0176768,0.0782828,0.917207,0.917922,1.3231,1.45892
-0.0126263,0.0782828,0.89144,0.891997,1.0333,1.14349
-0.00757576,0.0782828,0.876757,0.877043,0.544728,0.597909
-0.00252525,0.0782828,0.91377,0.91381,0.0702771,0.0996515
0.00252525,0.0782828,0.934971,0.934912,-0.121576,-0.0791624
0.00757576,0.0782828,0.931328,0.931209,-0.210553,-0.199303
0.0126263,0.0782828,0.941294,0.940645,-1.21578,-1.22376
0.0176768,0.0782828,0.952779,0.951748,-1.88786,-2.06009
0.0227273,0.0782828,0.966243,0.9652,-2.07989,-2.02656
0.0277778,0.0782828,0.971729,0.970278,-2.59086,-2.85357
0.0328283,0.0782828,0.993063,0.991452,-3.31466,-3.2708
0.0378788,0.0782828,0.96674,0.964876,-3.44681,-3.62843
0.0429293,0.0782828,0.977264,0.975154,-3.92255,-4.2133
0.0479798,0.0782828,0.93386,0.931613,-4.23065,-4.50015
0.0530303,0.0782828,0.930176,0.927702,-4.69666,-4.91738
0.0580808,0.0782828,0.938427,0.935756,-4.9114,-5.27501
0.0631313,0.0782828,0.91554,0.9128,-5.06129,-5.36442
0.0681818,0.0782828,0.886546,0.883758,-5.26165,-5.34207
0.0732323,0.0782828,0.806017,0.802793,-5.69248,-6.37025
0.0782828,0.0782828,0.816998,0.813506,-6.15866,-6.98864
0.0833333,0.0782828,0.774985,0.771485,-6.50343,-7.03335
0.0883838,0.0782828,0.728468,0.72483,-6.67032,-7.41333
0.0934343,0.0782828,0.728343,0.724383,-6.98583,-7.77095
0.0984849,0.0782828,0.713842,0.709839,-7.10079,-7.88271
0.103535,0.0782828,0.711387,0.707403,-7.46724,-8.01682
0.108586,0.0782828,0.711174,0.707254,-7.48686,-7.79331
0.113636,0.0782828,0.632768,0.62865,-7.3594,-8.09133
0.118687,0.0782828,0.608899,0.605032,-7.39555,-7.89761
0.123737,0.0782828,0.604037,0.600174,-7.47131,-8.00192
0.128788,0.0782828,0.596188,0.591964,-7.77946,-8.31485
0.133838,0.0782828,0.495538,0.491336,-7.64695,-8.38935
0.138889,0.0782828,0.472562,0.468284,-7.60541,-8.55327
0.143939,0.0782828,0.419116,0.415251,-7.27973,-7.83801
0.14899,0.0782828,0.411811,0.407889,-7.39674,-7.82311
0.15404,0.0782828,0.387807,0.384122,-7.23751,-7.64429
0.159091,0.0782828,0.371268,0.367492,-7.11178,-7.55489
0.164141,0.0782828,0.264487,0.261083,-6.47382,-6.98864
0.169192,0.0782828,0.239347,0.235707,-6.24561,-7.19726
0.174242,0.0782828,0.213076,0.209838,-6.1635,-6.63102
0.179293,0.0782828,0.187071,0.18394,-6.02664,-6.21378
0.184343,0.0782828,0.112494,0.109076,-5.62071,-6.75023
0.189394,0.0782828,0.0916305,0.0884235,-5.40252,-6.34789
0.194444,0.0782828,0.0808803,0.0780225,-5.34509,-5.76675
0.199495,0.0782828,0.0502954,0.0478327,-5.11404,-5.31971
0.204545,0.0782828,0.0363945,0.0334829,-5.02039,-5.49853
0.209596,0.0782828,0.0249697,0.0220984,-4.9342,-5.67734
0.214646,0.0782828,-0.000265249,-0.00281632,-4.7921,-5.23031
0.219697,0.0782828,-0.016877,-0.0193119,-4.49039,-5.06639
0.224747,0.0782828,-0.0373865,-0.0396371,-4.16946,-4.54485
0.229798,0.0782828,-0.0537692,-0.0559092,-4.36737,-4.50015
0.234848,0.0782828,-0.0723058,-0.0742823,-3.97839,-3.96371
0.239899,0.0782828,-0.0858469,-0.0882298,-4.28726,-4.58956
0.244949,0.0782828,-0.0981352,-0.100791,-4.61102,-5.13345
0.25,0.0782828,-0.167114,-0.170112,-5.20365,-5.96046
-0.25,0.0833333,-0.358574,-0.349075,16.4182,18.7159
-0.244949,0.0833333,-0.275769,-0.268519,11.8925,14.1263
-0.239899,0.0833333,-0.21912,-0.213243,9.85226,11.4813
-0.234848,0.0833333,-0.170375,-0.166036,8.10559,8.58307
-0.229798,0.0833333,-0.139274,-0.135519,6.75199,7.61449
-0.224747,0.0833333,-0.111853,-0.108436,6.01994,7.0259
-0.219697,0.0833333,-0.063398,-0.0604019,5.54994,6.01262
-0.214646,0.0833333,-0.0462671,-0.0434667,5.12258,5.52833
-0.209596,0.0833333,-0.0248871,-0.0220537,5.08016,5.75185
-0.204545,0.0833333,-0.00493709,-0.00237674,4.62299,5.2005
-0.199495,0.0833333,0.0257974,0.0284165,4.53715,5.11855
-0.194444,0.0833333,0.0828272,0.0856072,4.76827,5.50598
-0.189394,0.0833333,0.105075,0.10775,4.57112,5.126
-0.184343,0.0833333,0.110989,0.113718,4.33638,5.34952
-0.179293,0.0833333,0.166638,0.169106,4.68186,5.19305
-0.174242,0.0833333,0.234633,0.237569,5.46834,5.91576
-0.169192,0.0833333,0.253544,0.256456,5.31979,5.84125
-0.164141,0.0833333,0.279603,0.282653,5.58905,6.04242
-0.159091,0.0833333,0.317014,0.320166,5.79917,6.64592
-0.15404,0.0833333,0.327832,0.331044,5.82864,6.35534
-0.14899,0.0833333,0.328511,0.331767,5.82689,6.27339
-0.143939,0.0833333,0.374502,0.377864,5.95368,6.87688
-0.138889,0.0833333,0.415157,0.418305,5.81242,6.32554
-0.133838,0.0833333,0.477886,0.481173,6.04498,6.64592
-0.128788,0.0833333,0.489407,0.492565,5.69001,6.31809
-0.123737,0.0833333,0.511478,0.514634,5.80117,6.45965
-0.118687,0.0833333,0.526008,0.529014,5.72228,6.04242
-0.113636,0.0833333,0.565974,0.568882,5.55888,5.99772
-0.108586,0.0833333,0.581568,0.584587,5.38496,5.91576
-0.103535,0.0833333,0.667465,0.670478,5.47553,6.00517
-0.0984849,0.0833333,0.692733,0.695929,5.55045,6.25849
-0.0934343,0.0833333,0.692988,0.695839,5.46338,5.73695
-0.0883838,0.0833333,0.719878,0.722907,5.51761,6.04242
-0.0833333,0.0833333,0.755164,0.758186,5.58652,6.16908
-0.0782828,0.0833333,0.843496,0.84655,5.54921,6.18398
-0.0732323,0.0833333,0.845236,0.848267,5.58368,5.95301
-0.0681818,0.0833333,0.869147,0.871908,5.1484,5.65499
-0.0631313,0.0833333,0.940419,0.943191,5.0833,5.64381
-0.0580808,0.0833333,0.927428,0.929996,4.75502,5.12227
-0.0530303,0.0833333,0.934419,0.936791,4.46884,4.79817
-0.0479798,0.0833333,0.921297,0.923645,4.28157,4.67151
-0.0429293,0.0833333,0.901398,0.903469,3.92373,4.20958
-0.0378788,0.0833333,0.976058,0.978066,3.62043,3.96371
-0.0328283,0.0833333,0.976781,0.978742,3.61488,3.89665
-0.0277778,0.0833333,0.965873,0.967521,3.03707,3.29688
-0.0227273,0.0833333,0.892549,0.893736,2.16187,2.38232
-0.0176768,0.0833333,0.975922,0.976808,1.63849,1.77696
-0.0126263,0.0833333,0.950509,0.951242,1.34643,1.48453
-0.00757576,0.0833333,0.935744,0.936203,0.861771,0.942033
-0.00252525,0.0833333,0.97299,0.97322,0.389137,0.488013
0.00252525,0.0833333,0.96597,0.965978,-0.0154874,0.0363216
0.00757576,0.0833333,0.961992,0.961972,-0.103492,-0.0372529
0.0126263,0.0833333,0.971214,0.970604,-1.1067,-1.19396
0.0176768,0.0833333,0.982793,0.981808,-1.78041,-1.92597
0.0227273,0.0833333,0.996997,0.995945,-1.96803,-2.10106
0.0277778,0.0833333,1.00241,1.0011,-2.47876,-2.5779
0.0328283,0.0833333,1.0249,1.02313,-3.2057,-3.50922
0.0378788,0.0833333,0.997435,0.99558,-3.33368,-3.65078
0.0429293,0.0833333,1.00754,1.00543,-3.80509,-4.19468
0.0479798,0.0833333,0.929955,0.927761,-4.21709,-4.41819
0.0530303,0.0833333,0.926621,0.924013,-4.68813,-5.10365
0.0580808,0.0833333,0.934983,0.932336,-4.89881,-5.17815
0.0631313,0.0833333,0.911377,0.908583,-5.04566,-5.67734
0.0681818,0.0833333,0.882614,0.879832,-5.24962,-5.46128
0.0732323,0.0833333,0.802501,0.799455,-5.6731,-6.05732
0.0782828,0.0833333,0.813701,0.810325,-6.1395,-6.72787
0.0833333,0.0833333,0.771863,0.768237,-6.4829,-7.00354
0.0883838,0.0833333,0.725568,0.721879,-6.64894,-7.46548
0.0934343,0.0833333,0.725497,0.721686,-6.96217,-7.82311
0.0984849,0.0833333,0.71079,0.706784,-7.07288,-8.18074
0.103535,0.0833333,0.708977,0.705182,-7.4456,-7.61449
0.108586,0.0833333,0.711485,0.707179,-7.69457,-8.41916
0.113636,0.0833333,0.631945,0.627771,-7.5536,-8.28504
0.118687,0.0833333,0.608834,0.604615,-7.57453,-8.29995
0.123737,0.0833333,0.605174,0.600889,-7.65133,-8.40425
0.128788,0.0833333,0.596767,0.592232,-7.9677,-8.9854
0.133838,0.0833333,0.49584,0.491306,-7.82625,-9.045
0.138889,0.0833333,0.473496,0.469342,-7.78418,-8.49366
0.143939,0.0833333,0.419729,0.415772,-7.4658,-7.86781
0.14899,0.0833333,0.412403,0.408396,-7.57596,-8.12113
0.15404,0.0833333,0.387952,0.384152,-7.41814,-7.86781
0.159091,0.0833333,0.371282,0.367254,-7.29038,-7.85291
0.164141,0.0833333,0.265803,0.262052,-6.64708,-7.28667
0.169192,0.0833333,0.240668,0.23751,-6.41305,-6.34789
0.174242,0.0833333,0.214392,0.210866,-6.33431,-6.88434
0.179293,0.0833333,0.189182,0.185728,-6.19032,-6.79493
0.184343,0.0833333,0.11498,0.111863,-5.79512,-6.15418
0.189394,0.0833333,0.0948752,0.0918955,-5.57688,-6.00517
0.194444,0.0833333,0.0851052,0.0818372,-5.50941,-6.22868
0.199495,0.0833333,0.0544551,0.0514537,-5.27699,-5.90086
0.204545,0.0833333,0.0419903,0.039041,-5.18175,-6.06477
0.209596,0.0833333,0.0309435,0.0279248,-5.09772,-5.96046
0.214646,0.0833333,0.00411321,0.0012964,-4.96982,-5.73695
0.219697,0.0833333,-0.0113352,-0.0141263,-4.65696,-5.40912
0.224747,0.0833333,-0.0301717,-0.0323057,-4.36387,-4.26173
0.229798,0.0833333,-0.0467286,-0.0491291,-4.54482,-4.78327
0.234848,0.0833333,-0.0660035,-0.0682324,-4.1483,-4.39584
0.239899,0.0833333,-0.0791625,-0.081718,-4.45891,-5.1111
0.244949,0.0833333,-0.0903962,-0.0928938,-4.8044,-5.05149
0.25,0.0833333,-0.161044,-0.163823,-5.35902,-5.51343
-0.25,0.0883838,-0.360238,-0.350296,16.5678,19.7589
-0.244949,0.0883838,-0.274847,-0.26764,12.1252,14.1561
-0.239899,0.0883838,-0.213055,-0.207394,10.2308,11.2355
-0.234848,0.0883838,-0.171311,-0.166371,8.35981,9.81986
-0.229798,0.0883838,-0.13323,-0.128791,7.2459,8.74698
-0.224747,0.0883838,-0.101254,-0.0975281,6.58936,7.19726
-0.219697,0.0883838,-0.0526348,-0.049293,6.10928,6.73532
-0.214646,0.0883838,-0.0408261,-0.0377893,5.62981,6.16908
-0.209596,0.0883838,-0.023316,-0.0200719,5.58664,6.63102
-0.204545,0.0883838,0.00117839,0.00403821,5.1223,6.06477
-0.199495,0.0883838,0.0336952,0.036478,5.06598,5.55813
-0.194444,0.0883838,0.0850459,0.0881404,5.27603,6.24359
-0.189394,0.0883838,0.109923,0.112861,5.09376,5.88596
-0.184343,0.0883838,0.112749,0.115544,4.87061,5.66989
-0.179293,0.0883838,0.165911,0.168696,5.19473,5.52833
-0.174242,0.0883838,0.233117,0.236168,6.00746,6.33299
-0.169192,0.0883838,0.253027,0.256471,5.85186,6.68317
-0.164141,0.0883838,0.279484,0.282556,6.10693,6.63102
-0.159091,0.0883838,0.317864,0.32115,6.29079,6.55651
-0.15404,0.0883838,0.326297,0.329927,6.366,7.39097
-0.14899,0.0883838,0.361938,0.365712,6.42157,7.21961
-0.143939,0.0883838,0.408208,0.411719,6.55308,6.94394
-0.138889,0.0883838,0.449196,0.452682,6.41886,7.0855
-0.133838,0.0883838,0.516614,0.519902,6.4362,6.63102
-0.128788,0.0883838,0.526186,0.529647,6.09374,6.80983
-0.123737,0.0883838,0.548412,0.551991,6.19879,7.10785
-0.118687,0.0883838,0.561844,0.564992,6.16944,6.4671
-0.113636,0.0883838,0.602189,0.605591,5.97353,6.86943
-0.108586,0.0883838,0.617396,0.620551,5.79698,6.38515
-0.103535,0.0883838,0.703684,0.706904,5.91976,6.52671
-0.0984849,0.0883838,0.727824,0.731058,5.99899,6.57141
-0.0934343,0.0883838,0.728178,0.73158,5.90254,6.89179
-0.0883838,0.0883838,0.755616,0.758901,5.96949,6.56396
-0.0833333,0.0883838,0.790556,0.793859,6.04232,6.54906
-0.0782828,0.0883838,0.868959,0.872046,5.74845,6.04987
-0.0732323,0.0883838,0.870587,0.873685,5.77897,6.40005
-0.0681818,0.0883838,0.894251,0.897188,5.35044,5.99027
-0.0631313,0.0883838,0.965734,0.968557,5.28818,5.60656
-0.0580808,0.0883838,0.951714,0.954367,4.96166,5.39049
-0.0530303,0.0883838,0.95566,0.958193,4.67026,5.13345
-0.0479798,0.0883838,0.942431,0.944789,4.49815,4.86895
-0.0429293,0.0883838,0.921746,0.923999,4.1327,4.55603
-0.0378788,0.0883838,0.996557,0.998616,3.8396,4.16115
-0.0328283,0.0883838,0.99885,1.00095,3.82933,4.1835
-0.0277778,0.0883838,0.984583,0.986377,3.27224,3.57628
-0.0227273,0.0883838,0.910517,0.911804,2.39648,2.5956
-0.0176768,0.0883838,0.995293,0.996293,1.86944,2.02563
-0.0126263,0.0883838,0.96898,0.969831,1.58142,1.7155
-0.00757576,0.0883838,0.955057,0.955645,1.09923,1.20141
-0.00252525,0.0883838,0.963378,0.963583,0.402337,0.439584
0.00252525,0.0883838,0.955818,0.955829,-0.000291892,0.0409782
0.00757576,0.0883838,0.950755,0.950741,-0.0843662,-0.0149012
0.0126263,0.0883838,0.961508,0.960937,-1.09022,-1.08778
0.0176768,0.0883838,0.973685,0.972763,-1.76343,-1.82912
0.0227273,0.0883838,0.988398,0.987407,-1.94934,-2.00421
0.0277778,0.0883838,0.993783,0.992503,-2.46153,-2.5332
0.0328283,0.0883838,1.01564,1.01386,-3.18429,-3.50177
0.0378788,0.0883838,0.988342,0.98652,-3.31011,-3.56138
0.0429293,0.0883838,0.998025,0.996008,-3.77969,-3.96371
0.0479798,0.0883838,0.920292,0.918075,-4.18952,-4.4927
0.0530303,0.0883838,0.917031,0.914514,-4.66127,-5.00679
0.0580808,0.0883838,0.924906,0.9223,-4.87192,-5.1558
0.0631313,0.0883838,0.902004,0.899263,-5.0186,-5.40912
0.0681818,0.0883838,0.87349,0.870652,-5.21707,-5.64009
0.0732323,0.0883838,0.794238,0.79114,-5.64593,-6.15418
0.0782828,0.0883838,0.805866,0.802554,-6.11173,-6.57141
0.0833333,0.0883838,0.763927,0.760511,-6.45811,-6.91414
0.0883838,0.0883838,0.717236,0.713743,-6.61789,-7.13766
0.0934343,0.0883838,0.717717,0.713915,-6.93169,-7.49528
0.0984849,0.0883838,0.705954,0.702172,-7.04321,-7.40588
0.103535,0.0883838,0.7046,0.700787,-7.41564,-7.6741
0.108586,0.0883838,0.707278,0.703186,-7.66085,-8.16584
0.113636,0.0883838,0.6286,0.624597,-7.53096,-8.16584
0.118687,0.0883838,0.604041,0.600085,-7.53868,-8.04663
0.123737,0.0883838,0.602489,0.598505,-7.6335,-7.88271
0.128788,0.0883838,0.595885,0.591427,-7.94748,-9.0301
0.133838,0.0883838,0.49466,0.490457,-7.80353,-8.41916
0.138889,0.0883838,0.471411,0.467554,-7.7654,-8.01682
0.143939,0.0883838,0.418288,0.414073,-7.43421,-8.22544
0.14899,0.0883838,0.410409,0.40634,-7.54971,-7.89761
0.15404,0.0883838,0.386111,0.381991,-7.38684,-8.19564
0.159091,0.0883838,0.370046,0.366136,-7.26997,-7.83801
0.164141,0.0883838,0.264537,0.26089,-6.61949,-7.61449
0.169192,0.0883838,0.240719,0.237212,-6.38322,-7.00354
0.174242,0.0883838,0.214855,0.211626,-6.29678,-6.64592
0.179293,0.0883838,0.189002,0.18543,-6.15068,-7.18236
0.184343,0.0883838,0.114806,0.11149,-5.76081,-6.482
0.189394,0.0883838,0.0944176,0.0912249,-5.54668,-6.51181
0.194444,0.0883838,0.0861643,0.0831634,-5.47151,-5.90086
0.199495,0.0883838,0.0554079,0.0525266,-5.2566,-5.97537
0.204545,0.0883838,0.044605,0.0417381,-5.15428,-5.55813
0.209596,0.0883838,0.03224,0.0295639,-5.06641,-5.58793
0.214646,0.0883838,0.00631178,0.00368059,-4.94668,-5.36442
0.219697,0.0883838,-0.0292301,-0.0318885,-4.68437,-5.1409
0.224747,0.0883838,-0.0473188,-0.0495911,-4.40154,-4.33624
0.229798,0.0883838,-0.063759,-0.0662804,-4.56802,-5.00679
0.234848,0.0883838,-0.0836126,-0.0858158,-4.16403,-4.44055
0.239899,0.0883838,-0.0947209,-0.0971258,-4.51023,-4.54485
0.244949,0.0883838,-0.107284,-0.110075,-4.82175,-5.49853
0.25,0.0883838,-0.177134,-0.180438,-5.36309,-6.31809
-0.25,0.0934343,-0.34608,-0.336021,17.0155,19.9228
-0.244949,0.0934343,-0.264057,-0.256732,12.4677,14.3051
-0.239899,0.0934343,-0.203996,-0.198051,10.5726,11.7868
-0.234848,0.0934343,-0.166145,-0.161141,8.65295,9.90927
-0.229798,0.0934343,-0.125591,-0.120983,7.59829,8.85129
-0.224747,0.0934343,-0.093785,-0.0898987,6.94722,7.86781
-0.219697,0.0934343,-0.0418454,-0.0382662,6.47377,7.01845
-0.214646,0.0934343,-0.0319966,-0.0285357,5.97402,6.63102
-0.209596,0.0934343,-0.0120658,-0.00889599,5.93726,6.24359
-0.204545,0.0934343,0.00485235,0.00786781,5.44911,6.09457
-0.199495,0.0934343,0.0406702,0.0437647,5.41666,6.3926
-0.194444,0.0934343,0.0930788,0.0961274,5.56217,6.30319
-0.189394,0.0934343,0.114809,0.117779,5.39891,5.90086
-0.184343,0.0934343,0.113573,0.116467,5.20106,5.78165
-0.179293,0.0934343,0.166791,0.169843,5.50934,6.16908
-0.174242,0.0934343,0.234794,0.238165,6.34084,6.72042
-0.169192,0.0934343,0.252231,0.255451,6.19129,6.57141
-0.164141,0.0934343,0.281614,0.284821,6.43222,6.86943
-0.159091,0.0934343,0.344126,0.348151,6.86665,8.06153
-0.15404,0.0934343,0.353359,0.357673,6.95192,8.31485
-0.14899,0.0934343,0.387759,0.391751,6.98828,7.79331
-0.143939,0.0934343,0.441682,0.445515,6.95621,7.77841
-0.138889,0.0934343,0.4804,0.484221,6.8261,7.45058
-0.133838,0.0934343,0.543563,0.547558,6.81468,7.66665
-0.128788,0.0934343,0.553944,0.557609,6.45274,7.27177
-0.123737,0.0934343,0.574411,0.578165,6.61451,7.22706
-0.118687,0.0934343,0.588394,0.591993,6.55055,7.00354
-0.113636,0.0934343,0.62794,0.631511,6.35666,7.0557
-0.108586,0.0934343,0.641298,0.644527,5.96475,6.3628
-0.103535,0.0934343,0.726834,0.730202,6.08656,6.73532
-0.0984849,0.0934343,0.751234,0.75455,6.15573,6.78003
-0.0934343,0.0934343,0.751631,0.754975,6.07629,6.73532
-0.0883838,0.0934343,0.779637,0.783056,6.14819,6.83963
-0.0833333,0.0934343,0.812114,0.815555,6.22547,6.90669
-0.0782828,0.0934343,0.891379,0.894554,5.93118,6.37025
-0.0732323,0.0934343,0.893598,0.896804,5.96606,6.40005
-0.0681818,0.0934343,0.911995,0.914913,5.54299,5.94929
-0.0631313,0.0934343,0.982883,0.985824,5.48076,5.91203
-0.0580808,0.0934343,0.968444,0.971321,5.14574,5.68479
-0.0530303,0.0934343,1.00896,1.01161,4.7976,5.29736
-0.0479798,0.0934343,0.995197,0.997622,4.62123,4.84288
-0.0429293,0.0934343,0.974867,0.977222,4.26339,4.71249
-0.0378788,0.0934343,1.05089,1.05303,3.96927,4.29898
-0.0328283,0.0934343,1.05217,1.05435,3.96478,4.36604
-0.0277778,0.0934343,1.03731,1.03919,3.40463,3.74019
-0.0227273,0.0934343,0.963874,0.965246,2.53256,2.75485
-0.0176768,0.0934343,1.04836,1.04944,2.00654,2.19792
-0.0126263,0.0934343,1.02331,1.02424,1.72094,1.90129
-0.00757576,0.0934343,0.980929,0.981469,0.998427,1.10758
-0.00252525,0.0934343,0.987987,0.988129,0.304328,0.326894
0.00252525,0.0934343,0.980275,0.980198,-0.0988382,-0.117347
0.00757576,0.0934343,0.976684,0.976555,-0.183359,-0.208616
0.0126263,0.0934343,0.990763,0.990124,-1.15627,-1.25542
0.0176768,0.0934343,1.00471,1.00372,-1.83527,-1.98185
0.0227273,0.0934343,1.01847,1.01742,-2.02026,-2.11596
0.0277778,0.0934343,1.02371,1.02232,-2.52616,-2.76417
0.0328283,0.0934343,1.04487,1.04305,-3.24413,-3.52785
0.0378788,0.0934343,1.01789,1.01603,-3.37093,-3.72156
0.0429293,0.0934343,1.04758,1.04535,-4.11585,-4.38839
0.0479798,0.0934343,0.969317,0.966817,-4.52642,-4.93228
0.0530303,0.0934343,0.966097,0.9633,-4.99354,-5.54323
0.0580808,0.0934343,0.974814,0.971995,-5.20495,-5.58793
0.0631313,0.0934343,0.952337,0.949457,-5.35576,-5.7444
0.0681818,0.0934343,0.923304,0.920407,-5.54762,-5.84125
0.0732323,0.0934343,0.843979,0.840835,-5.97344,-6.33299
0.0782828,0.0934343,0.860808,0.857472,-6.45022,-6.74277
0.0833333,0.0934343,0.828956,0.825278,-7.05817,-7.28667
0.0883838,0.0934343,0.789949,0.785865,-7.48527,-8.00937
0.0934343,0.0934343,0.790137,0.785783,-7.78983,-8.55327
0.0984849,0.0934343,0.742423,0.737742,-7.84599,-9.045
0.103535,0.0934343,0.74089,0.736162,-8.20829,-9.13441
0.108586,0.0934343,0.743403,0.738651,-8.44927,-9.37283
0.113636,0.0934343,0.66447,0.660032,-8.31727,-8.79168
0.118687,0.0934343,0.640802,0.636309,-8.33336,-8.92579
0.123737,0.0934343,0.63858,0.634089,-8.4162,-8.9705
0.128788,0.0934343,0.631484,0.626773,-8.73477,-9.44734
0.133838,0.0934343,0.528079,0.523075,-8.79528,-10.0732
0.138889,0.0934343,0.50461,0.499919,-8.75093,-9.65595
0.143939,0.0934343,0.45122,0.446483,-8.41939,-9.16421
0.14899,0.0934343,0.444337,0.439808,-8.53633,-9.20892
0.15404,0.0934343,0.420147,0.415653,-8.37194,-8.92579
0.159091,0.0934343,0.404105,0.399768,-8.2565,-8.55327
0.164141,0.0934343,0.298691,0.294656,-7.62039,-8.09133
0.169192,0.0934343,0.274568,0.270516,-7.36796,-8.10623
0.174242,0.0934343,0.249091,0.245482,-7.28436,-7.51018
0.179293,0.0934343,0.223747,0.219882,-7.13293,-7.77841
0.184343,0.0934343,0.149927,0.14624,-6.73932,-7.36117
0.189394,0.0934343,0.129327,0.125319,-6.53351,-7.94232
0.194444,0.0934343,0.101618,0.0980496,-6.18101,-6.86943
0.199495,0.0934343,0.0712069,0.0679046,-5.96517,-6.63102
0.204545,0.0934343,0.0600153,0.0564158,-5.86725,-7.24196
0.209596,0.0934343,0.0481501,0.0451505,-5.77918,-6.18398
0.214646,0.0934343,0.00390602,0.000610948,-5.72652,-6.60121
0.219697,0.0934343,-0.0327222,-0.0358373,-5.46352,-6.12438
0.224747,0.0934343,-0.0494006,-0.0521839,-5.19105,-5.63264
0.229798,0.0934343,-0.076894,-0.0796467,-5.07144,-5.66244
0.234848,0.0934343,-0.0938805,-0.0965297,-4.69609,-5.1558
0.239899,0.0934343,-0.113686,-0.116169,-4.78274,-5.1558
0.244949,0.0934343,-0.125131,-0.128239,-5.11025,-6.21378
0.25,0.0934343,-0.195874,-0.199258,-5.62529,-6.58631
-0.25,0.0984849,-0.350306,-0.340447,17.0123,19.4311
-0.244949,0.0984849,-0.269767,-0.262454,12.4244,14.5584
-0.239899,0.0984849,-0.201938,-0.195816,10.8588,12.2041
-0.234848,0.0984849,-0.162879,-0.157714,8.98361,10.2669
-0.229798,0.0984849,-0.126798,-0.122398,7.85634,8.9705
-0.224747,0.0984849,-0.0893073,-0.0851303,7.25748,8.44896
-0.219697,0.0984849,-0.0412726,-0.0373423,6.80634,7.85291
-0.214646,0.0984849,-0.0345493,-0.0308603,6.24751,7.31647
-0.209596,0.0984849,-0.0128769,-0.00917912,6.21514,7.00354
-0.204545,0.0984849,0.00453227,0.00749528,5.73112,6.15418
-0.199495,0.0984849,0.0388476,0.0422299,5.70648,6.83963
-0.194444,0.0984849,0.0931,0.0964999,5.84414,6.76513
-0.189394,0.0984849,0.109273,0.112429,5.68583,6.34789
-0.184343,0.0984849,0.123614,0.126809,5.37725,6.4075
-0.179293,0.0984849,0.171948,0.175208,5.65128,6.3777
-0.174242,0.0984849,0.239456,0.243187,6.48456,7.33137
-0.169192,0.0984849,0.25747,0.26086,6.29875,6.80983
-0.164141,0.0984849,0.315209,0.319108,6.76836,7.53999
-0.159091,0.0984849,0.375994,0.380039,7.22904,7.6592
-0.15404,0.0984849,0.384112,0.387683,7.30887,7.43568
-0.14899,0.0984849,0.4188,0.422731,7.37606,8.18074
-0.143939,0.0984849,0.470952,0.474647,7.3517,7.52509
-0.138889,0.0984849,0.509903,0.513732,7.20432,7.83801
-0.133838,0.0984849,0.573412,0.577018,7.17849,7.16746
-0.128788,0.0984849,0.581531,0.585444,6.87374,7.80076
-0.123737,0.0984849,0.602611,0.606313,7.00026,7.46548
-0.118687,0.0984849,0.615945,0.619933,6.94791,7.80821
-0.113636,0.0984849,0.656163,0.659905,6.7704,7.36117
-0.108586,0.0984849,0.66869,0.67205,6.38689,6.83218
-0.103535,0.0984849,0.753109,0.756778,6.48973,7.27177
-0.0984849,0.0984849,0.778881,0.782639,6.57818,7.25686
-0.0934343,0.0984849,0.778351,0.781864,6.5015,6.93649
-0.0883838,0.0984849,0.798728,0.802152,6.31912,6.73532
-0.0833333,0.0984849,0.831452,0.835046,6.39546,7.1153
-0.0782828,0.0984849,0.905333,0.908606,6.09891,6.71297
-0.0732323,0.0984849,0.907352,0.910677,6.14514,6.78003
-0.0681818,0.0984849,0.925247,0.928353,5.71885,6.13928
-0.0631313,0.0984849,0.989433,0.992354,5.65557,5.90831
-0.0580808,0.0984849,0.975373,0.978261,5.32652,5.69597
-0.0530303,0.0984849,1.0163,1.01893,4.97809,5.34207
-0.0479798,0.0984849,1.03941,1.04197,4.7157,5.1856
-0.0429293,0.0984849,1.05584,1.05817,4.2659,4.72739
-0.0378788,0.0984849,1.1312,1.13345,3.97549,4.44427
-0.0328283,0.0984849,1.13191,1.13403,3.9684,4.24311
-0.0277778,0.0984849,1.12162,1.12352,3.4624,3.81842
-0.0227273,0.0984849,1.04734,1.04874,2.59258,2.82563
-0.0176768,0.0984849,1.1005,1.10149,1.84483,2.02656
-0.0126263,0.0984849,1.07541,1.07624,1.56304,1.69314
-0.00757576,0.0984849,1.03332,1.03378,0.841599,0.935048
-0.00252525,0.0984849,1.04158,1.04167,0.146956,0.217929
0.00252525,0.0984849,1.03429,1.03412,-0.257621,-0.268221
0.00757576,0.0984849,1.02981,1.02962,-0.338919,-0.346452
0.0126263,0.0984849,1.04438,1.04364,-1.31284,-1.35973
0.0176768,0.0984849,1.05842,1.05736,-1.99121,-2.11596
0.0227273,0.0984849,1.07295,1.07179,-2.17198,-2.24635
0.0277778,0.0984849,1.07765,1.07619,-2.67656,-2.9318
0.0328283,0.0984849,1.099,1.09714,-3.39285,-3.64706
0.0378788,0.0984849,1.07119,1.06934,-3.51398,-3.71784
0.0429293,0.0984849,1.10134,1.09894,-4.26591,-4.73112
0.0479798,0.0984849,1.02394,1.02144,-4.67469,-5.04404
0.0530303,0.0984849,1.02008,1.01736,-5.13568,-5.45382
0.0580808,0.0984849,1.02939,1.02654,-5.3522,-5.8189
0.0631313,0.0984849,1.00661,1.00365,-5.49581,-5.87851
0.0681818,0.0984849,0.976516,0.973545,-5.64539,-5.84125
0.0732323,0.0984849,0.902916,0.899494,-6.06761,-6.80238
0.0782828,0.0984849,0.919023,0.915386,-6.5374,-7.22706
0.0833333,0.0984849,0.888089,0.884198,-7.15143,-7.689
0.0883838,0.0984849,0.854579,0.850469,-7.57645,-8.44151
0.0934343,0.0984849,0.854975,0.850737,-7.88297,-8.46386
0.0984849,0.0984849,0.806473,0.80207,-7.93268,-8.79168
0.103535,0.0984849,0.731371,0.726879,-8.11349,-8.9556
0.108586,0.0984849,0.734011,0.72962,-8.34748,-8.80659
0.113636,0.0984849,0.655286,0.650525,-8.21557,-9.13441
0.118687,0.0984849,0.631262,0.626817,-8.22763,-8.80659
0.123737,0.0984849,0.629933,0.625402,-8.32565,-8.88109
0.128788,0.0984849,0.621836,0.617027,-8.62755,-9.59635
0.133838,0.0984849,0.523657,0.519007,-8.71797,-9.16421
0.138889,0.0984849,0.501526,0.496879,-8.67928,-9.23872
0.143939,0.0984849,0.450284,0.445992,-8.3174,-8.82149
0.14899,0.0984849,0.44307,0.438482,-8.44019,-9.20892
0.15404,0.0984849,0.419192,0.414491,-8.27615,-9.26852
0.159091,0.0984849,0.402251,0.397623,-8.15204,-9.13441
0.164141,0.0984849,0.296659,0.292614,-7.5228,-8.07643
0.169192,0.0984849,0.273475,0.269711,-7.26862,-7.7337
0.174242,0.0984849,0.248845,0.24493,-7.1729,-7.79331
0.179293,0.0984849,0.224017,0.22015,-7.01934,-7.6592
0.184343,0.0984849,0.15029,0.146523,-6.63272,-7.27177
0.189394,0.0984849,0.129796,0.126317,-6.41664,-6.4373
0.194444,0.0984849,0.101026,0.0975132,-6.08408,-7.06315
0.199495,0.0984849,0.0738333,0.0703782,-5.8753,-6.60121
0.204545,0.0984849,0.0626409,0.0594854,-5.75858,-6.19888
0.209596,0.0984849,0.0519445,0.048697,-5.67122,-6.60121
0.214646,0.0984849,0.00741412,0.00450015,-5.61683,-6.07967
0.219697,0.0984849,-0.0285268,-0.031516,-5.40834,-6.00517
0.224747,0.0984849,-0.0448636,-0.0477284,-5.14469,-5.84125
0.229798,0.0984849,-0.0705418,-0.0731647,-5.02605,-5.39422
0.234848,0.0984849,-0.0877737,-0.0903606,-4.65421,-5.05149
0.239899,0.0984849,-0.10803,-0.110418,-4.72152,-4.75347
0.244949,0.0984849,-0.118825,-0.121474,-5.05072,-5.28991
0.25,0.0984849,-0.189149,-0.19215,-5.59316,-5.88596
-0.25,0.103535,-0.334255,-0.324398,16.7572,19.5652
-0.244949,0.103535,-0.249247,-0.241876,12.3235,14.767
-0.239899,0.103535,-0.183666,-0.177264,10.7329,12.4425
-0.234848,0.103535,-0.151538,-0.146359,8.82982,10.103
-0.229798,0.103535,-0.116026,-0.111505,7.67615,8.88109
-0.224747,0.103535,-0.076303,-0.0722557,7.09904,8.13603
-0.219697,0.103535,-0.0319845,-0.0281781,6.62312,7.6741
-0.214646,0.103535,-0.0264864,-0.022918,6.05513,7.42078
-0.209596,0.103535,-0.00241429,0.00135601,6.02246,7.46548
-0.204545,0.103535,0.0187777,0.0220239,5.51193,6.25849
-0.199495,0.103535,0.0491011,0.0515878,5.48379,5.36442
-0.194444,0.103535,0.103775,0.106767,5.63054,6.21378
-0.189394,0.103535,0.116867,0.119984,5.5052,6.22868
-0.184343,0.103535,0.12967,0.13262,5.16817,5.63264
-0.179293,0.103535,0.176548,0.179201,5.46923,5.34952
-0.174242,0.103535,0.24428,0.247493,6.2929,6.61611
-0.169192,0.103535,0.264711,0.268131,6.05645,6.98864
-0.164141,0.103535,0.317843,0.321329,6.59593,7.03335
-0.159091,0.103535,0.379181,0.383005,7.0654,7.689
-0.15404,0.103535,0.387446,0.39129,7.14165,7.6741
-0.14899,0.103535,0.421105,0.425056,7.22732,7.80821
-0.143939,0.103535,0.473495,0.477329,7.18421,7.689
-0.138889,0.103535,0.51139,0.515155,7.02864,7.53999
-0.133838,0.103535,0.573904,0.577867,7.03836,7.86781
-0.128788,0.103535,0.582856,0.58639,6.69958,7.33882
-0.123737,0.103535,0.603063,0.606701,6.84418,7.31647
-0.118687,0.103535,0.616711,0.620537,6.77965,7.50273
-0.113636,0.103535,0.655749,0.659257,6.63536,6.98864
-0.108586,0.103535,0.667091,0.670418,6.27154,6.68317
-0.103535,0.103535,0.752617,0.75607,6.39786,7.0259
-0.0984849,0.103535,0.778112,0.781558,6.4895,6.98119
-0.0934343,0.103535,0.776698,0.780016,6.42227,6.78003
-0.0883838,0.103535,0.796848,0.800177,6.23589,6.79493
-0.0833333,0.103535,0.830457,0.833817,6.31505,6.80238
-0.0782828,0.103535,0.904702,0.908144,6.08454,6.76513
-0.0732323,0.103535,0.905557,0.908829,6.12586,6.4224
-0.0681818,0.103535,0.961554,0.964768,5.66952,6.25104
-0.0631313,0.103535,1.02463,1.02763,5.61139,5.90458
-0.0580808,0.103535,1.01106,1.01404,5.28811,5.99772
-0.0530303,0.103535,1.05247,1.05516,4.93871,5.37559
-0.0479798,0.103535,1.07612,1.07866,4.68325,5.1111
-0.0429293,0.103535,1.09154,1.09376,4.2339,4.5225
-0.0378788,0.103535,1.166,1.16814,3.94115,4.23565
-0.0328283,0.103535,1.16758,1.16972,3.93444,4.26546
-0.0277778,0.103535,1.1569,1.15875,3.43428,3.72343
-0.0227273,0.103535,1.08363,1.08504,2.56426,2.82936
-0.0176768,0.103535,1.13495,1.13592,1.82058,1.98977
-0.0126263,0.103535,1.11052,1.11134,1.53822,1.66311
-0.00757576,0.103535,1.06938,1.06983,0.818738,0.908505
-0.00252525,0.103535,1.07809,1.07813,0.124335,0.149012
0.00252525,0.103535,1.07076,1.0706,-0.280996,-0.286847
0.00757576,0.103535,1.06653,1.06637,-0.363184,-0.266358
0.0126263,0.103535,1.08052,1.0797,-1.33244,-1.56462
0.0176768,0.103535,1.09348,1.09234,-2.00697,-2.28733
0.0227273,0.103535,1.10894,1.1078,-2.18805,-2.30223
0.0277778,0.103535,1.11352,1.11212,-2.69393,-2.83495
0.0328283,0.103535,1.13481,1.133,-3.41073,-3.51295
0.0378788,0.103535,1.10652,1.10464,-3.5253,-3.63961
0.0429293,0.103535,1.13773,1.13531,-4.2807,-4.78327
0.0479798,0.103535,1.06046,1.05792,-4.69043,-5.0813
0.0530303,0.103535,1.05655,1.05367,-5.15074,-5.67734
0.0580808,0.103535,1.06543,1.06245,-5.36096,-5.93066
0.0631313,0.103535,1.04259,1.03955,-5.50551,-6.07967
0.0681818,0.103535,1.0123,1.00916,-5.65209,-6.22868
0.0732323,0.103535,0.93937,0.936024,-6.07861,-6.54161
0.0782828,0.103535,0.967384,0.963762,-6.82129,-7.1302
0.0833333,0.103535,0.897885,0.893772,-7.4105,-8.3223
0.0883838,0.103535,0.8646,0.860497,-7.83896,-8.29995
0.0934343,0.103535,0.864761,0.860393,-8.14168,-8.58307
0.0984849,0.103535,0.816635,0.812218,-8.19368,-8.79168
0.103535,0.103535,0.741186,0.736386,-8.36445,-9.55164
0.108586,0.103535,0.747982,0.743091,-8.8617,-9.76026
0.113636,0.103535,0.668944,0.664204,-8.71333,-9.32813
0.118687,0.103535,0.645448,0.640616,-8.73582,-9.74536
0.123737,0.103535,0.644446,0.639796,-8.82814,-9.26852
0.128788,0.103535,0.637567,0.632912,-9.13883,-9.55164
0.133838,0.103535,0.53864,0.533476,-9.22694,-10.4606
0.138889,0.103535,0.517107,0.512064,-9.1791,-10.1179
0.143939,0.103535,0.466198,0.461355,-8.82231,-9.53674
0.14899,0.103535,0.458765,0.454083,-8.93733,-9.44734
0.15404,0.103535,0.434674,0.429705,-8.77335,-9.79006
0.159091,0.103535,0.41906,0.414148,-8.66083,-9.50694
0.164141,0.103535,0.312845,0.308752,-8.02931,-8.50856
0.169192,0.103535,0.28945,0.285268,-7.78185,-8.28504
0.174242,0.103535,0.265258,0.261009,-7.67736,-8.56817
0.179293,0.103535,0.240492,0.236288,-7.52471,-8.31485
0.184343,0.103535,0.166945,0.163063,-7.13348,-7.7337
0.189394,0.103535,0.147394,0.143617,-6.91056,-7.58469
0.194444,0.103535,0.117002,0.113174,-6.58534,-7.42078
0.199495,0.103535,0.0909938,0.0873506,-6.37583,-7.04825
0.204545,0.103535,0.0798088,0.0763386,-6.26641,-7.16746
0.209596,0.103535,0.0703739,0.0668019,-6.1729,-6.92904
0.214646,0.103535,0.0291674,0.0257343,-6.12393,-6.82473
0.219697,0.103535,-0.0057815,-0.00923872,-5.91999,-7.10785
0.224747,0.103535,-0.022815,-0.0258982,-5.66018,-6.06477
0.229798,0.103535,-0.0598869,-0.0626594,-5.29495,-5.21541
0.234848,0.103535,-0.0752809,-0.0776947,-4.9153,-4.82798
0.239899,0.103535,-0.0973294,-0.100166,-4.96536,-5.66244
0.244949,0.103535,-0.108041,-0.111088,-5.28626,-5.87106
0.25,0.103535,-0.176023,-0.179216,-5.87452,-6.49691
-0.25,0.108586,-0.315727,-0.30604,16.6908,18.9096
-0.244949,0.108586,-0.230375,-0.222981,12.2603,14.4541
-0.239899,0.108586,-0.164639,-0.158682,10.6968,11.8166
-0.234848,0.108586,-0.127812,-0.122786,8.99753,10.4308
-0.229798,0.108586,-0.0899547,-0.0853091,7.87034,9.0152
-0.224747,0.108586,-0.0492273,-0.0452697,7.33119,8.28504
-0.219697,0.108586,-0.00597393,-0.00211596,6.81115,7.6592
-0.214646,0.108586,0.000501339,0.00402331,6.21019,7.10785
-0.209596,0.108586,0.0210578,0.0245124,6.19002,7.01845
-0.204545,0.108586,0.0386309,0.0416934,5.66118,5.99027
-0.199495,0.108586,0.0744483,0.0779033,5.60923,6.70552
-0.194444,0.108586,0.122339,0.125721,5.79387,6.55651
-0.189394,0.108586,0.154846,0.158072,5.93977,6.4075
-0.184343,0.108586,0.167286,0.170201,5.63202,6.00517
-0.179293,0.108586,0.214997,0.218242,5.91303,6.4224
-0.174242,0.108586,0.283393,0.286847,6.69002,7.33137
-0.169192,0.108586,0.302783,0.30677,6.46973,8.06153
-0.164141,0.108586,0.356197,0.360161,7.02781,7.97212
-0.159091,0.108586,0.415039,0.41908,7.52985,8.29995
-0.15404,0.108586,0.420371,0.424206,7.60998,7.88271
-0.14899,0.108586,0.455346,0.459596,7.6973,8.70228
-0.143939,0.108586,0.537381,0.541747,7.87001,8.82149
-0.138889,0.108586,0.576598,0.580773,7.73272,8.55327
-0.133838,0.108586,0.637581,0.641748,7.74932,8.32975
-0.128788,0.108586,0.647027,0.650927,7.3931,8.03172
-0.123737,0.108586,0.66594,0.669926,7.53574,7.58469
-0.118687,0.108586,0.678761,0.682615,7.5112,7.91997
-0.113636,0.108586,0.717392,0.721253,7.33408,7.91997
-0.108586,0.108586,0.730726,0.734433,7.00017,7.37607
-0.103535,0.108586,0.814541,0.818267,7.12779,7.59959
-0.0984849,0.108586,0.839177,0.84313,7.22791,7.92742
-0.0934343,0.108586,0.838357,0.842221,7.15841,7.80076
-0.0883838,0.108586,0.858073,0.861674,6.97523,7.21961
-0.0833333,0.108586,0.883442,0.887193,6.78905,7.34627
-0.0782828,0.108586,0.955494,0.959158,6.5469,7.39843
-0.0732323,0.108586,0.956763,0.960372,6.58967,7.21216
-0.0681818,0.108586,1.01138,1.01466,6.13498,6.60121
-0.0631313,0.108586,1.07591,1.07927,6.08942,6.56396
-0.0580808,0.108586,1.0624,1.0655,5.76191,6.18026
-0.0530303,0.108586,1.10355,1.10639,5.41608,5.74067
-0.0479798,0.108586,1.126,1.12878,5.15933,5.65872
-0.0429293,0.108586,1.14178,1.14434,4.71187,5.10365
-0.0378788,0.108586,1.19518,1.19736,4.13852,4.5374
-0.0328283,0.108586,1.19616,1.19846,4.13516,4.67524
-0.0277778,0.108586,1.18515,1.18714,3.63422,3.94694
-0.0227273,0.108586,1.11038,1.11188,2.76853,3.01935
-0.0176768,0.108586,1.16359,1.16468,2.02252,2.22027
-0.0126263,0.108586,1.1395,1.14042,1.74345,1.89524
-0.00757576,0.108586,1.13204,1.13248,0.815821,0.91223
-0.00252525,0.108586,1.14064,1.14069,0.120149,0.1546
0.00252525,0.108586,1.13342,1.13328,-0.280198,-0.258908
0.00757576,0.108586,1.09585,1.09558,-0.570226,-0.510365
0.0126263,0.108586,1.11036,1.10954,-1.54207,-1.62423
0.0176768,0.108586,1.12336,1.12226,-2.2179,-2.29478
0.0227273,0.108586,1.13817,1.13691,-2.3988,-2.52947
0.0277778,0.108586,1.14384,1.14221,-2.9043,-3.12924
0.0328283,0.108586,1.16552,1.1635,-3.61942,-3.97488
0.0378788,0.108586,1.1384,1.13642,-3.74243,-4.07919
0.0429293,0.108586,1.16805,1.16563,-4.48601,-4.74602
0.0479798,0.108586,1.09108,1.08843,-4.89584,-5.31226
0.0530303,0.108586,1.08832,1.08562,-5.36397,-5.46873
0.0580808,0.108586,1.09612,1.09312,-5.56734,-5.85616
0.0631313,0.108586,1.07335,1.07037,-5.70689,-5.96791
0.0681818,0.108586,1.0436,1.04047,-5.85351,-6.33299
0.0732323,0.108586,0.97069,0.967376,-6.27769,-6.50436
0.0782828,0.108586,0.998169,0.994526,-7.02406,-7.34627
0.0833333,0.108586,0.928542,0.924155,-7.60852,-8.55327
0.0883838,0.108586,0.895122,0.890791,-8.03293,-8.50856
0.0934343,0.108586,0.896198,0.891358,-8.34101,-9.32813
0.0984849,0.108586,0.847503,0.843376,-8.38703,-8.34465
0.103535,0.108586,0.771989,0.767395,-8.55999,-9.23872
0.108586,0.108586,0.778866,0.774205,-9.04709,-9.32813
0.113636,0.108586,0.700724,0.695765,-8.90531,-10.1477
0.118687,0.108586,0.677631,0.672877,-8.92553,-9.52184
0.123737,0.108586,0.676971,0.672132,-9.01872,-9.84967
0.128788,0.108586,0.669636,0.664756,-9.32266,-10.0881
0.133838,0.108586,0.571803,0.566676,-9.41393,-10.1179
0.138889,0.108586,0.548759,0.543803,-9.36092,-9.80496
0.143939,0.108586,0.465248,0.460207,-8.79334,-10.252
0.14899,0.108586,0.459103,0.454202,-8.91491,-9.93907
0.15404,0.108586,0.434978,0.430331,-8.76041,-9.29832
0.159091,0.108586,0.419164,0.414535,-8.64476,-9.35793
0.164141,0.108586,0.313404,0.309378,-8.01043,-8.16584
0.169192,0.108586,0.289056,0.285134,-7.76926,-7.92742
0.174242,0.108586,0.265099,0.261113,-7.65844,-8.15093
0.179293,0.108586,0.240315,0.236467,-7.50484,-7.89761
0.184343,0.108586,0.1678,0.164226,-7.10244,-7.30157
0.189394,0.108586,0.147965,0.143945,-6.88381,-7.91252
0.194444,0.108586,0.119605,0.116229,-6.54791,-6.82473
0.199495,0.108586,0.0970662,0.0936389,-6.33797,-6.97374
0.204545,0.108586,0.0864606,0.0831187,-6.23257,-6.73532
0.209596,0.108586,0.0757572,0.0722557,-6.15328,-6.89924
0.214646,0.108586,0.0351757,0.0318438,-6.09324,-7.15256
0.219697,0.108586,0.000619397,-0.00272691,-5.88879,-6.67572
0.224747,0.108586,-0.0170169,-0.0203252,-5.62767,-6.3926
0.229798,0.108586,-0.0520084,-0.0550449,-5.28524,-6.21378
0.234848,0.108586,-0.0692419,-0.0718385,-4.88551,-5.31971
0.239899,0.108586,-0.0907572,-0.0934452,-4.9423,-5.57303
0.244949,0.108586,-0.101319,-0.104129,-5.25577,-5.73695
0.25,0.108586,-0.169127,-0.172198,-5.83853,-5.90086
-0.25,0.113636,-0.309317,-0.299662,16.9064,19.4162
-0.244949,0.113636,-0.217779,-0.210568,12.6474,14.171
-0.239899,0.113636,-0.15981,-0.153884,10.9525,11.8315
-0.234848,0.113636,-0.114458,-0.109002,9.52913,10.699
-0.229798,0.113636,-0.0764528,-0.071466,8.4169,9.71556
-0.224747,0.113636,-0.0312872,-0.026986,7.89792,8.73208
-0.219697,0.113636,0.00549177,0.00964105,7.34368,7.94232
-0.214646,0.113636,0.0133882,0.017181,6.7398,7.42078
-0.209596,0.113636,0.0377103,0.0411868,6.70921,6.98864
-0.204545,0.113636,0.0522219,0.0554621,6.18017,6.60121
-0.199495,0.113636,0.0893591,0.0925958,6.11694,6.19888
-0.194444,0.113636,0.132576,0.136301,6.32405,7.59959
-0.189394,0.113636,0.163793,0.167459,6.4451,7.39097
-0.184343,0.113636,0.175166,0.178516,6.16456,6.69062
-0.179293,0.113636,0.222603,0.226051,6.4435,7.12275
-0.174242,0.113636,0.305438,0.308871,7.01167,7.19726
-0.169192,0.113636,0.325218,0.32942,6.83711,7.89761
-0.164141,0.113636,0.375653,0.37998,7.39704,8.83639
-0.159091,0.113636,0.433765,0.437781,7.9064,8.50856
-0.15404,0.113636,0.438863,0.443026,8.01287,8.44896
-0.14899,0.113636,0.472341,0.476718,8.07784,8.89599
-0.143939,0.113636,0.555153,0.559554,8.25092,8.92579
-0.138889,0.113636,0.593103,0.5977,8.15532,8.83639
-0.133838,0.113636,0.654345,0.65887,8.13004,9.22382
-0.128788,0.113636,0.663112,0.667319,7.80296,8.56817
-0.123737,0.113636,0.681366,0.685617,7.96596,8.62777
-0.118687,0.113636,0.693042,0.697419,7.90568,8.64267
-0.113636,0.113636,0.73347,0.737406,7.7667,8.03172
-0.108586,0.113636,0.745078,0.749171,7.49555,8.18819
-0.103535,0.113636,0.828261,0.832751,7.63201,8.72463
-0.0984849,0.113636,0.847736,0.851504,7.46164,7.45803
-0.0934343,0.113636,0.846617,0.850633,7.39637,7.95722
-0.0883838,0.113636,0.867904,0.871971,7.22648,8.03918
-0.0833333,0.113636,0.881151,0.884846,6.74521,7.38352
-0.0782828,0.113636,0.953911,0.957452,6.51025,7.1302
-0.0732323,0.113636,0.953004,0.956476,6.55198,6.83963
-0.0681818,0.113636,1.00946,1.01274,6.10663,6.60121
-0.0631313,0.113636,1.07465,1.07786,6.06212,6.4224
-0.0580808,0.113636,1.05997,1.06307,5.73675,6.16163
-0.0530303,0.113636,1.10011,1.103,5.38979,5.7742
-0.0479798,0.113636,1.12317,1.12586,5.13513,5.42402
-0.0429293,0.113636,1.13918,1.14166,4.69051,5.06639
-0.0378788,0.113636,1.19262,1.19485,4.11812,4.47407
-0.0328283,0.113636,1.19216,1.19437,4.11797,4.47035
-0.0277778,0.113636,1.18149,1.18339,3.61674,3.84264
-0.0227273,0.113636,1.10752,1.10896,2.75087,2.89455
-0.0176768,0.113636,1.16143,1.16252,2.00488,2.22307
-0.0126263,0.113636,1.13617,1.13711,1.72697,1.89291
-0.00757576,0.113636,1.12851,1.12893,0.799971,0.884756
-0.00252525,0.113636,1.13721,1.13727,0.109605,0.170432
0.00252525,0.113636,1.13041,1.13025,-0.289853,-0.296161
0.00757576,0.113636,1.09353,1.09321,-0.583651,-0.603497
0.0126263,0.113636,1.10636,1.10557,-1.54932,-1.50129
0.0176768,0.113636,1.12029,1.11901,-2.2268,-2.49967
0.0227273,0.113636,1.13522,1.13391,-2.40565,-2.55182
0.0277778,0.113636,1.1412,1.13961,-2.91429,-3.07336
0.0328283,0.113636,1.16345,1.16144,-3.63389,-4.00096
0.0378788,0.113636,1.13615,1.1341,-3.75045,-4.03076
0.0429293,0.113636,1.16602,1.16357,-4.49338,-4.76837
0.0479798,0.113636,1.08867,1.0859,-4.90207,-5.45382
0.0530303,0.113636,1.08551,1.08254,-5.36559,-5.84125
0.0580808,0.113636,1.09467,1.09164,-5.57098,-6.08712
0.0631313,0.113636,1.07125,1.06803,-5.71102,-6.45965
0.0681818,0.113636,1.04073,1.03776,-5.85545,-6.01262
0.0732323,0.113636,0.965535,0.96219,-6.19398,-6.66827
0.0782828,0.113636,0.993635,0.990115,-6.94438,-7.1302
0.0833333,0.113636,0.923705,0.91961,-7.52597,-8.06898
0.0883838,0.113636,0.889963,0.885606,-7.95437,-8.64267
0.0934343,0.113636,0.890636,0.885934,-8.25341,-9.56654
0.0984849,0.113636,0.843256,0.838682,-8.3033,-9.17911
0.103535,0.113636,0.768178,0.763386,-8.47444,-9.43243
0.108586,0.113636,0.775161,0.77045,-8.96472,-9.67085
0.113636,0.113636,0.697048,0.692233,-8.8207,-9.47714
0.118687,0.113636,0.673624,0.669077,-8.83842,-9.41753
0.123737,0.113636,0.672873,0.668064,-8.91452,-9.77516
0.128788,0.113636,0.666065,0.66115,-9.22559,-9.93907
0.133838,0.113636,0.568219,0.562772,-9.32874,-10.7884
0.138889,0.113636,0.546902,0.541702,-9.27529,-10.5053
0.143939,0.113636,0.462467,0.457734,-8.70086,-9.35793
0.14899,0.113636,0.456215,0.451505,-8.81278,-9.41753
0.15404,0.113636,0.432513,0.427827,-8.65779,-9.14931
0.159091,0.113636,0.416263,0.411883,-8.55292,-9.0152
0.164141,0.113636,0.31036,0.306144,-7.90527,-8.41916
0.169192,0.113636,0.28615,0.282362,-7.66648,-7.7188
0.174242,0.113636,0.261654,0.257716,-7.56199,-8.18074
0.179293,0.113636,0.237748,0.233799,-7.40554,-7.83801
0.184343,0.113636,0.165971,0.16214,-6.9923,-7.49528
0.189394,0.113636,0.146782,0.143394,-6.77795,-6.92904
0.194444,0.113636,0.118121,0.114277,-6.4417,-7.37607
0.199495,0.113636,0.0953733,0.0919104,-6.23954,-6.83963
0.204545,0.113636,0.0852888,0.0821948,-6.12276,-6.19888
0.209596,0.113636,0.0739353,0.0708401,-6.05007,-6.3926
0.214646,0.113636,0.0359207,0.0328273,-5.98833,-6.30319
0.219697,0.113636,0.00291491,-0.000342727,-5.86378,-6.55651
0.224747,0.113636,-0.0162833,-0.0190139,-5.61073,-5.51343
0.229798,0.113636,-0.0503345,-0.0527352,-5.26805,-5.05149
0.234848,0.113636,-0.0678927,-0.0708252,-4.86731,-5.52833
0.239899,0.113636,-0.0884446,-0.091359,-4.92629,-5.88596
0.244949,0.113636,-0.0972611,-0.100285,-5.27544,-5.78165
0.25,0.113636,-0.166292,-0.169352,-5.82323,-6.33299
-0.25,0.118687,-0.300298,-0.290558,17.2176,19.2821
-0.244949,0.118687,-0.211499,-0.20431,12.9084,14.1561
-0.239899,0.118687,-0.151162,-0.144616,11.3076,13.0087
-0.234848,0.118687,-0.111917,-0.106573,9.78657,10.9375
-0.229798,0.118687,-0.0644069,-0.0597239,8.74081,9.50694
-0.224747,0.118687,-0.0254886,-0.0207722,8.19037,9.05991
-0.219697,0.118687,0.00991243,0.0138581,7.63719,8.21054
-0.214646,0.118687,0.0183496,0.0223666,6.99753,8.10623
-0.209596,0.118687,0.0435182,0.0475049,6.95854,8.07643
-0.204545,0.118687,0.0601709,0.0636429,6.4055,7.42078
-0.199495,0.118687,0.0902065,0.0933856,6.37978,6.33299
-0.194444,0.118687,0.132974,0.13645,6.61223,7.04825
-0.189394,0.118687,0.17837,0.182092,6.58504,7.19726
-0.184343,0.118687,0.189337,0.192761,6.28812,6.79493
-0.179293,0.118687,0.23429,0.238076,6.56714,7.15256
-0.174242,0.118687,0.31469,0.318736,7.17494,8.13603
-0.169192,0.118687,0.332767,0.336453,7.0137,7.42078
-0.164141,0.118687,0.382894,0.387147,7.54807,8.40425
-0.159091,0.118687,0.440205,0.44471,8.10915,8.9407
-0.15404,0.118687,0.445133,0.449821,8.17331,9.28342
-0.14899,0.118687,0.478708,0.483349,8.21916,9.22382
-0.143939,0.118687,0.551973,0.556439,8.40216,9.0003
-0.138889,0.118687,0.590805,0.595048,8.25937,8.91089
-0.133838,0.118687,0.65149,0.655949,8.24005,9.0152
-0.128788,0.118687,0.658828,0.663057,7.93284,8.46386
-0.123737,0.118687,0.676393,0.680983,8.08151,9.17911
-0.118687,0.118687,0.717538,0.721738,8.14991,8.52346
-0.113636,0.118687,0.756727,0.761308,8.01763,9.02265
-0.108586,0.118687,0.763687,0.767648,7.48876,7.90507
-0.103535,0.118687,0.847584,0.851653,7.61971,8.46386
-0.0984849,0.118687,0.866354,0.870384,7.45726,8.15839
-0.0934343,0.118687,0.866286,0.87034,7.40741,8.04663
-0.0883838,0.118687,0.885795,0.889853,7.21993,8.18074
-0.0833333,0.118687,0.89882,0.902399,6.74753,7.16746
-0.0782828,0.118687,0.971387,0.974826,6.51704,6.93649
-0.0732323,0.118687,0.971464,0.975013,6.56066,7.1153
-0.0681818,0.118687,1.02852,1.03178,6.1183,6.54161
-0.0631313,0.118687,1.09115,1.09431,6.07321,6.35534
-0.0580808,0.118687,1.07673,1.07986,5.74853,6.19143
-0.0530303,0.118687,1.11685,1.11985,5.40394,5.99027
-0.0479798,0.118687,1.14036,1.14315,5.15705,5.69224
-0.0429293,0.118687,1.15613,1.15875,4.71369,5.29736
-0.0378788,0.118687,1.20819,1.21045,4.14534,4.4778
-0.0328283,0.118687,1.20981,1.21202,4.14402,4.4778
-0.0277778,0.118687,1.19955,1.20145,3.6435,3.77558
-0.0227273,0.118687,1.12656,1.12804,2.77779,2.96533
-0.0176768,0.118687,1.17956,1.18065,2.03004,2.21841
-0.0126263,0.118687,1.15486,1.15581,1.75597,1.91201
-0.00757576,0.118687,1.14528,1.14574,0.837677,0.934116
-0.00252525,0.118687,1.15402,1.15411,0.142965,0.228174
0.00252525,0.118687,1.14677,1.14661,-0.256224,-0.249594
0.00757576,0.118687,1.11853,1.11826,-0.478697,-0.489876
0.0126263,0.118687,1.12533,1.12462,-1.359,-1.43424
0.0176768,0.118687,1.13964,1.13855,-2.03858,-2.10851
0.0227273,0.118687,1.15446,1.15324,-2.21625,-2.43261
0.0277778,0.118687,1.16008,1.15852,-2.72193,-3.00631
0.0328283,0.118687,1.15469,1.15293,-3.54482,-3.61726
0.0378788,0.118687,1.12747,1.12555,-3.66189,-3.86685
0.0429293,0.118687,1.15759,1.15531,-4.40462,-4.57466
0.0479798,0.118687,1.08051,1.07791,-4.81057,-5.16325
0.0530303,0.118687,1.07637,1.07355,-5.2684,-5.66989
0.0580808,0.118687,1.08437,1.08144,-5.46854,-5.85616
0.0631313,0.118687,1.05862,1.05549,-5.51716,-6.19888
0.0681818,0.118687,1.02791,1.02455,-5.66162,-6.51926
0.0732323,0.118687,0.951686,0.948466,-5.9956,-6.482
0.0782828,0.118687,0.979875,0.976205,-6.74286,-7.17491
0.0833333,0.118687,0.909621,0.905774,-7.32079,-7.78586
0.0883838,0.118687,0.876434,0.872284,-7.75132,-8.25524
0.0934343,0.118687,0.87809,0.873789,-8.05637,-8.70228
0.0984849,0.118687,0.830518,0.826538,-8.10307,-8.38935
0.103535,0.118687,0.756299,0.751704,-8.27224,-9.11951
0.108586,0.118687,0.762994,0.758499,-8.75534,-9.31322
0.113636,0.118687,0.684575,0.67997,-8.61845,-9.28342
0.118687,0.118687,0.661304,0.656426,-8.63327,-9.64105
0.123737,0.118687,0.661237,0.656635,-8.71204,-8.9705
0.128788,0.118687,0.654603,0.649676,-9.01702,-9.81986
0.133838,0.118687,0.5595,0.554383,-9.05394,-10.252
0.138889,0.118687,0.537799,0.532731,-9.01303,-10.0434
0.143939,0.118687,0.453976,0.449583,-8.43305,-8.9705
0.14899,0.118687,0.441467,0.436738,-8.74652,-9.52184
0.15404,0.118687,0.417658,0.412911,-8.57405,-9.37283
0.159091,0.118687,0.401807,0.397235,-8.4738,-9.49204
0.164141,0.118687,0.304453,0.300169,-7.92257,-8.77678
0.169192,0.118687,0.280223,0.276282,-7.68938,-8.01682
0.174242,0.118687,0.256003,0.251934,-7.58264,-8.04663
0.179293,0.118687,0.231734,0.228092,-7.42953,-7.48038
0.184343,0.118687,0.159884,0.156447,-7.00774,-7.13766
0.189394,0.118687,0.141576,0.138313,-6.77685,-6.52671
0.194444,0.118687,0.112417,0.109032,-6.4598,-6.94394
0.199495,0.118687,0.090325,0.0873208,-6.23935,-6.10948
0.204545,0.118687,0.0630598,0.0596791,-6.2519,-6.75023
0.209596,0.118687,0.0524105,0.0489205,-6.18755,-6.89924
0.214646,0.118687,0.0172374,0.0140816,-6.21697,-6.4373
0.219697,0.118687,-0.0159932,-0.0195652,-6.09946,-7.12275
0.224747,0.118687,-0.0348933,-0.0380576,-5.85089,-6.03497
0.229798,0.118687,-0.0696187,-0.0727475,-5.49466,-6.24359
0.234848,0.118687,-0.0842745,-0.0871718,-5.13887,-5.57303
0.239899,0.118687,-0.0984775,-0.101358,-5.18102,-5.49853
0.244949,0.118687,-0.106413,-0.109777,-5.55146,-6.60121
0.25,0.118687,-0.176276,-0.179708,-6.08254,-6.76513
-0.25,0.123737,-0.26811,-0.258163,17.2773,19.6099
-0.244949,0.123737,-0.181828,-0.173971,12.8694,15.3929
-0.239899,0.123737,-0.127298,-0.120997,11.2289,12.6064
-0.234848,0.123737,-0.0853275,-0.0798404,9.72301,10.9076
-0.229798,0.123737,-0.0400322,-0.0353903,8.74446,9.17911
-0.224747,0.123737,-0.00411607,0.000700355,8.12515,9.86457
-0.219697,0.123737,0.0302145,0.0343621,7.54323,8.41916
-0.214646,0.123737,0.036472,0.0402629,6.89035,7.7039
-0.209596,0.123737,0.0552136,0.0589937,6.76279,7.39097
-0.204545,0.123737,0.068896,0.0725985,6.20165,7.42078
-0.199495,0.123737,0.0934295,0.0968426,6.16696,6.75023
-0.194444,0.123737,0.136169,0.139222,6.40528,6.12438
-0.189394,0.123737,0.178233,0.181794,6.42839,7.27177
-0.184343,0.123737,0.191941,0.195697,6.10261,7.24196
-0.179293,0.123737,0.23751,0.240892,6.31629,7.07805
-0.174242,0.123737,0.342254,0.346273,7.24377,7.88271
-0.169192,0.123737,0.359719,0.363737,7.08296,8.16584
-0.164141,0.123737,0.408059,0.412673,7.64714,8.9556
-0.159091,0.123737,0.465945,0.470236,8.17027,8.70228
-0.15404,0.123737,0.462669,0.467062,8.12991,8.77678
-0.14899,0.123737,0.527111,0.531092,8.48393,8.15093
-0.143939,0.123737,0.601916,0.606865,8.62016,9.76026
-0.138889,0.123737,0.638239,0.642881,8.46831,9.29832
-0.133838,0.123737,0.699387,0.703975,8.49187,9.16421
-0.128788,0.123737,0.705197,0.709638,8.18338,8.9854
-0.123737,0.123737,0.761372,0.765994,8.51211,9.19402
-0.118687,0.123737,0.801628,0.806704,8.59529,10.103
-0.113636,0.123737,0.839354,0.843912,8.45932,9.14931
-0.108586,0.123737,0.84723,0.851452,7.93158,8.32975
-0.103535,0.123737,0.931138,0.935554,8.08016,8.89599
-0.0984849,0.123737,0.950661,0.954904,7.92217,8.47131
-0.0934343,0.123737,0.948131,0.952579,7.85552,8.77678
-0.0883838,0.123737,0.96684,0.971295,7.67045,8.71718
-0.0833333,0.123737,0.980819,0.984877,7.21025,8.01682
-0.0782828,0.123737,1.05418,1.05795,6.98003,7.44313
-0.0732323,0.123737,1.05557,1.05933,7.02991,7.60704
-0.0681818,0.123737,1.10957,1.11318,6.58491,7.19726
-0.0631313,0.123737,1.17378,1.17739,6.54021,7.12275
-0.0580808,0.123737,1.16244,1.16579,6.31725,6.80238
-0.0530303,0.123737,1.18949,1.1928,6.00687,6.63847
-0.0479798,0.123737,1.25268,1.25575,5.67535,6.16163
-0.0429293,0.123737,1.26875,1.27151,5.23369,5.59166
-0.0378788,0.123737,1.32198,1.32451,4.66447,5.0813
-0.0328283,0.123737,1.32377,1.32628,4.66461,5.0813
-0.0277778,0.123737,1.31361,1.31594,4.16469,4.61563
-0.0227273,0.123737,1.2134,1.21501,3.0238,3.25404
-0.0176768,0.123737,1.25451,1.25577,2.35728,2.58535
-0.0126263,0.123737,1.22957,1.23068,2.08413,2.25939
-0.00757576,0.123737,1.22045,1.22107,1.16192,1.2801
-0.00252525,0.123737,1.23688,1.23717,0.558494,0.630505
0.00252525,0.123737,1.19784,1.19778,-0.0754442,-0.0800937
0.00757576,0.123737,1.17028,1.17013,-0.300308,-0.236556
0.0126263,0.123737,1.17725,1.17658,-1.18349,-1.29268
0.0176768,0.123737,1.19109,1.19017,-1.86063,-1.8999
0.0227273,0.123737,1.20617,1.20506,-2.03253,-2.17184
0.0277778,0.123737,1.17512,1.17376,-2.7093,-2.73064
0.0328283,0.123737,1.16994,1.168,-3.52879,-3.92646
0.0378788,0.123737,1.14298,1.14112,-3.64596,-3.67314
0.0429293,0.123737,1.16739,1.16501,-4.29309,-4.70877
0.0479798,0.123737,1.08939,1.08694,-4.69305,-5.03659
0.0530303,0.123737,1.0857,1.08274,-5.14794,-5.70714
0.0580808,0.123737,1.0935,1.0907,-5.34799,-5.62519
0.0631313,0.123737,1.06673,1.06393,-5.39535,-5.69224
0.0681818,0.123737,1.03267,1.02973,-5.4339,-5.82635
0.0732323,0.123737,0.95397,0.950962,-5.67313,-6.07222
0.0782828,0.123737,0.98208,0.978619,-6.41773,-7.14511
0.0833333,0.123737,0.912615,0.908874,-6.99885,-7.50273
0.0883838,0.123737,0.87974,0.875711,-7.43,-8.06153
0.0934343,0.123737,0.880244,0.875756,-7.63609,-8.74698
0.0984849,0.123737,0.844671,0.840366,-7.7178,-8.38935
0.103535,0.123737,0.73015,0.725821,-7.79598,-8.65757
0.108586,0.123737,0.737826,0.733331,-8.28163,-8.9854
0.113636,0.123737,0.659853,0.655368,-8.14337,-8.91089
0.118687,0.123737,0.636597,0.632271,-8.16342,-8.77678
0.123737,0.123737,0.636119,0.631586,-8.23498,-9.13441
0.128788,0.123737,0.629376,0.624835,-8.54296,-9.47714
0.133838,0.123737,0.548117,0.543743,-8.58119,-9.0003
0.138889,0.123737,0.526119,0.521362,-8.53507,-9.20892
0.143939,0.123737,0.442251,0.437826,-7.95918,-8.79168
0.14899,0.123737,0.430739,0.426292,-8.27665,-9.0152
0.15404,0.123737,0.407132,0.402272,-8.1061,-9.58145
0.159091,0.123737,0.391425,0.386938,-7.99496,-9.16421
0.164141,0.123737,0.294132,0.290021,-7.4544,-8.19564
0.169192,0.123737,0.27045,0.266567,-7.21305,-8.13603
0.174242,0.123737,0.245878,0.242025,-7.11599,-7.64429
0.179293,0.123737,0.220913,0.216931,-6.96401,-7.7635
0.184343,0.123737,0.149908,0.146508,-6.53333,-6.86943
0.189394,0.123737,0.137775,0.134155,-6.39473,-7.31647
0.194444,0.123737,0.10857,0.105426,-6.09485,-6.49691
0.199495,0.123737,0.0875695,0.0843555,-5.84884,-6.34789
0.204545,0.123737,0.0599404,0.0567436,-5.87293,-6.10948
0.209596,0.123737,0.050074,0.0470579,-5.80494,-6.30319
0.214646,0.123737,0.0181983,0.014931,-5.94408,-6.78003
0.219697,0.123737,-0.0113982,-0.0144392,-5.9279,-6.03497
0.224747,0.123737,-0.030172,-0.0333637,-5.68106,-6.24359
0.229798,0.123737,-0.0665956,-0.069499,-5.32458,-6.03497
0.234848,0.123737,-0.0809336,-0.0833869,-4.98643,-5.0962
0.239899,0.123737,-0.0925483,-0.0957251,-5.0702,-6.31809
0.244949,0.123737,-0.102924,-0.106141,-5.47518,-6.24359
0.25,0.123737,-0.170105,-0.173539,-6.0624,-6.88434
-0.25,0.128788,-0.257731,-0.247851,17.166,19.4013
-0.244949,0.128788,-0.171585,-0.164509,12.755,14.3498
-0.239899,0.128788,-0.115582,-0.109255,11.1612,12.5468
-0.234848,0.128788,-0.0712682,-0.0660419,9.7195,10.4755
-0.229798,0.128788,-0.02545,-0.0206232,8.69562,9.77516
-0.224747,0.128788,0.00264061,0.00727177,8.02402,9.14931
-0.219697,0.128788,0.0443277,0.0487864,7.46981,8.77678
-0.214646,0.128788,0.0507803,0.0546575,6.78456,7.7486
-0.209596,0.128788,0.0696961,0.0730753,6.5729,6.76513
-0.204545,0.128788,0.0767068,0.0798702,6.06871,6.22868
-0.199495,0.128788,0.0921086,0.0954866,5.95402,6.60121
-0.194444,0.128788,0.13563,0.138968,6.18333,6.83963
-0.189394,0.128788,0.178875,0.181928,6.1871,6.15418
-0.184343,0.128788,0.19608,0.199094,5.78821,5.87106
-0.179293,0.128788,0.237569,0.241086,6.06679,6.79493
-0.174242,0.128788,0.341037,0.344619,7.00523,7.27177
-0.169192,0.128788,0.357,0.360832,6.84302,7.49528
-0.164141,0.128788,0.396327,0.400096,7.31938,7.55489
-0.159091,0.128788,0.452575,0.456661,7.81904,8.50856
-0.15404,0.128788,0.448911,0.453576,7.86231,9.20892
-0.14899,0.128788,0.514503,0.518799,8.17264,8.62777
-0.143939,0.128788,0.587445,0.591636,8.29288,8.52346
-0.138889,0.128788,0.624168,0.628382,8.17952,8.85129
-0.133838,0.128788,0.684085,0.688508,8.20156,8.50856
-0.128788,0.128788,0.690485,0.694722,7.88288,8.29995
-0.123737,0.128788,0.746217,0.750706,8.24648,8.79168
-0.118687,0.128788,0.785211,0.789925,8.32751,9.19402
-0.113636,0.128788,0.811266,0.815369,8.13462,8.41916
-0.108586,0.128788,0.819526,0.823744,7.61989,8.37445
-0.103535,0.128788,0.903255,0.907317,7.76958,8.12113
-0.0984849,0.128788,0.921293,0.92534,7.60084,8.21799
-0.0934343,0.128788,0.917407,0.92148,7.53489,8.23289
-0.0883838,0.128788,0.937344,0.941172,7.36484,7.6592
-0.0833333,0.128788,0.95216,0.95579,6.90298,7.23451
-0.0782828,0.128788,1.01113,1.0147,6.67145,7.1302
-0.0732323,0.128788,1.01125,1.01472,6.71798,6.92904
-0.0681818,0.128788,1.06557,1.06893,6.27686,6.83218
-0.0631313,0.128788,1.12964,1.13299,6.23903,6.63847
-0.0580808,0.128788,1.11725,1.12047,6.0174,6.49691
-0.0530303,0.128788,1.14923,1.15224,5.82619,6.22496
-0.0479798,0.128788,1.21329,1.21624,5.4953,5.85988
-0.0429293,0.128788,1.23026,1.23299,5.0535,5.44637
-0.0378788,0.128788,1.28416,1.28654,4.48414,4.8168
-0.0328283,0.128788,1.28526,1.28763,4.48547,4.82053
-0.0277778,0.128788,1.27449,1.27658,3.99428,4.25801
-0.0227273,0.128788,1.17355,1.17508,2.85491,3.09758
-0.0176768,0.128788,1.21511,1.2163,2.18601,2.40002
-0.0126263,0.128788,1.19754,1.19862,2.01917,2.19746
-0.00757576,0.128788,1.18995,1.19054,1.09462,1.20653
-0.00252525,0.128788,1.20653,1.20679,0.490091,0.567175
0.00252525,0.128788,1.16783,1.1677,-0.149276,-0.208616
0.00757576,0.128788,1.14033,1.14011,-0.373509,-0.35949
0.0126263,0.128788,1.14701,1.14636,-1.25547,-1.2666
0.0176768,0.128788,1.16085,1.15981,-1.93211,-2.06754
0.0227273,0.128788,1.1758,1.17474,-2.09777,-2.06754
0.0277778,0.128788,1.14586,1.14442,-2.78016,-2.86102
0.0328283,0.128788,1.15206,1.15015,-3.52938,-3.73274
0.0378788,0.128788,1.12481,1.1229,-3.64526,-3.73274
0.0429293,0.128788,1.14315,1.14091,-4.1776,-4.5076
0.0479798,0.128788,1.0652,1.06262,-4.57517,-5.05149
0.0530303,0.128788,1.06083,1.05821,-5.02929,-5.30481
0.0580808,0.128788,1.06842,1.06565,-5.22444,-5.53578
0.0631313,0.128788,1.0416,1.03868,-5.26676,-5.84871
0.0681818,0.128788,1.0086,1.00575,-5.31608,-5.64009
0.0732323,0.128788,0.943741,0.940762,-5.54812,-6.07967
0.0782828,0.128788,0.972187,0.96862,-6.29157,-7.22706
0.0833333,0.128788,0.902111,0.898525,-6.87247,-7.18236
0.0883838,0.128788,0.868699,0.864774,-7.29621,-7.88271
0.0934343,0.128788,0.869855,0.865787,-7.50423,-7.91252
0.0984849,0.128788,0.834709,0.83062,-7.58398,-8.32975
0.103535,0.128788,0.72069,0.716492,-7.66452,-8.35955
0.108586,0.128788,0.727592,0.723034,-8.15111,-9.26852
0.113636,0.128788,0.650227,0.645682,-8.01045,-8.9705
0.118687,0.128788,0.626666,0.622422,-8.02074,-8.62777
0.123737,0.128788,0.627712,0.623047,-8.35452,-9.38773
0.128788,0.128788,0.620949,0.616148,-8.65093,-9.58145
0.133838,0.128788,0.542548,0.537664,-8.6179,-9.77516
0.138889,0.128788,0.521651,0.516951,-8.56799,-9.46224
0.143939,0.128788,0.438129,0.433832,-7.99209,-8.53836
0.14899,0.128788,0.426364,0.421941,-8.31354,-9.14931
0.15404,0.128788,0.403077,0.398442,-8.15764,-8.9407
0.159091,0.128788,0.387535,0.383064,-8.02238,-8.82149
0.164141,0.128788,0.289977,0.2857,-7.47623,-8.44896
0.169192,0.128788,0.266211,0.262037,-7.24706,-8.24034
0.174242,0.128788,0.242888,0.239119,-7.16021,-7.56979
0.179293,0.128788,0.21813,0.214562,-6.99895,-7.46548
0.184343,0.128788,0.14654,0.142947,-6.57687,-7.12275
0.189394,0.128788,0.135382,0.132173,-6.42783,-6.79493
0.194444,0.128788,0.113285,0.109851,-6.222,-6.79493
0.199495,0.128788,0.0923033,0.089243,-5.99248,-6.31809
0.204545,0.128788,0.0652883,0.0621825,-6.00761,-6.51181
0.209596,0.128788,0.054885,0.0518113,-5.95187,-6.64592
0.214646,0.128788,0.0226964,0.0194758,-6.10389,-6.66082
0.219697,0.128788,-0.00516888,-0.00867248,-6.08111,-7.15256
0.224747,0.128788,-0.0254915,-0.0283718,-5.83126,-6.00517
0.229798,0.128788,-0.0623703,-0.0652671,-5.48256,-5.76675
0.234848,0.128788,-0.0749221,-0.0775754,-5.16285,-5.1558
0.239899,0.128788,-0.0876957,-0.0905245,-5.22989,-5.72205
0.244949,0.128788,-0.097425,-0.100613,-5.66335,-6.57141
0.25,0.128788,-0.15473,-0.158504,-6.23742,-7.28667
-0.25,0.133838,-0.247917,-0.237539,17.3282,20.355
-0.244949,0.133838,-0.153365,-0.145718,13.1971,15.3035
-0.239899,0.133838,-0.103668,-0.0976622,11.4983,12.5468
-0.234848,0.133838,-0.0544039,-0.0486672,10.1058,11.3994
-0.229798,0.133838,-0.014349,-0.00916421,9.02153,10.3861
-0.224747,0.133838,0.0153117,0.0196397,8.39274,9.10461
-0.219697,0.133838,0.0554783,0.0598431,7.76899,8.46386
-0.214646,0.133838,0.06135,0.0655502,7.09946,8.27014
-0.209596,0.133838,0.0840905,0.0878125,6.87334,7.48038
-0.204545,0.133838,0.0848442,0.0882298,6.35667,6.78003
-0.199495,0.133838,0.0998212,0.103533,6.23798,7.10785
-0.194444,0.133838,0.133539,0.137493,6.54438,7.77841
-0.189394,0.133838,0.195529,0.198647,6.34791,6.51181
-0.184343,0.133838,0.20753,0.211462,5.97631,7.48038
-0.179293,0.133838,0.248936,0.252515,6.24179,7.07805
-0.174242,0.133838,0.352936,0.357062,7.1924,8.27014
-0.169192,0.133838,0.366999,0.371009,7.04737,8.10623
-0.164141,0.133838,0.407022,0.411019,7.49051,7.77841
-0.159091,0.133838,0.461947,0.466064,8.03122,8.01682
-0.15404,0.133838,0.459008,0.463635,8.05379,8.9705
-0.14899,0.133838,0.522471,0.52698,8.33914,9.07481
-0.143939,0.133838,0.594972,0.599697,8.50898,9.38773
-0.138889,0.133838,0.631685,0.636131,8.41433,8.9407
-0.133838,0.133838,0.691752,0.696123,8.41779,9.045
-0.128788,0.133838,0.698323,0.702783,8.143,8.82149
-0.123737,0.133838,0.751686,0.756189,8.4965,9.08971
-0.118687,0.133838,0.791547,0.796333,8.58843,9.50694
-0.113636,0.133838,0.817289,0.821724,8.40124,8.77678
-0.108586,0.133838,0.811696,0.81592,7.82856,8.44896
-0.103535,0.133838,0.893507,0.898056,7.97118,9.0301
-0.0984849,0.133838,0.911183,0.915334,7.80687,8.3819
-0.0934343,0.133838,0.900314,0.904158,7.4707,7.66665
-0.0883838,0.133838,0.921241,0.925213,7.2994,8.03918
-0.0833333,0.133838,0.934385,0.938035,6.83915,7.23451
-0.0782828,0.133838,0.992832,0.996545,6.60949,7.49528
-0.0732323,0.133838,0.99389,0.997394,6.66079,7.09295
-0.0681818,0.133838,1.0485,1.05182,6.22624,6.69807
-0.0631313,0.133838,1.11052,1.11402,6.1893,6.93649
-0.0580808,0.133838,1.09877,1.10209,5.96981,6.51181
-0.0530303,0.133838,1.13201,1.13513,5.77604,6.28084
-0.0479798,0.133838,1.23763,1.24051,5.36498,5.79283
-0.0429293,0.133838,1.25419,1.25673,4.92164,5.18188
-0.0378788,0.133838,1.30757,1.30989,4.35859,4.61563
-0.0328283,0.133838,1.30777,1.31016,4.36375,4.8466
-0.0277778,0.133838,1.29721,1.29927,3.86812,4.1388
-0.0227273,0.133838,1.19563,1.1971,2.73321,3.00072
-0.0176768,0.133838,1.23734,1.23846,2.06502,2.28453
-0.0126263,0.133838,1.22159,1.22261,1.89633,2.07918
-0.00757576,0.133838,1.21421,1.21473,0.968046,1.07614
-0.00252525,0.133838,1.2194,1.21963,0.457955,0.510365
0.00252525,0.133838,1.17962,1.17954,-0.175243,-0.147149
0.00757576,0.133838,1.15204,1.15181,-0.399964,-0.393018
0.0126263,0.133838,1.1591,1.15842,-1.28017,-1.3113
0.0176768,0.133838,1.16407,1.16314,-1.84449,-1.8701
0.0227273,0.133838,1.17862,1.17756,-2.01369,-2.09734
0.0277778,0.133838,1.14688,1.14539,-2.68498,-2.93553
0.0328283,0.133838,1.15418,1.1523,-3.43667,-3.75509
0.0378788,0.133838,1.12688,1.12499,-3.55063,-3.7998
0.0429293,0.133838,1.15826,1.15618,-4.01808,-4.29898
0.0479798,0.133838,1.08103,1.07852,-4.41596,-4.93228
0.0530303,0.133838,1.07679,1.07408,-4.87168,-5.40912
0.0580808,0.133838,1.08517,1.08235,-5.07225,-5.61774
0.0631313,0.133838,1.05796,1.05526,-5.111,-5.49853
0.0681818,0.133838,1.02493,1.02212,-5.15504,-5.55068
0.0732323,0.133838,0.959729,0.956953,-5.3849,-5.69969
0.0782828,0.133838,0.988454,0.985198,-6.13082,-6.48945
0.0833333,0.133838,0.919106,0.91555,-6.71214,-7.28667
0.0883838,0.133838,0.886305,0.882566,-7.13771,-7.43568
0.0934343,0.133838,0.88749,0.883594,-7.34644,-8.03172
0.0984849,0.133838,0.810619,0.806615,-7.33982,-7.97212
0.103535,0.133838,0.696013,0.691891,-7.41208,-8.21054
0.108586,0.133838,0.70351,0.699058,-7.90784,-8.83639
0.113636,0.133838,0.62563,0.621527,-7.7613,-8.18074
0.118687,0.133838,0.602678,0.59846,-7.77127,-8.37445
0.123737,0.133838,0.606811,0.60235,-8.01989,-8.64267
0.128788,0.133838,0.600206,0.595346,-8.32274,-9.40263
0.133838,0.133838,0.521897,0.517368,-8.28428,-8.83639
0.138889,0.133838,0.500762,0.496149,-8.23363,-9.14931
0.143939,0.133838,0.429057,0.425085,-7.74611,-7.89761
0.14899,0.133838,0.417505,0.412911,-8.06497,-9.52184
0.15404,0.133838,0.393784,0.389546,-7.91116,-8.52346
0.159091,0.133838,0.37918,0.375137,-7.78874,-8.22544
0.164141,0.133838,0.282304,0.278443,-7.22589,-8.07643
0.169192,0.133838,0.26792,0.263989,-7.11111,-7.95722
0.174242,0.133838,0.24461,0.240892,-7.03542,-7.689
0.179293,0.133838,0.2208,0.216693,-6.88278,-8.13603
0.184343,0.133838,0.149268,0.145689,-6.45899,-7.25686
0.189394,0.133838,0.137243,0.134364,-6.31922,-5.99027
0.194444,0.133838,0.1166,0.113487,-6.09201,-6.30319
0.199495,0.133838,0.0947338,0.0914484,-5.86797,-6.75023
0.204545,0.133838,0.0679165,0.0643581,-5.87032,-6.86943
0.209596,0.133838,0.0572328,0.0539124,-5.82853,-6.4522
0.214646,0.133838,0.026119,0.0226647,-5.9853,-7.01845
0.219697,0.133838,-0.00305736,-0.0063628,-5.96952,-6.3777
0.224747,0.133838,-0.0224401,-0.0255406,-5.71878,-6.21378
0.229798,0.133838,-0.0593122,-0.0624359,-5.37144,-6.10948
0.234848,0.133838,-0.0721386,-0.0751019,-5.04925,-5.79655
0.239899,0.133838,-0.085223,-0.0882298,-5.13679,-6.12438
0.244949,0.133838,-0.0938851,-0.0968873,-5.55529,-5.79655
0.25,0.133838,-0.150588,-0.15381,-6.14149,-6.3628
-0.25,0.138889,-0.247923,-0.237584,17.4973,20.057
-0.244949,0.138889,-0.160769,-0.153571,13.0878,14.1561
-0.239899,0.138889,-0.111397,-0.105172,11.4204,12.517
-0.234848,0.138889,-0.0505185,-0.0450313,10.1549,11.1163
-0.229798,0.138889,-0.0154219,-0.0105947,8.9541,9.73046
-0.224747,0.138889,0.0282238,0.0330955,8.5925,9.61125
-0.219697,0.138889,0.06909,0.0733733,7.93902,8.92579
-0.214646,0.138889,0.0732567,0.0775903,7.22341,8.46386
-0.209596,0.138889,0.0921309,0.0963658,7.02415,8.21054
-0.204545,0.138889,0.0879073,0.091359,6.57522,7.06315
-0.199495,0.138889,0.105561,0.109717,6.43657,7.85291
-0.194444,0.138889,0.153478,0.157312,6.5829,7.77841
-0.189394,0.138889,0.218679,0.221819,6.32213,6.51181
-0.184343,0.138889,0.22746,0.230789,6.00556,6.82473
-0.179293,0.138889,0.266605,0.270233,6.28752,7.09295
-0.174242,0.138889,0.369183,0.373289,7.2811,8.10623
-0.169192,0.138889,0.383003,0.386536,7.0914,7.12275
-0.164141,0.138889,0.423253,0.427514,7.53504,8.35955
-0.159091,0.138889,0.478393,0.482708,8.10799,8.9407
-0.15404,0.138889,0.506353,0.510812,8.33971,8.86619
-0.14899,0.138889,0.5701,0.574708,8.66732,9.47714
-0.143939,0.138889,0.641884,0.646844,8.85014,9.53674
-0.138889,0.138889,0.680108,0.684753,8.74695,9.28342
-0.133838,0.138889,0.738404,0.743434,8.78385,9.95397
-0.128788,0.138889,0.744402,0.74929,8.51246,9.67085
-0.123737,0.138889,0.797824,0.802934,8.86398,10.0285
-0.118687,0.138889,0.877514,0.882879,9.13488,10.6543
-0.113636,0.138889,0.90228,0.906929,8.93743,9.34303
-0.108586,0.138889,0.894873,0.89933,8.36212,8.88109
-0.103535,0.138889,0.976783,0.981234,8.5104,9.0152
-0.0984849,0.138889,1.03643,1.04099,8.44697,9.26852
-0.0934343,0.138889,1.02667,1.03125,8.23288,9.02265
-0.0883838,0.138889,1.04663,1.05073,8.05966,8.47131
-0.0833333,0.138889,1.05989,1.06391,7.6004,7.99447
-0.0782828,0.138889,1.11939,1.12341,7.38058,8.02427
-0.0732323,0.138889,1.10356,1.1074,7.13944,7.69645
-0.0681818,0.138889,1.15812,1.16182,6.712,7.29412
-0.0631313,0.138889,1.20565,1.20933,6.68514,7.42078
-0.0580808,0.138889,1.19503,1.19857,6.46432,7.06315
-0.0530303,0.138889,1.22755,1.23096,6.26856,6.80983
-0.0479798,0.138889,1.33332,1.33643,5.86123,6.33672
-0.0429293,0.138889,1.3483,1.3513,5.42782,6.04615
-0.0378788,0.138889,1.40166,1.40429,4.86148,5.22658
-0.0328283,0.138889,1.4015,1.40407,4.86876,5.27501
-0.0277778,0.138889,1.39102,1.39329,4.37508,4.67524
-0.0227273,0.138889,1.29077,1.29253,3.23596,3.53716
-0.0176768,0.138889,1.33286,1.33421,2.56162,2.74274
-0.0126263,0.138889,1.31701,1.31831,2.39513,2.61329
-0.00757576,0.138889,1.30954,1.31033,1.46834,1.59978
-0.00252525,0.138889,1.28118,1.28157,0.718745,0.812113
0.00252525,0.138889,1.2422,1.24225,0.0831847,0.102445
0.00757576,0.138889,1.2142,1.21411,-0.140405,-0.13411
0.0126263,0.138889,1.22123,1.22068,-1.02029,-1.07661
0.0176768,0.138889,1.22569,1.22479,-1.58248,-1.75461
0.0227273,0.138889,1.24017,1.2392,-1.74967,-1.91107
0.0277778,0.138889,1.16939,1.16798,-2.58204,-2.73436
0.0328283,0.138889,1.17532,1.17349,-3.33164,-3.50177
0.0378788,0.138889,1.14744,1.14557,-3.43889,-3.69549
0.0429293,0.138889,1.17968,1.17747,-3.90654,-4.28408
0.0479798,0.138889,1.05405,1.05178,-4.26319,-4.59701
0.0530303,0.138889,1.05163,1.04903,-4.72279,-5.23776
0.0580808,0.138889,1.05942,1.05674,-4.91857,-5.43892
0.0631313,0.138889,1.03249,1.02953,-4.95864,-5.91576
0.0681818,0.138889,0.998737,0.996061,-5.00071,-5.40167
0.0732323,0.138889,0.934368,0.931539,-5.22948,-5.72205
0.0782828,0.138889,0.963788,0.96041,-5.98005,-6.79493
0.0833333,0.138889,0.909987,0.906467,-6.57065,-7.0855
0.0883838,0.138889,0.876603,0.872731,-6.99154,-7.689
0.0934343,0.138889,0.878046,0.873923,-7.19993,-8.15093
0.0984849,0.138889,0.800602,0.796661,-7.18694,-7.6592
0.103535,0.138889,0.686453,0.682309,-7.26185,-8.07643
0.108586,0.138889,0.693746,0.689492,-7.75679,-8.59797
0.113636,0.138889,0.61677,0.61284,-7.61031,-8.06153
0.118687,0.138889,0.595573,0.591397,-7.52404,-8.37445
0.123737,0.138889,0.600414,0.595868,-7.77679,-9.045
0.128788,0.138889,0.593492,0.589073,-8.06699,-8.80659
0.133838,0.138889,0.515084,0.510842,-8.02822,-8.68738
0.138889,0.138889,0.493864,0.489384,-7.97384,-8.88109
0.143939,0.138889,0.422426,0.418574,-7.48613,-7.58469
0.14899,0.138889,0.411452,0.407115,-7.80146,-8.74698
0.15404,0.138889,0.388006,0.383943,-7.64761,-8.18074
0.159091,0.138889,0.373135,0.368699,-7.52628,-8.71718
0.164141,0.138889,0.276735,0.272721,-6.96801,-7.89761
0.169192,0.138889,0.26337,0.259414,-6.84086,-7.80821
0.174242,0.138889,0.239449,0.235662,-6.76053,-7.16746
0.179293,0.138889,0.215087,0.211626,-6.61189,-7.01845
0.184343,0.138889,0.131679,0.128448,-6.35146,-6.73532
0.189394,0.138889,0.118784,0.115305,-6.22444,-6.78003
0.194444,0.138889,0.098292,0.0950098,-5.98476,-6.54161
0.199495,0.138889,0.085474,0.0822991,-5.87929,-6.58631
0.204545,0.138889,0.0582905,0.0551939,-5.90752,-6.4224
0.209596,0.138889,0.0487287,0.0453889,-5.83819,-6.64592
0.214646,0.138889,0.017435,0.0142902,-6.01072,-6.30319
0.219697,0.138889,-0.0126988,-0.0160336,-6.02345,-6.69062
0.224747,0.138889,-0.0300097,-0.0333637,-5.75,-6.83963
0.229798,0.138889,-0.0670579,-0.0701994,-5.41935,-6.18398
0.234848,0.138889,-0.0810127,-0.0836104,-5.09606,-5.40912
0.239899,0.138889,-0.0922807,-0.0952482,-5.21728,-5.96046
0.244949,0.138889,-0.102325,-0.105634,-5.62548,-6.06477
0.25,0.138889,-0.14687,-0.150308,-6.21951,-6.78003
-0.25,0.143939,-0.206336,-0.19598,17.5094,20.3699
-0.244949,0.143939,-0.126492,-0.119209,12.9012,14.4392
-0.239899,0.143939,-0.0759889,-0.0694245,11.2554,13.3067
-0.234848,0.143939,-0.0101599,-0.00466406,10.0048,11.0567
-0.229798,0.143939,0.0136247,0.0181794,8.72521,9.50694
-0.224747,0.143939,0.0516995,0.0567138,8.3458,9.86457
-0.219697,0.143939,0.0895912,0.0935793,7.71191,7.92742
-0.214646,0.143939,0.0995685,0.103325,6.96952,7.53999
-0.209596,0.143939,0.110396,0.113949,6.75271,7.21216
-0.204545,0.143939,0.107842,0.11149,6.30203,7.21216
-0.199495,0.143939,0.115362,0.118807,6.04397,6.66082
-0.194444,0.143939,0.169658,0.173211,6.07557,7.28667
-0.189394,0.143939,0.230751,0.234351,5.91785,6.95884
-0.184343,0.143939,0.23795,0.241235,5.55128,6.55651
-0.179293,0.143939,0.274956,0.27819,5.894,6.31809
-0.174242,0.143939,0.377333,0.381187,6.83413,7.7039
-0.169192,0.143939,0.38346,0.386968,6.69983,7.07805
-0.164141,0.143939,0.422681,0.426695,7.2242,8.09133
-0.159091,0.143939,0.476063,0.480637,7.74241,9.25362
-0.15404,0.143939,0.503986,0.508398,8.01171,9.0152
-0.14899,0.143939,0.568333,0.573024,8.36007,9.17911
-0.143939,0.143939,0.639713,0.644043,8.51733,8.67247
-0.138889,0.143939,0.676951,0.681519,8.46084,9.44734
-0.133838,0.143939,0.730212,0.734836,8.56993,9.28342
-0.128788,0.143939,0.736451,0.740752,8.30672,8.9705
-0.123737,0.143939,0.790231,0.795096,8.68638,9.86457
-0.118687,0.143939,0.868581,0.87364,8.9319,9.96888
-0.113636,0.143939,0.891453,0.895977,8.74487,9.25362
-0.108586,0.143939,0.884485,0.888772,8.17098,8.68738
-0.103535,0.143939,0.96744,0.972159,8.32671,9.17166
-0.0984849,0.143939,1.02676,1.03135,8.27085,9.02265
-0.0934343,0.143939,1.01658,1.02103,8.05405,8.81404
-0.0883838,0.143939,1.07957,1.08386,7.93926,8.64267
-0.0833333,0.143939,1.0926,1.09652,7.48512,7.78586
-0.0782828,0.143939,1.19334,1.19729,7.29252,7.98702
-0.0732323,0.143939,1.17829,1.18201,7.05457,7.61449
-0.0681818,0.143939,1.2342,1.23775,6.62465,7.0706
-0.0631313,0.143939,1.28289,1.28645,6.59863,6.98119
-0.0580808,0.143939,1.27063,1.27397,6.37761,6.83218
-0.0530303,0.143939,1.30879,1.31218,6.3355,6.81728
-0.0479798,0.143939,1.41397,1.41708,5.92756,6.32554
-0.0429293,0.143939,1.42889,1.43178,5.49266,5.82635
-0.0378788,0.143939,1.48123,1.48389,4.92895,5.38304
-0.0328283,0.143939,1.48302,1.48565,4.93502,5.40167
-0.0277778,0.143939,1.47323,1.47566,4.43403,4.89876
-0.0227273,0.143939,1.37223,1.37394,3.2977,3.47011
-0.0176768,0.143939,1.41523,1.41663,2.62442,2.86009
-0.0126263,0.143939,1.39839,1.3997,2.45894,2.64868
-0.00757576,0.143939,1.39186,1.39268,1.53096,1.6992
-0.00252525,0.143939,1.3635,1.36392,0.781361,0.876374
0.00252525,0.143939,1.32413,1.32423,0.146765,0.203028
0.00757576,0.143939,1.2961,1.29608,-0.0679165,-0.00558793
0.0126263,0.143939,1.30292,1.3024,-0.944865,-0.990927
0.0176768,0.143939,1.30725,1.30644,-1.51093,-1.64658
0.0227273,0.143939,1.32146,1.32053,-1.66959,-1.83657
0.0277778,0.143939,1.25094,1.24962,-2.50378,-2.64868
0.0328283,0.143939,1.24781,1.24613,-3.11659,-3.34531
0.0378788,0.143939,1.22044,1.21878,-3.22784,-3.39001
0.0429293,0.143939,1.25226,1.25023,-3.69504,-4.01586
0.0479798,0.143939,1.12627,1.1241,-4.04453,-4.29898
0.0530303,0.143939,1.12388,1.12145,-4.50385,-4.84288
0.0580808,0.143939,1.1329,1.13036,-4.69966,-5.23776
0.0631313,0.143939,1.06312,1.06058,-4.79561,-5.05894
0.0681818,0.143939,1.02944,1.02688,-4.83788,-5.06639
0.0732323,0.143939,0.922152,0.919424,-5.09118,-5.47618
0.0782828,0.143939,0.950625,0.947319,-5.8384,-6.41495
0.0833333,0.143939,0.897371,0.893913,-6.42346,-6.96629
0.0883838,0.143939,0.863163,0.859454,-6.84096,-7.51763
0.0934343,0.143939,0.86462,0.860646,-7.04661,-7.86781
0.0984849,0.143939,0.788403,0.784486,-7.04059,-7.91252
0.103535,0.143939,0.674288,0.670403,-7.11877,-7.95722
0.108586,0.143939,0.681914,0.677869,-7.61011,-8.12113
0.113636,0.143939,0.604308,0.600263,-7.45933,-8.15093
0.118687,0.143939,0.583091,0.579163,-7.37261,-7.94232
0.123737,0.143939,0.587538,0.583485,-7.62061,-8.12113
0.128788,0.143939,0.584435,0.580013,-7.82096,-8.91089
0.133838,0.143939,0.506199,0.501737,-7.77593,-8.50856
0.138889,0.143939,0.485368,0.481248,-7.72359,-7.97212
0.143939,0.143939,0.41336,0.409394,-7.22886,-8.01682
0.14899,0.143939,0.402416,0.398412,-7.54981,-8.13603
0.15404,0.143939,0.379803,0.375867,-7.38222,-7.98702
0.159091,0.143939,0.364683,0.360712,-7.26447,-8.12113
0.164141,0.143939,0.267933,0.264198,-6.69814,-7.56979
0.169192,0.143939,0.254249,0.250414,-6.58242,-7.42078
0.174242,0.143939,0.231438,0.228211,-6.4858,-6.72042
0.179293,0.143939,0.214668,0.211179,-6.30171,-7.00354
0.184343,0.143939,0.140878,0.137597,-6.17847,-6.82473
0.189394,0.143939,0.11524,0.111982,-6.20895,-6.58631
0.194444,0.143939,0.0943624,0.0908822,-5.9772,-7.01845
0.199495,0.143939,0.0826042,0.0796169,-5.838,-5.96046
0.204545,0.143939,0.0565976,0.0534207,-5.85949,-6.10948
0.209596,0.143939,0.046143,0.0427514,-5.80016,-6.63102
0.214646,0.143939,0.0143859,0.0113547,-5.99084,-6.12438
0.219697,0.143939,-0.0142248,-0.0174046,-6.01285,-6.4075
0.224747,0.143939,-0.0318801,-0.0351667,-5.75345,-6.33299
0.229798,0.143939,-0.0692067,-0.0723302,-5.40392,-6.12438
0.234848,0.143939,-0.0841839,-0.0869483,-5.09744,-5.39422
0.239899,0.143939,-0.0935127,-0.0963509,-5.23515,-6.12438
0.244949,0.143939,-0.102803,-0.105977,-5.68332,-6.06477
0.25,0.143939,-0.146792,-0.150338,-6.29727,-7.15256
-0.25,0.14899,-0.18617,-0.175998,17.7883,20.0719
-0.244949,0.14899,-0.110042,-0.102788,13.0902,14.4392
-0.239899,0.14899,-0.0574518,-0.0510067,11.5252,12.9044
-0.234848,0.14899,0.0171321,0.023365,10.5034,11.9954
-0.229798,0.14899,0.0467146,0.0519752,9.21994,10.1179
-0.224747,0.14899,0.0806954,0.0855923,8.81505,9.76026
-0.219697,0.14899,0.121798,0.12657,8.12407,9.32813
-0.214646,0.14899,0.128796,0.133082,7.38761,8.28504
-0.209596,0.14899,0.133724,0.137746,7.22548,8.32975
-0.204545,0.14899,0.132005,0.135735,6.75264,7.59959
-0.199495,0.14899,0.141241,0.144929,6.48679,7.33137
-0.194444,0.14899,0.185828,0.189438,6.32856,7.10785
-0.189394,0.14899,0.245344,0.248656,6.18476,6.98864
-0.184343,0.14899,0.252545,0.255987,5.83325,6.70552
-0.179293,0.14899,0.288896,0.292271,6.17003,6.92904
-0.174242,0.14899,0.390458,0.394329,7.06858,7.48038
-0.169192,0.14899,0.395955,0.399768,7.07046,7.48038
-0.164141,0.14899,0.433651,0.437781,7.48833,8.37445
-0.159091,0.14899,0.48605,0.49074,8.03902,9.16421
-0.15404,0.14899,0.513515,0.518098,8.34213,9.14931
-0.14899,0.14899,0.57931,0.584096,8.6841,9.70065
-0.143939,0.14899,0.649524,0.654355,8.89373,9.68575
-0.138889,0.14899,0.685136,0.690177,8.81662,10.1626
-0.133838,0.14899,0.739233,0.744313,8.94866,10.3116
-0.128788,0.14899,0.745051,0.749692,8.69643,9.26852
-0.123737,0.14899,0.798887,0.803873,9.06152,9.77516
-0.118687,0.14899,0.874076,0.879303,9.30586,10.0881
-0.113636,0.14899,0.894826,0.899762,8.86475,9.81986
-0.108586,0.14899,0.88825,0.892773,8.28999,9.0152
-0.103535,0.14899,0.969502,0.974096,8.44304,9.13441
-0.0984849,0.14899,1.02884,1.03357,8.38326,9.6485
-0.0934343,0.14899,1.0193,1.02372,8.18071,8.72463
-0.0883838,0.14899,1.08081,1.08518,8.07154,8.72463
-0.0833333,0.14899,1.081,1.08515,7.32878,8.28504
-0.0782828,0.14899,1.1838,1.1876,7.13235,7.80821
-0.0732323,0.14899,1.16943,1.17309,6.89271,7.42078
-0.0681818,0.14899,1.22519,1.22884,6.46,7.25686
-0.0631313,0.14899,1.27228,1.27571,6.44486,7.0706
-0.0580808,0.14899,1.25985,1.26326,6.22898,6.78748
-0.0530303,0.14899,1.29812,1.3014,6.17939,6.60866
-0.0479798,0.14899,1.40271,1.40586,5.77791,6.36652
-0.0429293,0.14899,1.42706,1.42999,5.49161,5.94929
-0.0378788,0.14899,1.47896,1.48168,4.93005,5.47245
-0.0328283,0.14899,1.48048,1.48324,4.93465,5.53206
-0.0277778,0.14899,1.47089,1.47332,4.43425,4.92111
-0.0227273,0.14899,1.37007,1.37187,3.2998,3.65823
-0.0176768,0.14899,1.41306,1.41447,2.62643,2.86754
-0.0126263,0.14899,1.39679,1.39812,2.45931,2.68593
-0.00757576,0.14899,1.42693,1.42765,1.3332,1.47312
-0.00252525,0.14899,1.39859,1.39889,0.58468,0.632368
0.00252525,0.14899,1.3584,1.35835,-0.0480898,-0.0111759
0.00757576,0.14899,1.33054,1.33045,-0.263099,-0.173226
0.0126263,0.14899,1.32278,1.32224,-0.996677,-1.05798
0.0176768,0.14899,1.32765,1.32683,-1.55873,-1.55345
0.0227273,0.14899,1.34292,1.34199,-1.72509,-1.85892
0.0277778,0.14899,1.27342,1.27199,-2.56491,-2.79769
0.0328283,0.14899,1.26981,1.26806,-3.17278,-3.49805
0.0378788,0.14899,1.24116,1.2394,-3.2765,-3.53903
0.0429293,0.14899,1.2736,1.27166,-3.74923,-3.83705
0.0479798,0.14899,1.14821,1.14591,-4.10693,-4.5374
0.0530303,0.14899,1.16008,1.15736,-4.70897,-5.38677
0.0580808,0.14899,1.16876,1.16605,-4.90203,-5.34207
0.0631313,0.14899,1.09869,1.09601,-4.99208,-5.34952
0.0681818,0.14899,1.06478,1.06206,-5.02762,-5.32716
0.0732323,0.14899,0.957529,0.954702,-5.28208,-5.66989
0.0782828,0.14899,0.986148,0.982784,-6.02749,-6.58631
0.0833333,0.14899,0.930072,0.926539,-6.47778,-7.13766
0.0883838,0.14899,0.897194,0.893459,-6.89718,-7.38352
0.0934343,0.14899,0.898396,0.894472,-7.09767,-7.86781
0.0984849,0.14899,0.821175,0.817433,-7.09162,-7.51018
0.103535,0.14899,0.707331,0.703528,-7.16867,-7.6592
0.108586,0.14899,0.714631,0.710532,-7.655,-8.28504
0.113636,0.14899,0.637659,0.633508,-7.50307,-8.37445
0.118687,0.14899,0.616178,0.612229,-7.41356,-7.94232
0.123737,0.14899,0.621204,0.617132,-7.65931,-8.32975
0.128788,0.14899,0.617833,0.613734,-7.86352,-8.53836
0.133838,0.14899,0.540643,0.536561,-7.82008,-8.40425
0.138889,0.14899,0.486184,0.481918,-7.46683,-8.24034
0.143939,0.14899,0.414045,0.410184,-6.97254,-7.48038
0.14899,0.14899,0.402524,0.398651,-7.29116,-7.56979
0.15404,0.14899,0.379403,0.375524,-7.11204,-7.77841
0.159091,0.14899,0.378785,0.374868,-7.12983,-7.83801
0.164141,0.14899,0.281769,0.277907,-6.57383,-7.64429
0.169192,0.14899,0.268245,0.264794,-6.45596,-7.10785
0.174242,0.14899,0.246384,0.242501,-6.36081,-7.61449
0.179293,0.14899,0.230606,0.227272,-6.16624,-6.78003
0.184343,0.14899,0.155865,0.152424,-6.0587,-6.88434
0.189394,0.14899,0.130291,0.126824,-6.09895,-6.52671
0.194444,0.14899,0.110109,0.106856,-5.86734,-6.69062
0.199495,0.14899,0.0981888,0.0947565,-5.72429,-6.66082
0.204545,0.14899,0.058273,0.0552535,-5.57965,-5.90086
0.209596,0.14899,0.0477084,0.0447333,-5.53998,-5.87106
0.214646,0.14899,0.0164572,0.0135154,-5.71198,-6.10948
0.219697,0.14899,-0.0120971,-0.0151992,-5.73646,-6.21378
0.224747,0.14899,-0.0303239,-0.0331402,-5.50567,-6.06477
0.229798,0.14899,-0.0553505,-0.0580996,-5.152,-5.54323
0.234848,0.14899,-0.068453,-0.0710487,-4.98749,-5.39422
0.239899,0.14899,-0.0747188,-0.0776947,-5.15029,-5.99027
0.244949,0.14899,-0.0836953,-0.0870228,-5.62715,-6.64592
0.25,0.14899,-0.130054,-0.13344,-6.18361,-6.4224
-0.25,0.15404,-0.169791,-0.159696,17.6183,19.9825
-0.244949,0.15404,-0.0942907,-0.0866651,12.93,14.7819
-0.239899,0.15404,-0.0294453,-0.0228137,11.4851,13.5005
-0.234848,0.15404,0.036368,0.0419766,10.3181,11.161
-0.229798,0.15404,0.0644712,0.0693649,8.9902,9.92417
-0.224747,0.15404,0.100976,0.105426,8.52287,9.28342
-0.219697,0.15404,0.137563,0.141636,7.69443,8.40425
-0.214646,0.15404,0.135994,0.139639,6.96836,7.36117
-0.209596,0.15404,0.139974,0.143752,6.79991,7.42078
-0.204545,0.15404,0.136058,0.139549,6.34396,6.88434
-0.199495,0.15404,0.15271,0.155687,5.91314,6.4075
-0.194444,0.15404,0.191417,0.194788,5.88022,6.63102
-0.189394,0.15404,0.248798,0.252053,5.75795,6.30319
-0.184343,0.15404,0.253786,0.256866,5.4448,6.21378
-0.179293,0.15404,0.278662,0.281706,5.5806,6.18398
-0.174242,0.15404,0.380613,0.384018,6.55717,6.92904
-0.169192,0.15404,0.386872,0.390217,6.46269,6.73532
-0.164141,0.15404,0.421256,0.425145,6.913,7.55489
-0.159091,0.15404,0.474904,0.479341,7.50382,9.045
-0.15404,0.15404,0.502046,0.506088,7.7888,8.27014
-0.14899,0.15404,0.566981,0.57143,8.19185,8.9556
-0.143939,0.15404,0.63637,0.640854,8.38967,8.92579
-0.138889,0.15404,0.672097,0.676542,8.3272,8.88109
-0.133838,0.15404,0.72716,0.73193,8.47782,9.31322
-0.128788,0.15404,0.73128,0.735924,8.2014,9.045
-0.123737,0.15404,0.782644,0.787407,8.5753,9.67085
-0.118687,0.15404,0.857521,0.862524,8.94784,9.92417
-0.113636,0.15404,0.878785,0.88349,8.51215,9.40263
-0.108586,0.15404,0.870473,0.874609,7.9318,8.42661
-0.103535,0.15404,0.952338,0.957079,8.09397,9.16421
-0.0984849,0.15404,1.0115,1.01595,8.04221,8.60542
-0.0934343,0.15404,0.999579,1.00369,7.8414,8.3223
-0.0883838,0.15404,1.06238,1.06645,7.73375,8.15839
-0.0833333,0.15404,1.06364,1.06739,6.98267,7.58469
-0.0782828,0.15404,1.16628,1.16984,6.79044,7.1302
-0.0732323,0.15404,1.15224,1.15577,6.5538,6.97374
-0.0681818,0.15404,1.21049,1.21377,6.28764,6.61611
-0.0631313,0.15404,1.25798,1.26132,6.26926,6.79493
-0.0580808,0.15404,1.24557,1.2488,6.05259,6.54533
-0.0530303,0.15404,1.284,1.28738,6.00313,6.58631
-0.0479798,0.15404,1.3901,1.39313,5.59721,6.143
-0.0429293,0.15404,1.41413,1.41704,5.31305,5.81145
-0.0378788,0.15404,1.46623,1.46883,4.75017,5.1856
-0.0328283,0.15404,1.46697,1.46949,4.75855,5.1409
-0.0277778,0.15404,1.46889,1.47119,4.41744,4.64916
-0.0227273,0.15404,1.36914,1.3709,3.28074,3.58559
-0.0176768,0.15404,1.41003,1.41143,2.61296,2.83681
-0.0126263,0.15404,1.39423,1.3955,2.44645,2.60305
-0.00757576,0.15404,1.42408,1.42479,1.32384,1.46334
-0.00252525,0.15404,1.39473,1.39502,0.577471,0.646338
0.00252525,0.15404,1.35512,1.35509,-0.0517859,-0.0242144
0.00757576,0.15404,1.32725,1.32711,-0.270408,-0.283122
0.0126263,0.15404,1.3209,1.32035,-1.01262,-1.01328
0.0176768,0.15404,1.32515,1.32429,-1.57146,-1.73599
0.0227273,0.15404,1.32806,1.32718,-1.58348,-1.71363
0.0277778,0.15404,1.2582,1.25688,-2.41932,-2.47359
0.0328283,0.15404,1.25554,1.25384,-3.03089,-3.25963
0.0378788,0.15404,1.22787,1.22606,-3.14068,-3.54648
0.0429293,0.15404,1.25922,1.25732,-3.60696,-3.69549
0.0479798,0.15404,1.15892,1.15652,-4.26307,-4.76837
0.0530303,0.15404,1.1695,1.16699,-4.85735,-4.95464
0.0580808,0.15404,1.17793,1.1751,-5.054,-5.59539
0.0631313,0.15404,1.10821,1.10545,-5.14681,-5.50598
0.0681818,0.15404,1.0756,1.07297,-5.1851,-5.29736
0.0732323,0.15404,0.968625,0.965662,-5.4381,-5.76675
0.0782828,0.15404,0.997016,0.993594,-6.17685,-6.81728
0.0833333,0.15404,0.940634,0.937112,-6.62565,-7.20471
0.0883838,0.15404,0.907195,0.903264,-7.04047,-7.83801
0.0934343,0.15404,0.908941,0.904858,-7.24345,-8.10623
0.0984849,0.15404,0.831302,0.827402,-7.09997,-7.77841
0.103535,0.15404,0.717318,0.713408,-7.17724,-7.85291
0.108586,0.15404,0.72481,0.720978,-7.66435,-7.94232
0.113636,0.15404,0.647792,0.64379,-7.51077,-8.22544
0.118687,0.15404,0.62676,0.622675,-7.42538,-8.29995
0.123737,0.15404,0.631313,0.627175,-7.6656,-8.27014
0.128788,0.15404,0.627655,0.623524,-7.86005,-8.24034
0.133838,0.15404,0.55001,0.5458,-7.816,-8.31485
0.138889,0.15404,0.495802,0.491723,-7.45928,-8.24034
0.143939,0.15404,0.424211,0.420138,-6.96375,-8.00192
0.14899,0.15404,0.412809,0.40862,-7.28051,-8.47876
0.15404,0.15404,0.390198,0.386342,-7.10047,-7.59959
0.159091,0.15404,0.389438,0.385568,-7.11676,-7.7635
0.164141,0.15404,0.29315,0.289544,-6.54514,-7.15256
0.169192,0.15404,0.291991,0.288591,-6.5919,-6.83963
0.174242,0.15404,0.260954,0.257105,-6.68136,-7.46548
0.179293,0.15404,0.246359,0.242814,-6.46741,-6.88434
0.184343,0.15404,0.17217,0.168607,-6.3664,-6.98864
0.189394,0.15404,0.145441,0.141993,-6.40832,-6.78003
0.194444,0.15404,0.125447,0.1221,-6.18703,-6.63102
0.199495,0.15404,0.088504,0.0856817,-5.77639,-5.73695
0.204545,0.15404,0.0495456,0.0463277,-5.59661,-6.64592
0.209596,0.15404,0.040564,0.0374913,-5.53506,-6.28829
0.214646,0.15404,0.00924983,0.00600517,-5.71089,-6.31809
0.219697,0.15404,-0.0198299,-0.0229478,-5.76931,-6.04987
0.224747,0.15404,-0.0377845,-0.041008,-5.54288,-6.30319
0.229798,0.15404,-0.0605725,-0.0631958,-5.1845,-4.99189
0.234848,0.15404,-0.0748037,-0.0774562,-5.04712,-5.40912
0.239899,0.15404,-0.0840681,-0.0867248,-5.1907,-5.73695
0.244949,0.15404,-0.0921468,-0.095129,-5.68349,-6.06477
0.25,0.15404,-0.13648,-0.140101,-6.3824,-7.28667
-0.25,0.159091,-0.159255,-0.149354,17.9534,19.5503
-0.244949,0.159091,-0.0930093,-0.0854433,13.0633,14.8416
-0.239899,0.159091,-0.0203267,-0.0133663,11.7288,13.8432
-0.234848,0.159091,0.0358935,0.0413656,10.4326,10.9524
-0.229798,0.159091,0.0702003,0.075385,9.07482,10.5649
-0.224747,0.159091,0.103677,0.108749,8.60287,9.99868
-0.219697,0.159091,0.146352,0.150353,7.72164,8.35955
-0.214646,0.159091,0.15376,0.157714,7.32972,7.64429
-0.209596,0.159091,0.179142,0.183284,7.4865,8.24034
-0.204545,0.159091,0.180871,0.184968,6.9017,7.97212
-0.199495,0.159091,0.190434,0.19376,6.56799,6.92904
-0.194444,0.159091,0.21992,0.223532,6.51768,7.06315
-0.189394,0.159091,0.287922,0.291541,6.34162,7.09295
-0.184343,0.159091,0.293809,0.297263,5.99474,6.76513
-0.179293,0.159091,0.317476,0.32112,6.14448,7.27177
-0.174242,0.159091,0.416932,0.420451,6.75557,7.13766
-0.169192,0.159091,0.412577,0.416338,6.71237,7.46548
-0.164141,0.159091,0.447396,0.451192,7.23514,7.79331
-0.159091,0.159091,0.486621,0.490576,7.65038,8.13603
-0.15404,0.159091,0.512414,0.516713,8.00327,8.40425
-0.14899,0.159091,0.576467,0.581011,8.37689,9.14931
-0.143939,0.159091,0.64737,0.652239,8.61322,9.99868
-0.138889,0.159091,0.682425,0.687003,8.56432,9.23872
-0.133838,0.159091,0.735243,0.739947,8.68489,9.55164
-0.128788,0.159091,0.738728,0.74327,8.4225,9.50694
-0.123737,0.159091,0.792296,0.796989,8.80998,9.26852
-0.118687,0.159091,0.865728,0.870988,9.19184,10.4755
-0.113636,0.159091,0.885683,0.890315,8.74557,9.0301
-0.108586,0.159091,0.879085,0.883527,8.17606,8.65757
-0.103535,0.159091,0.981678,0.986293,8.37535,9.19402
-0.0984849,0.159091,1.0394,1.04376,8.33261,8.80659
-0.0934343,0.159091,1.02958,1.03412,8.12467,9.12696
-0.0883838,0.159091,1.09357,1.09788,8.01645,8.56817
-0.0833333,0.159091,1.09444,1.09822,7.2665,7.7337
-0.0782828,0.159091,1.19553,1.19931,7.08913,7.53254
-0.0732323,0.159091,1.18209,1.18589,6.84933,7.53254
-0.0681818,0.159091,1.22081,1.22421,6.27488,6.83218
-0.0631313,0.159091,1.26823,1.27163,6.26259,6.86198
-0.0580808,0.159091,1.23687,1.23999,5.73788,6.34417
-0.0530303,0.159091,1.27484,1.27789,5.68314,6.18398
-0.0479798,0.159091,1.38099,1.38382,5.27992,5.72205
-0.0429293,0.159091,1.40509,1.40774,4.994,5.33834
-0.0378788,0.159091,1.45759,1.46009,4.43641,5.02169
-0.0328283,0.159091,1.45992,1.46235,4.44588,4.8615
-0.0277778,0.159091,1.44016,1.4425,4.20644,4.62308
-0.0227273,0.159091,1.35255,1.35426,3.23219,3.48128
-0.0176768,0.159091,1.39509,1.39646,2.55929,2.78652
-0.0126263,0.159091,1.37651,1.37781,2.40534,2.64402
-0.00757576,0.159091,1.40434,1.40519,1.56379,1.72708
-0.00252525,0.159091,1.37597,1.37643,0.815408,0.947155
0.00252525,0.159091,1.33764,1.33772,0.181678,0.232831
0.00757576,0.159091,1.30958,1.30953,-0.0339404,-0.0596046
0.0126263,0.159091,1.30247,1.30201,-0.768407,-0.840053
0.0176768,0.159091,1.29224,1.29155,-1.17192,-1.27032
0.0227273,0.159091,1.32708,1.32622,-1.46124,-1.68383
0.0277778,0.159091,1.24466,1.24364,-2.13118,-2.04891
0.0328283,0.159091,1.24186,1.2404,-2.74197,-2.95415
0.0378788,0.159091,1.21348,1.21202,-2.84791,-2.8573
0.0429293,0.159091,1.23428,1.23262,-3.13632,-3.33786
0.0479798,0.159091,1.11125,1.10912,-3.82447,-4.23193
0.0530303,0.159091,1.12268,1.12021,-4.42484,-4.82053
0.0580808,0.159091,1.13132,1.12884,-4.62399,-4.91738
0.0631313,0.159091,1.06155,1.05916,-4.71506,-4.76837
0.0681818,0.159091,1.02898,1.02638,-4.75757,-5.21541
0.0732323,0.159091,0.921629,0.919022,-5.00216,-5.23776
0.0782828,0.159091,0.950161,0.947267,-5.74047,-5.87106
0.0833333,0.159091,0.894055,0.890635,-6.18931,-7.0259
0.0883838,0.159091,0.860664,0.857189,-6.60058,-6.90669
0.0934343,0.159091,0.86303,0.859469,-6.80519,-7.16746
0.0984849,0.159091,0.78528,0.78164,-6.67043,-7.31647
0.103535,0.159091,0.671651,0.6679,-6.74117,-7.48038
0.108586,0.159091,0.678739,0.674963,-7.22141,-7.48038
0.113636,0.159091,0.603202,0.599399,-6.93981,-7.49528
0.118687,0.159091,0.601559,0.597566,-6.94042,-7.85291
0.123737,0.159091,0.605623,0.601724,-7.18019,-7.83801
0.128788,0.159091,0.602315,0.598311,-7.37081,-8.07643
0.133838,0.159091,0.524871,0.520781,-7.32796,-8.10623
0.138889,0.159091,0.48837,0.484481,-7.10175,-7.7188
0.143939,0.159091,0.41688,0.413299,-6.60631,-7.16746
0.14899,0.159091,0.402987,0.399232,-7.14489,-7.64429
0.15404,0.159091,0.38031,0.376523,-6.96281,-7.49528
0.159091,0.159091,0.379385,0.375628,-6.96962,-7.52509
0.164141,0.159091,0.297824,0.294626,-6.5526,-6.4373
0.169192,0.159091,0.296938,0.29321,-6.58847,-7.15256
0.174242,0.159091,0.247593,0.243887,-6.58319,-7.30157
0.179293,0.159091,0.232837,0.229567,-6.37513,-6.66082
0.184343,0.159091,0.160212,0.156701,-6.24505,-6.73532
0.189394,0.159091,0.145184,0.141814,-6.47708,-6.79493
0.194444,0.159091,0.124182,0.120819,-6.26031,-6.78003
0.199495,0.159091,0.0874592,0.0842661,-5.85889,-6.30319
0.204545,0.159091,0.0486346,0.0452846,-5.69237,-6.69062
0.209596,0.159091,0.0412398,0.038147,-5.59231,-6.27339
0.214646,0.159091,0.00975734,0.00663102,-5.79623,-6.04987
0.219697,0.159091,-0.0202327,-0.0233948,-5.84919,-6.07967
0.224747,0.159091,-0.0362107,-0.0391454,-5.62855,-5.75185
0.229798,0.159091,-0.0602242,-0.063315,-5.26863,-6.09457
0.234848,0.159091,-0.0737254,-0.0762492,-5.14076,-5.27501
0.239899,0.159091,-0.0840697,-0.0867546,-5.29575,-5.58793
0.244949,0.159091,-0.0892123,-0.0922233,-5.84252,-6.09457
0.25,0.159091,-0.1361,-0.139505,-6.49477,-6.70552
-0.25,0.164141,-0.183897,-0.173852,17.9913,20.0719
-0.244949,0.164141,-0.0899252,-0.0827163,13.1028,14.469
-0.239899,0.164141,-0.0150543,-0.00859797,11.6938,13.0236
-0.234848,0.164141,0.0412854,0.0472218,10.2882,11.7123
-0.229798,0.164141,0.0776618,0.0825375,8.82531,9.77516
-0.224747,0.164141,0.112687,0.117376,8.28412,9.20892
-0.219697,0.164141,0.140474,0.144392,7.52847,8.01682
-0.214646,0.164141,0.14705,0.151172,7.16686,8.27014
-0.209596,0.164141,0.173765,0.178128,7.31383,8.67247
-0.204545,0.164141,0.17632,0.180006,6.59808,7.42078
-0.199495,0.164141,0.183849,0.187382,6.28471,7.42078
-0.194444,0.164141,0.215866,0.218943,5.99692,6.31809
-0.189394,0.164141,0.28364,0.286832,5.76469,6.57141
-0.184343,0.164141,0.289626,0.292733,5.44089,6.31809
-0.179293,0.164141,0.31166,0.314996,5.60591,6.3926
-0.174242,0.164141,0.408698,0.412241,6.19434,7.12275
-0.169192,0.164141,0.413706,0.417113,6.05839,7.00354
-0.164141,0.164141,0.449136,0.452757,6.54687,7.15256
-0.159091,0.164141,0.486878,0.49071,7.04768,7.94232
-0.15404,0.164141,0.546401,0.550449,7.61434,7.83801
-0.14899,0.164141,0.611653,0.615776,8.02275,8.37445
-0.143939,0.164141,0.681238,0.685856,8.25573,9.17911
-0.138889,0.164141,0.714878,0.719204,8.19343,8.71718
-0.133838,0.164141,0.762694,0.767484,8.44449,9.71556
-0.128788,0.164141,0.767953,0.772431,8.1886,9.08971
-0.123737,0.164141,0.819281,0.824109,8.57591,9.56654
-0.118687,0.164141,0.893534,0.898361,8.95786,9.56654
-0.113636,0.164141,0.911635,0.916615,8.66421,10.0732
-0.108586,0.164141,0.90307,0.907674,8.10793,9.14931
-0.103535,0.164141,1.00649,1.01079,8.45151,8.71718
-0.0984849,0.164141,1.06604,1.07053,8.39916,8.87364
-0.0934343,0.164141,1.05607,1.06063,8.19052,9.17911
-0.0883838,0.164141,1.11884,1.12316,8.09682,8.56817
-0.0833333,0.164141,1.11986,1.12387,7.3521,8.12113
-0.0782828,0.164141,1.22014,1.22412,7.16969,7.91252
-0.0732323,0.164141,1.20528,1.20891,6.93901,7.36117
-0.0681818,0.164141,1.24695,1.25032,6.35309,6.79493
-0.0631313,0.164141,1.27188,1.27525,6.36139,6.95139
-0.0580808,0.164141,1.24067,1.24372,5.83646,6.21378
-0.0530303,0.164141,1.27939,1.28251,5.78341,6.35907
-0.0479798,0.164141,1.39397,1.39699,5.56135,6.0983
-0.0429293,0.164141,1.41909,1.42192,5.27507,5.7444
-0.0378788,0.164141,1.46963,1.47222,4.7232,5.22658
-0.0328283,0.164141,1.47132,1.47383,4.73475,5.0962
-0.0277778,0.164141,1.45114,1.45359,4.49721,4.98071
-0.0227273,0.164141,1.36273,1.36468,3.53036,3.93391
-0.0176768,0.164141,1.38646,1.38807,2.97691,3.26149
-0.0126263,0.164141,1.36931,1.37083,2.81346,3.06405
-0.00757576,0.164141,1.39813,1.39916,1.96791,2.12667
-0.00252525,0.164141,1.3151,1.31573,1.12809,1.27964
0.00252525,0.164141,1.27658,1.27689,0.492806,0.622123
0.00757576,0.164141,1.24948,1.2496,0.272983,0.301748
0.0126263,0.164141,1.24266,1.24243,-0.465129,-0.409782
0.0176768,0.164141,1.23306,1.23258,-0.86838,-0.916421
0.0227273,0.164141,1.26594,1.26541,-1.14689,-1.06916
0.0277778,0.164141,1.18277,1.18186,-1.81432,-1.87755
0.0328283,0.164141,1.18007,1.17877,-2.42277,-2.55182
0.0378788,0.164141,1.1527,1.15138,-2.53221,-2.50712
0.0429293,0.164141,1.17403,1.17246,-2.82875,-3.06219
0.0479798,0.164141,1.0516,1.04973,-3.51434,-3.82215
0.0530303,0.164141,1.06272,1.06049,-4.11249,-4.4629
0.0580808,0.164141,1.07043,1.06827,-4.30688,-4.23938
0.0631313,0.164141,1.00061,0.998296,-4.40046,-4.73112
0.0681818,0.164141,0.967719,0.965305,-4.44222,-4.84288
0.0732323,0.164141,0.8609,0.858463,-4.69163,-5.02169
0.0782828,0.164141,0.88877,0.885926,-5.42744,-5.78165
0.0833333,0.164141,0.833722,0.830628,-5.87673,-6.49691
0.0883838,0.164141,0.822406,0.819005,-6.30786,-6.96629
0.0934343,0.164141,0.824507,0.82095,-6.50925,-7.16001
0.0984849,0.164141,0.74702,0.743546,-6.37498,-6.98864
0.103535,0.164141,0.632587,0.629187,-6.43788,-6.70552
0.108586,0.164141,0.639695,0.635847,-6.92132,-7.7188
0.113636,0.164141,0.564313,0.56082,-6.63802,-7.06315
0.118687,0.164141,0.563066,0.55939,-6.64303,-7.21216
0.123737,0.164141,0.56767,0.563845,-6.88243,-7.51018
0.128788,0.164141,0.56417,0.560343,-7.07324,-7.58469
0.133838,0.164141,0.506483,0.502631,-7.14431,-7.7188
0.138889,0.164141,0.469267,0.465438,-6.9112,-7.56979
0.143939,0.164141,0.41637,0.412986,-6.56423,-6.82473
0.14899,0.164141,0.402997,0.399217,-7.10786,-7.64429
0.15404,0.164141,0.380625,0.37691,-6.9204,-7.77841
0.159091,0.164141,0.379528,0.375852,-6.92308,-7.30157
0.164141,0.164141,0.298068,0.294402,-6.50833,-7.37607
0.169192,0.164141,0.297687,0.29397,-6.52248,-7.34627
0.174242,0.164141,0.249038,0.245675,-6.52215,-6.79493
0.179293,0.164141,0.2342,0.230879,-6.31419,-6.4075
0.184343,0.164141,0.161706,0.158355,-6.19658,-6.69062
0.189394,0.164141,0.14728,0.143871,-6.40875,-6.95884
0.194444,0.164141,0.126988,0.124052,-6.21716,-5.91576
0.199495,0.164141,0.0898867,0.086844,-5.79973,-6.21378
0.204545,0.164141,0.0506911,0.0476986,-5.66244,-6.07967
0.209596,0.164141,0.0438652,0.0407249,-5.53749,-6.15418
0.214646,0.164141,0.0268914,0.0239164,-5.68625,-5.88596
0.219697,0.164141,-0.00204906,-0.0050813,-5.72614,-6.15418
0.224747,0.164141,-0.0199099,-0.0228286,-5.56301,-5.66244
0.229798,0.164141,-0.0436237,-0.0467002,-5.22405,-6.22868
0.234848,0.164141,-0.0579775,-0.0606328,-5.08214,-5.2005
0.239899,0.164141,-0.0688754,-0.0718683,-5.24786,-5.64754
0.244949,0.164141,-0.0712475,-0.0741333,-5.83743,-5.60284
0.25,0.164141,-0.118723,-0.122339,-6.50056,-7.13766
-0.25,0.169192,-0.200297,-0.190645,17.8682,18.8947
-0.244949,0.169192,-0.0965732,-0.089243,13.1661,14.6627
-0.239899,0.169192,-0.0235397,-0.0169724,11.6372,13.262
-0.234848,0.169192,0.0313157,0.0372082,10.1969,12.0848
-0.229798,0.169192,0.0836718,0.0886917,8.60798,9.79006
-0.224747,0.169192,0.126616,0.131294,8.01627,9.70065
-0.219697,0.169192,0.145291,0.14925,7.2364,7.7188
-0.214646,0.169192,0.150638,0.154257,6.94484,7.31647
-0.209596,0.169192,0.185923,0.189334,6.85647,6.98864
-0.204545,0.169192,0.179328,0.182703,6.30994,6.69062
-0.199495,0.169192,0.186695,0.189677,6.0279,6.19888
-0.194444,0.169192,0.217159,0.220597,5.7377,6.4224
-0.189394,0.169192,0.324567,0.327781,5.58753,6.54161
-0.184343,0.169192,0.33064,0.333711,5.33887,6.22868
-0.179293,0.169192,0.378378,0.381663,5.73715,6.4671
-0.174242,0.169192,0.476608,0.480443,6.41969,7.6592
-0.169192,0.169192,0.481132,0.48469,6.25067,6.94394
-0.164141,0.169192,0.51529,0.518799,6.8329,7.19726
-0.159091,0.169192,0.551449,0.555187,7.2873,7.89761
-0.15404,0.169192,0.612458,0.616342,7.90909,8.06153
-0.14899,0.169192,0.675607,0.680104,8.29282,8.9854
-0.143939,0.169192,0.738059,0.74254,8.63912,9.0003
-0.138889,0.169192,0.772046,0.776634,8.58995,9.50694
-0.133838,0.169192,0.820865,0.825733,8.84913,9.65595
-0.128788,0.169192,0.824255,0.828907,8.59857,9.14931
-0.123737,0.169192,0.876014,0.881076,8.98603,10.2818
-0.118687,0.169192,0.950455,0.955373,9.38631,9.92417
-0.113636,0.169192,0.966195,0.971168,9.10238,10.0136
-0.108586,0.169192,0.958292,0.963539,8.68627,10.2222
-0.103535,0.169192,1.06282,1.06774,9.02476,9.86457
-0.0984849,0.169192,1.12205,1.12697,8.97571,9.93907
-0.0934343,0.169192,1.10997,1.11479,8.78265,9.41008
-0.0883838,0.169192,1.17239,1.17726,8.68105,9.90182
-0.0833333,0.169192,1.17345,1.17798,7.93959,8.91089
-0.0782828,0.169192,1.27519,1.27937,7.75396,8.37445
-0.0732323,0.169192,1.26139,1.26549,7.51055,8.27759
-0.0681818,0.169192,1.30273,1.30648,6.92958,7.59214
-0.0631313,0.169192,1.32841,1.33206,6.94415,7.39097
-0.0580808,0.169192,1.29648,1.29996,6.41809,6.95884
-0.0530303,0.169192,1.33503,1.33848,6.36213,6.95139
-0.0479798,0.169192,1.44811,1.4513,6.14468,6.47455
-0.0429293,0.169192,1.47235,1.47549,5.8626,6.42613
-0.0378788,0.169192,1.47425,1.47697,5.09777,5.52088
-0.0328283,0.169192,1.47557,1.47829,5.11444,5.5097
-0.0277778,0.169192,1.42632,1.42879,4.59681,5.03659
-0.0227273,0.169192,1.33858,1.34052,3.61987,3.90783
-0.0176768,0.169192,1.34198,1.34374,3.19398,3.55393
-0.0126263,0.169192,1.32443,1.32606,3.03629,3.28012
-0.00757576,0.169192,1.35307,1.35422,2.19229,2.36137
-0.00252525,0.169192,1.25369,1.2545,1.4922,1.6503
0.00252525,0.169192,1.21425,1.21474,0.858736,0.998378
0.00757576,0.169192,1.18674,1.18706,0.639063,0.688247
0.0126263,0.169192,1.17961,1.17959,-0.0901433,-0.0428408
0.0176768,0.169192,1.16969,1.16942,-0.49363,-0.517815
0.0227273,0.169192,1.20355,1.2031,-0.772759,-0.834465
0.0277778,0.169192,1.15184,1.15088,-1.72004,-1.89617
0.0328283,0.169192,1.14942,1.14813,-2.32939,-2.48104
0.0378788,0.169192,1.12191,1.12061,-2.43962,-2.55555
0.0429293,0.169192,1.14263,1.14114,-2.72815,-2.89083
0.0479798,0.169192,1.04638,1.04439,-3.71531,-3.94136
0.0530303,0.169192,1.05712,1.05481,-4.30833,-4.65661
0.0580808,0.169192,1.06572,1.06327,-4.50725,-4.82053
0.0631313,0.169192,0.996186,0.993751,-4.60232,-4.98444
0.0681818,0.169192,0.963268,0.960804,-4.6425,-5.00679
0.0732323,0.169192,0.85664,0.853985,-4.89183,-5.1856
0.0782828,0.169192,0.884355,0.881173,-5.63339,-6.31064
0.0833333,0.169192,0.827596,0.824362,-6.07159,-6.44475
0.0883838,0.169192,0.815827,0.812307,-6.49961,-7.21216
0.0934343,0.169192,0.818066,0.814512,-6.70133,-7.27177
0.0984849,0.169192,0.740503,0.736937,-6.56396,-7.03335
0.103535,0.169192,0.627913,0.62421,-6.63133,-7.40588
0.108586,0.169192,0.634582,0.630885,-7.11639,-7.46548
0.113636,0.169192,0.581544,0.577688,-6.91639,-7.48038
0.118687,0.169192,0.580037,0.576183,-6.9158,-7.52509
0.123737,0.169192,0.584947,0.581205,-7.15386,-7.48038
0.128788,0.169192,0.581206,0.577301,-7.34142,-7.88271
0.133838,0.169192,0.543979,0.539973,-7.54325,-7.89761
0.138889,0.169192,0.506584,0.502378,-7.30415,-8.19564
0.143939,0.169192,0.472585,0.468552,-7.10368,-8.07643
0.14899,0.169192,0.459705,0.455439,-7.64815,-8.62777
0.15404,0.169192,0.437809,0.433862,-7.46324,-7.89761
0.159091,0.169192,0.437401,0.433281,-7.45725,-8.37445
0.164141,0.169192,0.355655,0.351846,-7.04949,-7.61449
0.169192,0.169192,0.355148,0.351548,-7.05541,-7.22706
0.174242,0.169192,0.306731,0.302374,-7.03258,-8.50856
0.179293,0.169192,0.261267,0.257716,-6.55456,-7.31647
0.184343,0.169192,0.199324,0.195667,-6.38684,-7.24196
0.189394,0.169192,0.185159,0.181526,-6.60208,-7.24196
0.194444,0.169192,0.152199,0.148445,-6.54448,-7.27177
0.199495,0.169192,0.0894195,0.0863671,-5.8676,-6.15418
0.204545,0.169192,0.0498777,0.0467896,-5.71144,-6.27339
0.209596,0.169192,0.0417882,0.0385493,-5.62061,-6.27339
0.214646,0.169192,0.0275874,0.025019,-5.71321,-5.63264
0.219697,0.169192,-0.0011932,-0.00432134,-5.78912,-5.97537
0.224747,0.169192,-0.0189306,-0.0219345,-5.60973,-5.73695
0.229798,0.169192,-0.0412738,-0.0441521,-5.29571,-5.51343
0.234848,0.169192,-0.0532041,-0.0556856,-5.15355,-5.0962
0.239899,0.169192,-0.0666282,-0.0695586,-5.35009,-5.60284
0.244949,0.169192,-0.0705951,-0.0740588,-5.93925,-6.78003
0.25,0.169192,-0.114111,-0.118092,-6.71041,-7.89761
-0.25,0.174242,-0.199854,-0.1899,17.8411,19.6844
-0.244949,0.174242,-0.0803341,-0.072673,13.3408,15.5717
-0.239899,0.174242,-0.0280599,-0.0216067,11.5253,12.6511
-0.234848,0.174242,0.0339542,0.0394434,10.0565,11.2355
-0.229798,0.174242,0.0929838,0.0976771,8.27203,9.62615
-0.224747,0.174242,0.123501,0.127912,7.76821,8.76188
-0.219697,0.174242,0.159769,0.164151,7.37026,8.56817
-0.214646,0.174242,0.185778,0.189632,6.8353,7.28667
-0.209596,0.174242,0.218246,0.222266,6.77286,8.04663
-0.204545,0.174242,0.212001,0.215411,6.2117,6.72042
-0.199495,0.174242,0.216681,0.220105,6.01481,6.92904
-0.194444,0.174242,0.246627,0.24958,5.59067,6.10948
-0.189394,0.174242,0.352357,0.355706,5.62248,6.58631
-0.184343,0.174242,0.356088,0.359088,5.27835,6.19888
-0.179293,0.174242,0.434753,0.438094,6.04017,6.64592
-0.174242,0.174242,0.532706,0.536501,6.71137,7.7486
-0.169192,0.174242,0.536534,0.54051,6.6314,7.7337
-0.164141,0.174242,0.553347,0.557184,7.00303,7.53999
-0.159091,0.174242,0.589665,0.593916,7.51249,8.38935
-0.15404,0.174242,0.649418,0.653893,8.1146,9.045
-0.14899,0.174242,0.710462,0.715122,8.50697,9.52184
-0.143939,0.174242,0.775031,0.779703,8.8716,9.47714
-0.138889,0.174242,0.808711,0.813603,8.83605,9.71556
-0.133838,0.174242,0.855517,0.860542,9.07471,9.73046
-0.128788,0.174242,0.855197,0.860229,8.97243,9.71556
-0.123737,0.174242,0.905799,0.911251,9.37881,10.7139
-0.118687,0.174242,0.980679,0.985995,9.77673,10.4904
-0.113636,0.174242,0.998801,1.00391,9.47998,10.0881
-0.108586,0.174242,0.990748,0.995561,9.06032,9.83477
-0.103535,0.174242,1.09281,1.09799,9.42408,10.2371
-0.0984849,0.174242,1.15132,1.15608,9.37734,9.49204
-0.0934343,0.174242,1.13914,1.1441,9.17753,10.1179
-0.0883838,0.174242,1.20355,1.20825,9.07584,9.64105
-0.0833333,0.174242,1.20536,1.20998,8.3241,9.19402
-0.0782828,0.174242,1.30763,1.31206,8.14089,8.88109
-0.0732323,0.174242,1.29282,1.29741,7.90499,9.02265
-0.0681818,0.174242,1.31559,1.31942,7.01573,7.80076
-0.0631313,0.174242,1.31626,1.32006,7.05194,7.65175
-0.0580808,0.174242,1.28291,1.28666,6.5294,7.38352
-0.0530303,0.174242,1.32141,1.32496,6.47871,7.0855
-0.0479798,0.174242,1.43467,1.43808,6.26659,6.91414
-0.0429293,0.174242,1.45746,1.46075,5.99119,6.73905
-0.0378788,0.174242,1.46133,1.46415,5.2161,5.71459
-0.0328283,0.174242,1.4625,1.46532,5.22782,5.65872
-0.0277778,0.174242,1.38348,1.38591,4.42436,4.89503
-0.0227273,0.174242,1.29449,1.29635,3.45629,3.75695
-0.0176768,0.174242,1.29895,1.30057,3.02542,3.28571
-0.0126263,0.174242,1.29917,1.30077,3.04371,3.26149
-0.00757576,0.174242,1.32665,1.32784,2.20811,2.3935
-0.00252525,0.174242,1.22616,1.22697,1.50699,1.64937
0.00252525,0.174242,1.18633,1.18681,0.88224,0.989064
0.00757576,0.174242,1.15863,1.159,0.666943,0.764616
0.0126263,0.174242,1.15307,1.15306,-0.0709706,-0.0149012
0.0176768,0.174242,1.14307,1.14281,-0.474992,-0.532716
0.0227273,0.174242,1.17702,1.17659,-0.751452,-0.819564
0.0277778,0.174242,1.12411,1.12318,-1.69388,-1.82539
0.0328283,0.174242,1.12183,1.12065,-2.30393,-2.30223
0.0378788,0.174242,1.09485,1.09368,-2.41626,-2.40654
0.0429293,0.174242,1.11585,1.11441,-2.70519,-2.78279
0.0479798,0.174242,1.0197,1.01776,-3.69081,-3.78489
0.0530303,0.174242,1.03089,1.02863,-4.28628,-4.448
0.0580808,0.174242,1.02974,1.02755,-4.28777,-4.25428
0.0631313,0.174242,0.959465,0.957183,-4.37484,-4.54485
0.0681818,0.174242,0.92604,0.923566,-4.41054,-4.86523
0.0732323,0.174242,0.812774,0.810333,-4.46478,-4.74602
0.0782828,0.174242,0.840297,0.837497,-5.20682,-5.58793
0.0833333,0.174242,0.784351,0.781394,-5.65472,-6.05732
0.0883838,0.174242,0.793396,0.79006,-5.92989,-6.73532
0.0934343,0.174242,0.795157,0.79193,-6.13534,-6.40005
0.0984849,0.174242,0.717469,0.714123,-5.99223,-6.73532
0.103535,0.174242,0.605025,0.601664,-6.05369,-6.69062
0.108586,0.174242,0.612228,0.608653,-6.53338,-7.13766
0.113636,0.174242,0.559594,0.555977,-6.332,-7.10785
0.118687,0.174242,0.557256,0.553802,-6.33165,-7.13766
0.123737,0.174242,0.562364,0.558779,-6.56865,-7.12275
0.128788,0.174242,0.559522,0.556022,-6.75868,-6.85453
0.133838,0.174242,0.52237,0.518605,-6.96358,-7.59959
0.138889,0.174242,0.485702,0.481561,-6.72565,-8.15093
0.143939,0.174242,0.451146,0.447795,-6.5206,-6.83963
0.14899,0.174242,0.438375,0.434369,-7.05933,-8.12113
0.15404,0.174242,0.416293,0.412598,-6.87015,-7.33137
0.159091,0.174242,0.416693,0.412956,-6.86739,-7.51018
0.164141,0.174242,0.335093,0.331581,-6.45031,-6.95884
0.169192,0.174242,0.334719,0.33097,-6.44919,-7.58469
0.174242,0.174242,0.286053,0.282496,-6.4234,-7.09295
0.179293,0.174242,0.240548,0.237331,-5.91994,-6.34789
0.184343,0.174242,0.179136,0.176102,-5.7623,-6.07967
0.189394,0.174242,0.165456,0.162154,-5.96905,-6.79493
0.194444,0.174242,0.133301,0.130072,-5.90475,-6.76513
0.199495,0.174242,0.0708061,0.0679642,-5.23019,-5.69224
0.204545,0.174242,0.0319371,0.0294149,-5.09056,-4.79817
0.209596,0.174242,0.0325538,0.0295639,-5.20897,-5.85616
0.214646,0.174242,0.0175995,0.0151247,-5.29733,-5.1409
0.219697,0.174242,-0.00113925,-0.00378489,-5.49077,-5.28991
0.224747,0.174242,-0.0185006,-0.0215471,-5.32582,-5.85616
0.229798,0.174242,-0.0411872,-0.0438541,-5.06103,-5.48363
0.234848,0.174242,-0.0510797,-0.05427,-5.12724,-5.90086
0.239899,0.174242,-0.0628129,-0.0657737,-5.32438,-5.81145
0.244949,0.174242,-0.0685993,-0.071913,-5.93215,-6.21378
0.25,0.174242,-0.112216,-0.115678,-6.69517,-6.92904
-0.25,0.179293,-0.190014,-0.180274,17.7835,19.3864
-0.244949,0.179293,-0.0580583,-0.0508875,13.3474,14.618
-0.239899,0.179293,-0.00265952,0.00345707,11.4238,12.5319
-0.234848,0.179293,0.0577107,0.0630915,9.79591,10.7139
-0.229798,0.179293,0.11609,0.120535,8.01048,8.71718
-0.224747,0.179293,0.133222,0.137329,7.50103,8.07643
-0.219697,0.179293,0.166823,0.170991,7.19217,8.50856
-0.214646,0.179293,0.202262,0.205219,6.36767,6.04987
-0.209596,0.179293,0.22814,0.231817,6.42408,6.3628
-0.204545,0.179293,0.216107,0.219315,6.00092,6.54161
-0.199495,0.179293,0.22147,0.224411,5.71515,5.91576
-0.194444,0.179293,0.250469,0.253633,5.51103,6.28829
-0.189394,0.179293,0.353995,0.356793,5.29281,5.72205
-0.184343,0.179293,0.35739,0.360429,5.09273,5.78165
-0.179293,0.179293,0.436384,0.43951,5.85972,6.12438
-0.174242,0.179293,0.532945,0.536993,6.61135,8.01682
-0.169192,0.179293,0.535268,0.538647,6.53512,6.83963
-0.164141,0.179293,0.553167,0.557095,6.96061,7.86781
-0.159091,0.179293,0.569713,0.573695,7.26231,8.06153
-0.15404,0.179293,0.628479,0.632733,7.87646,8.61287
-0.14899,0.179293,0.692363,0.697017,8.28837,9.11951
-0.143939,0.179293,0.754637,0.758991,8.6526,8.77678
-0.138889,0.179293,0.789161,0.793904,8.62154,9.38773
-0.133838,0.179293,0.814164,0.818834,8.73173,9.43243
-0.128788,0.179293,0.810939,0.815406,8.63197,8.91089
-0.123737,0.179293,0.841489,0.846401,8.91214,9.71556
-0.118687,0.179293,0.916543,0.921741,9.30167,10.2371
-0.113636,0.179293,0.934171,0.938967,9.02594,9.71556
-0.108586,0.179293,0.92483,0.929668,8.61213,9.50694
-0.103535,0.179293,1.02675,1.03156,8.9688,9.52184
-0.0984849,0.179293,1.10482,1.10982,8.93832,9.68575
-0.0934343,0.179293,1.09525,1.09977,8.72748,9.16421
-0.0883838,0.179293,1.1592,1.16394,8.62404,9.41008
-0.0833333,0.179293,1.16034,1.16459,7.88209,8.41171
-0.0782828,0.179293,1.26421,1.26853,7.69956,8.88854
-0.0732323,0.179293,1.24906,1.25303,7.45805,7.89016
-0.0681818,0.179293,1.27057,1.27419,6.57074,7.16746
-0.0631313,0.179293,1.27064,1.27433,6.61833,7.35372
-0.0580808,0.179293,1.23656,1.23984,6.10529,6.61611
-0.0530303,0.179293,1.27472,1.27796,6.05038,6.54161
-0.0479798,0.179293,1.43375,1.43687,5.75672,6.20261
-0.0429293,0.179293,1.45719,1.46011,5.4718,5.99399
-0.0378788,0.179293,1.4604,1.463,4.70355,5.20423
-0.0328283,0.179293,1.46164,1.46419,4.71634,5.13717
-0.0277778,0.179293,1.38327,1.38532,3.90739,4.12762
-0.0227273,0.179293,1.29444,1.29603,2.93563,3.18885
-0.0176768,0.179293,1.2978,1.29915,2.50746,2.72784
-0.0126263,0.179293,1.29656,1.29793,2.53507,2.77907
-0.00757576,0.179293,1.34191,1.34293,1.88136,2.05403
-0.00252525,0.179293,1.28127,1.28179,0.966905,1.08499
0.00252525,0.179293,1.24304,1.2432,0.337282,0.35949
0.00757576,0.179293,1.21496,1.21503,0.121921,0.143424
0.0126263,0.179293,1.2294,1.22912,-0.458912,-0.495464
0.0176768,0.179293,1.2199,1.21942,-0.862174,-0.908971
0.0227273,0.179293,1.2532,1.25257,-1.13456,-1.23307
0.0277778,0.179293,1.22531,1.22416,-1.96257,-2.15694
0.0328283,0.179293,1.22209,1.22074,-2.5702,-2.63378
0.0378788,0.179293,1.195,1.19356,-2.67903,-2.76417
0.0429293,0.179293,1.21623,1.2147,-2.96802,-3.12924
0.0479798,0.179293,1.11996,1.11791,-3.9482,-4.17232
0.0530303,0.179293,1.11022,1.10788,-4.5508,-4.61191
0.0580808,0.179293,1.10895,1.10639,-4.55246,-5.0813
0.0631313,0.179293,1.03875,1.03633,-4.64351,-4.84288
0.0681818,0.179293,1.0055,1.00285,-4.68558,-5.16325
0.0732323,0.179293,0.892145,0.889569,-4.73853,-5.126
0.0782828,0.179293,0.920506,0.917271,-5.47989,-6.40005
0.0833333,0.179293,0.864724,0.861555,-5.92562,-6.33299
0.0883838,0.179293,0.873747,0.870466,-6.20111,-6.55651
0.0934343,0.179293,0.875366,0.871852,-6.40529,-7.12275
0.0984849,0.179293,0.752219,0.748821,-6.18406,-6.97374
0.103535,0.179293,0.636887,0.633761,-5.89943,-6.10948
0.108586,0.179293,0.644248,0.64072,-6.38466,-7.12275
0.113636,0.179293,0.592408,0.589222,-6.17306,-6.4373
0.118687,0.179293,0.591105,0.587761,-6.17476,-6.66082
0.123737,0.179293,0.596161,0.592753,-6.41276,-6.97374
0.128788,0.179293,0.592758,0.589103,-6.60521,-7.22706
0.133838,0.179293,0.555665,0.552163,-6.80111,-6.98864
0.138889,0.179293,0.518657,0.515282,-6.57453,-6.85453
0.143939,0.179293,0.445958,0.442535,-6.15101,-6.75023
0.14899,0.179293,0.432761,0.428975,-6.68846,-7.27177
0.15404,0.179293,0.41097,0.407562,-6.49276,-6.92904
0.159091,0.179293,0.410787,0.407323,-6.48235,-6.64592
0.164141,0.179293,0.338604,0.335187,-5.97457,-6.67572
0.169192,0.179293,0.338495,0.335082,-5.96373,-6.63102
0.174242,0.179293,0.300512,0.297368,-5.85249,-6.57141
0.179293,0.179293,0.254516,0.251651,-5.34362,-5.63264
0.184343,0.179293,0.193078,0.190273,-5.16232,-5.54323
0.189394,0.179293,0.180201,0.177309,-5.36954,-5.85616
0.194444,0.179293,0.148005,0.145301,-5.31677,-5.42402
0.199495,0.179293,0.0866875,0.0841468,-4.60424,-4.76837
0.204545,0.179293,0.0476387,0.0454336,-4.48963,-4.63426
0.209596,0.179293,0.0337388,0.031054,-4.76085,-5.28991
0.214646,0.179293,0.0173162,0.0147969,-4.89498,-5.23031
0.219697,0.179293,0.000119738,-0.00284612,-5.01636,-5.58793
0.224747,0.179293,-0.0163998,-0.0190586,-4.86794,-5.23031
0.229798,0.179293,-0.0394579,-0.0417829,-4.61319,-4.63426
0.234848,0.179293,-0.0481078,-0.0505149,-4.71871,-5.0813
0.239899,0.179293,-0.0598496,-0.0625849,-4.89473,-5.1111
0.244949,0.179293,-0.0678775,-0.0708848,-5.52991,-6.13928
0.25,0.179293,-0.106964,-0.110298,-6.40809,-6.64592
-0.25,0.184343,-0.145104,-0.134483,18.1725,21.0255
-0.244949,0.184343,-0.0133649,-0.00610948,13.5188,14.7969
-0.239899,0.184343,0.0383998,0.0449866,11.4612,12.8895
-0.234848,0.184343,0.101678,0.107095,9.68334,10.2222
-0.229798,0.184343,0.148592,0.152946,7.96689,8.31485
-0.224747,0.184343,0.164928,0.168711,7.49,7.7188
-0.219697,0.184343,0.204844,0.208542,6.99541,7.25686
-0.214646,0.184343,0.234252,0.237271,6.28585,6.3628
-0.209596,0.184343,0.258626,0.262022,6.3161,7.21216
-0.204545,0.184343,0.244315,0.247881,5.87625,6.83963
-0.199495,0.184343,0.234158,0.237539,5.74376,6.52671
-0.194444,0.184343,0.261144,0.264168,5.36096,6.28829
-0.189394,0.184343,0.363691,0.366449,5.3531,5.81145
-0.184343,0.184343,0.367723,0.370666,5.17351,5.97537
-0.179293,0.184343,0.47703,0.480697,6.31476,7.10785
-0.174242,0.184343,0.571586,0.575304,7.06823,7.16746
-0.169192,0.184343,0.574661,0.578687,7.02532,8.13603
-0.164141,0.184343,0.589668,0.593677,7.42475,8.19564
-0.159091,0.184343,0.60555,0.610009,7.7429,8.64267
-0.15404,0.184343,0.666997,0.671729,8.38439,9.26852
-0.14899,0.184343,0.727804,0.732779,8.79139,9.89437
-0.143939,0.184343,0.791274,0.796243,9.16863,9.80496
-0.138889,0.184343,0.82412,0.828966,9.15911,9.86457
-0.133838,0.184343,0.849181,0.854135,9.27048,9.84967
-0.128788,0.184343,0.84895,0.853851,9.15169,10.1924
-0.123737,0.184343,0.921415,0.926614,9.61801,10.4308
-0.118687,0.184343,0.993486,0.999078,10.0201,11.0865
-0.113636,0.184343,1.00165,1.00678,9.46176,10.252
-0.108586,0.184343,0.992766,0.998035,9.05084,10.4904
-0.103535,0.184343,1.09761,1.10264,9.38764,10.2222
-0.0984849,0.184343,1.17675,1.18172,9.35692,9.93907
-0.0934343,0.184343,1.16633,1.17134,9.15587,10.4308
-0.0883838,0.184343,1.20416,1.20899,9.00943,9.74536
-0.0833333,0.184343,1.20533,1.20974,8.26323,8.82894
-0.0782828,0.184343,1.30794,1.31241,8.08866,8.87364
-0.0732323,0.184343,1.29241,1.29661,7.85131,8.48621
-0.0681818,0.184343,1.31277,1.31649,6.97722,7.49528
-0.0631313,0.184343,1.31294,1.31666,7.02406,7.35372
-0.0580808,0.184343,1.28146,1.28486,6.49197,6.89924
-0.0530303,0.184343,1.31894,1.32228,6.44334,6.75023
-0.0479798,0.184343,1.4776,1.48103,6.15592,6.79493
-0.0429293,0.184343,1.50273,1.50579,5.866,6.18398
-0.0378788,0.184343,1.48011,1.48289,5.1838,5.63636
-0.0328283,0.184343,1.48094,1.48373,5.19763,5.66617
-0.0277778,0.184343,1.36913,1.37136,4.12265,4.5523
-0.0227273,0.184343,1.28074,1.28245,3.15106,3.44217
-0.0176768,0.184343,1.28488,1.28635,2.71589,2.96812
-0.0126263,0.184343,1.28402,1.28552,2.73848,3.00817
-0.00757576,0.184343,1.33009,1.3312,2.08278,2.23564
-0.00252525,0.184343,1.26809,1.26871,1.17698,1.28802
0.00252525,0.184343,1.2291,1.22939,0.544837,0.64075
0.00757576,0.184343,1.20104,1.20119,0.329794,0.355765
0.0126263,0.184343,1.19711,1.19708,-0.062077,-0.00186264
0.0176768,0.184343,1.18792,1.18766,-0.46589,-0.458211
0.0227273,0.184343,1.17975,1.17927,-0.914206,-0.908971
0.0277778,0.184343,1.15115,1.15022,-1.7316,-1.79931
0.0328283,0.184343,1.14829,1.14701,-2.33431,-2.46242
0.0378788,0.184343,1.12035,1.11908,-2.43717,-2.55927
0.0429293,0.184343,1.14112,1.13964,-2.72558,-2.83495
0.0479798,0.184343,1.04553,1.04342,-3.71263,-4.03821
0.0530303,0.184343,1.03665,1.03451,-4.32291,-4.32879
0.0580808,0.184343,1.03571,1.03331,-4.32082,-4.86523
0.0631313,0.184343,0.992475,0.990145,-4.37352,-4.74602
0.0681818,0.184343,0.958777,0.956334,-4.40656,-4.85033
0.0732323,0.184343,0.845055,0.842698,-4.46205,-4.66406
0.0782828,0.184343,0.873128,0.870161,-5.20439,-5.96046
0.0833333,0.184343,0.817551,0.814371,-5.64858,-6.33299
0.0883838,0.184343,0.827629,0.824496,-5.9316,-6.38515
0.0934343,0.184343,0.829583,0.826321,-6.13527,-6.58631
0.0984849,0.184343,0.706792,0.70373,-5.91558,-6.23614
0.103535,0.184343,0.602936,0.599802,-5.93092,-6.09457
0.108586,0.184343,0.609072,0.605598,-6.41345,-7.00354
0.113636,0.184343,0.591307,0.587776,-6.58551,-7.16746
0.118687,0.184343,0.590783,0.58727,-6.58313,-6.78003
0.123737,0.184343,0.595532,0.59174,-6.81032,-7.34627
0.128788,0.184343,0.5927,0.588819,-7.0003,-7.7635
0.133838,0.184343,0.555894,0.55179,-7.19781,-7.98702
0.138889,0.184343,0.518433,0.514925,-6.97073,-7.30157
0.143939,0.184343,0.44588,0.441968,-6.54172,-7.7635
0.14899,0.184343,0.439906,0.436231,-6.96924,-7.55489
0.15404,0.184343,0.418415,0.414371,-6.7719,-7.79331
0.159091,0.184343,0.417874,0.414282,-6.7557,-7.18236
0.164141,0.184343,0.364375,0.36104,-6.4263,-6.83963
0.169192,0.184343,0.365405,0.361875,-6.42753,-6.80983
0.174242,0.184343,0.327325,0.323951,-6.2932,-6.89924
0.179293,0.184343,0.281527,0.278369,-5.78402,-6.28829
0.184343,0.184343,0.220315,0.217333,-5.5922,-5.99027
0.189394,0.184343,0.207609,0.204325,-5.7779,-6.76513
0.194444,0.184343,0.175652,0.172332,-5.72968,-6.28829
0.199495,0.184343,0.114537,0.111923,-5.02212,-5.1111
0.204545,0.184343,0.0764276,0.0738651,-4.87478,-5.00679
0.209596,0.184343,0.0623767,0.0592619,-5.16333,-6.06477
0.214646,0.184343,0.0474059,0.0441223,-5.30155,-6.55651
0.219697,0.184343,0.0285638,0.025183,-5.45743,-6.91414
0.224747,0.184343,0.0144653,0.0116676,-5.2191,-5.45382
0.229798,0.184343,-0.00816048,-0.0109226,-4.95865,-5.27501
0.234848,0.184343,-0.0159228,-0.0185221,-5.11762,-5.46873
0.239899,0.184343,-0.0274468,-0.0305027,-5.33487,-5.90086
0.244949,0.184343,-0.0349414,-0.037834,-6.01017,-5.81145
0.25,0.184343,-0.0858383,-0.0890791,-6.62833,-6.30319
-0.25,0.189394,-0.128947,-0.11833,18.5665,20.3252
-0.244949,0.189394,-0.0200799,-0.0129044,13.5555,14.4541
-0.239899,0.189394,0.050848,0.0568479,11.3054,12.2041
-0.234848,0.189394,0.113657,0.119433,9.44634,11.3994
-0.229798,0.189394,0.143081,0.14703,7.7477,8.01682
-0.224747,0.189394,0.176144,0.180155,7.26728,7.92742
-0.219697,0.189394,0.220579,0.224486,6.55011,7.86781
-0.214646,0.189394,0.245295,0.249252,5.93506,7.77841
-0.209596,0.189394,0.266158,0.270069,6.0354,7.56979
-0.204545,0.189394,0.250384,0.253111,5.56377,5.88596
-0.199495,0.189394,0.238646,0.241771,5.40277,5.72205
-0.194444,0.189394,0.25148,0.254393,4.95457,6.06477
-0.189394,0.189394,0.353589,0.356391,4.93146,6.00517
-0.184343,0.189394,0.35656,0.359446,4.87461,5.70714
-0.179293,0.189394,0.46477,0.467822,6.03371,6.07967
-0.174242,0.189394,0.559946,0.563934,6.82987,7.98702
-0.169192,0.189394,0.559134,0.563055,6.7345,7.7635
-0.164141,0.189394,0.575149,0.579327,7.16458,8.24034
-0.159091,0.189394,0.591794,0.596076,7.52167,8.29995
-0.15404,0.189394,0.65094,0.655517,8.14312,9.17911
-0.14899,0.189394,0.714535,0.719115,8.58093,9.20892
-0.143939,0.189394,0.772735,0.777721,8.97453,9.92417
-0.138889,0.189394,0.809866,0.814661,8.9559,9.65595
-0.133838,0.189394,0.836317,0.841379,9.05916,10.252
-0.128788,0.189394,0.833745,0.838563,8.97851,9.68575
-0.123737,0.189394,0.904099,0.908881,9.44831,9.56654
-0.118687,0.189394,0.977058,0.982404,9.85127,10.8182
-0.113636,0.189394,0.988053,0.993073,9.27034,10.0881
-0.108586,0.189394,1.02407,1.02887,8.97852,9.80496
-0.103535,0.189394,1.12752,1.13297,9.32411,10.7437
-0.0984849,0.189394,1.20818,1.21312,9.29032,9.86457
-0.0934343,0.189394,1.19716,1.2024,9.08647,10.2967
-0.0883838,0.189394,1.2342,1.23902,8.94828,9.58145
-0.0833333,0.189394,1.27985,1.28415,8.23839,8.73953
-0.0782828,0.189394,1.38176,1.3862,8.07615,8.80659
-0.0732323,0.189394,1.36782,1.37191,7.83397,8.18819
-0.0681818,0.189394,1.38961,1.39339,6.943,7.54744
-0.0631313,0.189394,1.38891,1.39286,6.99824,7.86036
-0.0580808,0.189394,1.35731,1.36084,6.46514,7.12275
-0.0530303,0.189394,1.39655,1.40001,6.40907,6.92904
-0.0479798,0.189394,1.55471,1.55809,6.11802,6.72787
-0.0429293,0.189394,1.59114,1.59441,6.05942,6.58631
-0.0378788,0.189394,1.56823,1.57114,5.38107,5.82635
-0.0328283,0.189394,1.56891,1.57187,5.39807,5.91203
-0.0277778,0.189394,1.45878,1.46109,4.31474,4.70877
-0.0227273,0.189394,1.37057,1.37236,3.34376,3.62657
-0.0176768,0.189394,1.37364,1.37521,2.91657,3.16836
-0.0126263,0.189394,1.41384,1.41531,2.75424,2.97278
-0.00757576,0.189394,1.45958,1.4607,2.09978,2.29944
-0.00252525,0.189394,1.39864,1.39929,1.19005,1.31782
0.00252525,0.189394,1.338,1.3384,0.742364,0.827014
0.00757576,0.189394,1.3106,1.31089,0.521188,0.597909
0.0126263,0.189394,1.30447,1.30453,0.142128,0.178814
0.0176768,0.189394,1.29434,1.29422,-0.257257,-0.223517
0.0227273,0.189394,1.28622,1.28581,-0.702095,-0.748783
0.0277778,0.189394,1.24111,1.24049,-1.31017,-1.27405
0.0328283,0.189394,1.23875,1.23772,-1.91678,-1.9893
0.0378788,0.189394,1.1662,1.16495,-2.14922,-2.41026
0.0429293,0.189394,1.24645,1.24479,-3.01417,-3.2708
0.0479798,0.189394,1.1514,1.1492,-3.99849,-4.37349
0.0530303,0.189394,1.14175,1.13938,-4.60529,-4.86523
0.0580808,0.189394,1.14102,1.13862,-4.60443,-4.79817
0.0631313,0.189394,1.09798,1.09524,-4.65782,-5.37932
0.0681818,0.189394,1.01844,1.01592,-4.72597,-5.07384
0.0732323,0.189394,0.905234,0.902653,-4.78352,-5.02914
0.0782828,0.189394,0.93352,0.930533,-5.52344,-6.04987
0.0833333,0.189394,0.877805,0.874691,-5.97433,-6.11693
0.0883838,0.189394,0.887146,0.883669,-6.25336,-6.80983
0.0934343,0.189394,0.88952,0.885904,-6.45705,-7.34627
0.0984849,0.189394,0.766789,0.763327,-6.23614,-6.88434
0.103535,0.189394,0.663017,0.659645,-6.25059,-6.69062
0.108586,0.189394,0.668956,0.665158,-6.73199,-7.51018
0.113636,0.189394,0.65101,0.647217,-6.91112,-7.42078
0.118687,0.189394,0.649264,0.645608,-6.90992,-7.34627
0.123737,0.189394,0.65483,0.651091,-7.14164,-7.40588
0.128788,0.189394,0.652409,0.648424,-7.32712,-7.7635
0.133838,0.189394,0.573858,0.56991,-7.33469,-7.83801
0.138889,0.189394,0.537381,0.533521,-7.11044,-7.7337
0.143939,0.189394,0.464252,0.460371,-6.68478,-7.49528
0.14899,0.189394,0.458779,0.455156,-7.10626,-7.36117
0.15404,0.189394,0.458759,0.454962,-7.09243,-7.52509
0.159091,0.189394,0.458654,0.454664,-7.08667,-7.89761
0.164141,0.189394,0.404936,0.401184,-6.74992,-7.45058
0.169192,0.189394,0.405559,0.402078,-6.73292,-7.21216
0.174242,0.189394,0.368409,0.3649,-6.62126,-7.00354
0.179293,0.189394,0.339432,0.335813,-6.30141,-6.86943
0.184343,0.189394,0.278371,0.275135,-6.09226,-6.482
0.189394,0.189394,0.236205,0.233293,-5.9912,-6.10948
0.194444,0.189394,0.175532,0.1726,-5.61235,-6.13928
0.199495,0.189394,0.114166,0.111803,-4.93153,-4.82798
0.204545,0.189394,0.0761666,0.0735521,-4.79232,-5.28991
0.209596,0.189394,0.0631634,0.0602156,-5.034,-5.61774
0.214646,0.189394,0.0476992,0.0451058,-5.21675,-5.28991
0.219697,0.189394,0.0294181,0.0265986,-5.41493,-5.57303
0.224747,0.189394,0.0167768,0.0139773,-5.09996,-5.42402
0.229798,0.189394,-0.00458026,-0.00748038,-4.84394,-5.26011
0.234848,0.189394,-0.0141302,-0.0171214,-5.04242,-5.52833
0.239899,0.189394,-0.0233037,-0.0258684,-5.309,-5.43892
0.244949,0.189394,-0.0313682,-0.0345856,-5.98084,-6.24359
0.25,0.189394,-0.08435,-0.0879168,-6.61774,-7.00354
-0.25,0.194444,-0.0580711,-0.0476539,18.5698,20.6232
-0.244949,0.194444,0.0468804,0.0536442,13.193,13.6197
-0.239899,0.194444,0.102681,0.108063,10.8218,11.1312
-0.234848,0.194444,0.164765,0.169307,8.85898,9.25362
-0.229798,0.194444,0.188853,0.193626,7.28641,9.0152
-0.224747,0.194444,0.236251,0.239789,6.28245,7.22706
-0.219697,0.194444,0.253433,0.256777,5.8304,6.51181
-0.214646,0.194444,0.272558,0.275776,5.33292,6.09457
-0.209596,0.194444,0.292111,0.29546,5.34275,6.49691
-0.204545,0.194444,0.275869,0.278637,4.94852,5.37932
-0.199495,0.194444,0.260905,0.263527,4.87475,4.99189
-0.194444,0.194444,0.273975,0.276223,4.46619,4.66406
-0.189394,0.194444,0.361803,0.364438,4.67623,5.30481
-0.184343,0.194444,0.361877,0.36481,4.61872,5.87106
-0.179293,0.194444,0.471293,0.474304,5.81293,6.28829
-0.174242,0.194444,0.561337,0.564769,6.58634,7.00354
-0.169192,0.194444,0.564616,0.568241,6.55791,7.62939
-0.164141,0.194444,0.579205,0.583231,6.97497,8.03172
-0.159091,0.194444,0.596224,0.600144,7.34562,7.56979
-0.15404,0.194444,0.652074,0.65662,8.0027,9.17911
-0.14899,0.194444,0.715041,0.719368,8.44765,9.0152
-0.143939,0.194444,0.777888,0.782758,8.81781,9.77516
-0.138889,0.194444,0.807892,0.812665,8.96964,9.44734
-0.133838,0.194444,0.832505,0.837386,9.10288,10.1328
-0.128788,0.194444,0.82887,0.833869,9.0117,9.81986
-0.123737,0.194444,0.901414,0.906646,9.46551,10.5798
-0.118687,0.194444,0.976372,0.981316,9.85239,9.92417
-0.113636,0.194444,0.959042,0.963956,9.17391,9.86457
-0.108586,0.194444,0.997401,1.00245,8.87929,10.1179
-0.103535,0.194444,1.07109,1.0758,9.14321,9.41753
-0.0984849,0.194444,1.15101,1.15609,9.11105,10.1179
-0.0934343,0.194444,1.1388,1.14368,8.91624,9.80496
-0.0883838,0.194444,1.175,1.17976,8.78814,9.70065
-0.0833333,0.194444,1.22285,1.22721,8.06824,8.62032
-0.0782828,0.194444,1.32535,1.32976,7.89699,8.79913
-0.0732323,0.194444,1.31096,1.31509,7.65975,8.3223
-0.0681818,0.194444,1.33308,1.33675,6.76816,7.34627
-0.0631313,0.194444,1.33298,1.33658,6.81066,7.18981
-0.0580808,0.194444,1.30081,1.3043,6.28162,7.06315
-0.0530303,0.194444,1.33875,1.34207,6.23879,6.55651
-0.0479798,0.194444,1.49669,1.49997,5.94512,6.67572
-0.0429293,0.194444,1.53487,1.53811,5.87828,6.57886
-0.0378788,0.194444,1.48548,1.48825,5.30019,5.54323
-0.0328283,0.194444,1.48535,1.48825,5.32059,5.88968
-0.0277778,0.194444,1.3756,1.37788,4.23656,4.57466
-0.0227273,0.194444,1.28647,1.28823,3.26735,3.57814
-0.0176768,0.194444,1.29082,1.29235,2.83634,3.08268
-0.0126263,0.194444,1.33098,1.33241,2.67252,2.90107
-0.00757576,0.194444,1.37623,1.37731,2.02412,2.21515
-0.00252525,0.194444,1.31437,1.31496,1.12962,1.21631
0.00252525,0.194444,1.25404,1.2544,0.677201,0.73947
0.00757576,0.194444,1.22482,1.22504,0.463861,0.48615
0.0126263,0.194444,1.22048,1.22054,0.0719108,0.145286
0.0176768,0.194444,1.21024,1.21005,-0.330727,-0.335276
0.0227273,0.194444,1.20262,1.20217,-0.781541,-0.83819
0.0277778,0.194444,1.15777,1.15698,-1.39103,-1.52364
0.0328283,0.194444,1.13778,1.13678,-1.76994,-1.8999
0.0378788,0.194444,1.09367,1.09265,-1.89184,-1.95205
0.0429293,0.194444,1.17293,1.1714,-2.75407,-2.97278
0.0479798,0.194444,1.10628,1.10426,-3.65893,-3.88175
0.0530303,0.194444,1.08509,1.08288,-4.04827,-4.42564
0.0580808,0.194444,1.0849,1.08265,-4.04715,-4.55975
0.0631313,0.194444,1.04186,1.03982,-4.09706,-4.10527
0.0681818,0.194444,0.962639,0.960357,-4.16691,-4.48525
0.0732323,0.194444,0.870068,0.867747,-4.52592,-4.63426
0.0782828,0.194444,0.897892,0.895128,-5.26637,-5.61774
0.0833333,0.194444,0.842014,0.838861,-5.71547,-6.35534
0.0883838,0.194444,0.851828,0.848502,-5.99241,-6.51181
0.0934343,0.194444,0.853942,0.850528,-6.19628,-6.73532
0.0984849,0.194444,0.731251,0.728056,-5.97709,-6.61611
0.103535,0.194444,0.627236,0.624225,-5.99669,-6.33299
0.108586,0.194444,0.634128,0.630736,-6.47148,-7.19726
0.113636,0.194444,0.642712,0.639185,-6.75375,-7.04825
0.118687,0.194444,0.640873,0.637487,-6.75296,-6.98864
0.123737,0.194444,0.646193,0.642493,-6.98946,-7.53999
0.128788,0.194444,0.64291,0.638977,-7.17967,-7.83801
0.133838,0.194444,0.564355,0.560224,-7.19677,-8.22544
0.138889,0.194444,0.528411,0.524789,-6.95056,-7.36117
0.143939,0.194444,0.456065,0.452891,-6.51864,-6.4224
0.14899,0.194444,0.450562,0.44702,-6.94938,-7.21216
0.15404,0.194444,0.449993,0.446275,-6.93044,-7.52509
0.159091,0.194444,0.450143,0.446439,-6.91772,-7.52509
0.164141,0.194444,0.396676,0.393152,-6.58396,-6.95884
0.169192,0.194444,0.397241,0.393778,-6.56489,-7.16746
0.174242,0.194444,0.359496,0.355989,-6.43203,-6.95884
0.179293,0.194444,0.331113,0.32784,-6.12533,-6.482
0.184343,0.194444,0.286481,0.283211,-6.12942,-6.482
0.189394,0.194444,0.244443,0.240907,-6.00856,-6.97374
0.194444,0.194444,0.18403,0.181094,-5.62957,-5.67734
0.199495,0.194444,0.136163,0.13338,-5.11597,-5.61774
0.204545,0.194444,0.0980041,0.0952184,-5.01304,-5.57303
0.209596,0.194444,0.0859904,0.0831634,-5.23498,-5.61774
0.214646,0.194444,0.0711799,0.0678748,-5.41171,-6.67572
0.219697,0.194444,0.0531975,0.0502318,-5.61766,-5.99027
0.224747,0.194444,0.0190504,0.0163466,-5.06341,-5.126
0.229798,0.194444,0.00117905,-0.00150502,-4.66105,-5.0962
0.234848,0.194444,-0.00785196,-0.0105649,-4.88035,-5.30481
0.239899,0.194444,-0.0172063,-0.0200421,-5.2509,-5.58793
0.244949,0.194444,-0.0227484,-0.025779,-5.92392,-6.24359
0.25,0.194444,-0.0620774,-0.0656545,-6.61,-6.55651
-0.25,0.199495,-0.0435873,-0.0332147,18.9826,20.9659
-0.244949,0.199495,0.0617829,0.0693798,13.3468,15.3035
-0.239899,0.199495,0.130635,0.13645,10.5823,11.3547
-0.234848,0.199495,0.16492,0.16953,8.83792,9.29832
-0.229798,0.199495,0.189482,0.193715,7.19272,8.28504
-0.224747,0.199495,0.235172,0.238523,6.17098,6.98864
-0.219697,0.199495,0.248232,0.251189,5.80201,5.85616
-0.214646,0.199495,0.266431,0.269458,5.07345,5.94556
-0.209596,0.199495,0.283814,0.28716,5.36558,6.94394
-0.204545,0.199495,0.265243,0.267893,4.95984,5.42402
-0.199495,0.199495,0.248768,0.252143,4.92215,6.4522
-0.194444,0.199495,0.26134,0.263959,4.69972,5.0813
-0.189394,0.199495,0.346307,0.349298,4.94443,5.87106
-0.184343,0.199495,0.358355,0.360757,4.73091,5.00679
-0.179293,0.199495,0.494964,0.49831,6.21972,6.30319
-0.174242,0.199495,0.588837,0.592679,7.03622,7.94232
-0.169192,0.199495,0.588924,0.592723,6.98833,7.42078
-0.164141,0.199495,0.603634,0.60755,7.45188,7.91252
-0.159091,0.199495,0.620873,0.62497,7.614,8.37445
-0.15404,0.199495,0.681272,0.685781,8.25405,9.29832
-0.14899,0.199495,0.745471,0.750363,8.70215,10.0881
-0.143939,0.199495,0.805868,0.811025,9.11011,10.3861
-0.138889,0.199495,0.832841,0.83825,9.2632,10.6245
-0.133838,0.199495,0.860461,0.865415,9.38941,10.2371
-0.128788,0.199495,0.859155,0.864461,9.27104,10.6543
-0.123737,0.199495,0.930864,0.9363,9.73229,10.9375
-0.118687,0.199495,1.00774,1.01328,10.1232,10.8778
-0.113636,0.199495,0.988885,0.993952,9.44259,9.99868
-0.108586,0.199495,1.02571,1.0307,9.1554,9.93907
-0.103535,0.199495,1.09893,1.10416,9.43694,10.4159
-0.0984849,0.199495,1.1781,1.18314,9.40919,10.1179
-0.0934343,0.199495,1.16862,1.17347,9.19594,9.59635
-0.0883838,0.199495,1.20441,1.20939,9.0677,9.73046
-0.0833333,0.199495,1.2526,1.25697,8.34601,8.92579
-0.0782828,0.199495,1.35653,1.36096,8.16234,8.76933
-0.0732323,0.199495,1.34154,1.34597,7.92347,8.88854
-0.0681818,0.199495,1.3614,1.36525,7.05478,7.6592
-0.0631313,0.199495,1.36134,1.36505,7.08893,7.42823
-0.0580808,0.199495,1.33055,1.3341,6.55252,7.1004
-0.0530303,0.199495,1.3691,1.37253,6.5028,7.0259
-0.0479798,0.199495,1.52714,1.53047,6.22023,6.79493
-0.0429293,0.199495,1.56418,1.56751,6.15062,6.73532
-0.0378788,0.199495,1.55965,1.56254,5.4516,5.804
-0.0328283,0.199495,1.52851,1.53136,5.18996,5.77792
-0.0277778,0.199495,1.41871,1.42089,4.1015,4.41819
-0.0227273,0.199495,1.32973,1.33142,3.14512,3.39933
-0.0176768,0.199495,1.33314,1.33458,2.72157,2.92808
-0.0126263,0.199495,1.37239,1.37375,2.56459,2.78372
-0.00757576,0.199495,1.41788,1.41891,1.9135,2.10036
-0.00252525,0.199495,1.35687,1.35741,1.00857,1.11014
0.00252525,0.199495,1.29703,1.29731,0.555522,0.586733
0.00757576,0.199495,1.26824,1.26842,0.341281,0.411645
0.0126263,0.199495,1.26301,1.26301,-0.044231,0.0167638
0.0176768,0.199495,1.2327,1.23256,-0.239687,-0.223517
0.0227273,0.199495,1.22445,1.22403,-0.685695,-0.786036
0.0277778,0.199495,1.18033,1.17971,-1.29961,-1.26287
0.0328283,0.199495,1.16113,1.16017,-1.68562,-1.92225
0.0378788,0.199495,1.11709,1.11609,-1.81355,-1.90735
0.0429293,0.199495,1.19663,1.19519,-2.67639,-2.77162
0.0479798,0.199495,1.12914,1.12715,-3.58336,-3.94881
0.0530303,0.199495,1.10806,1.10582,-3.9685,-4.32134
0.0580808,0.199495,1.10757,1.10542,-3.96077,-4.34369
0.0631313,0.199495,1.06514,1.06309,-4.01801,-4.05312
0.0681818,0.199495,0.985576,0.983261,-4.08417,-4.63426
0.0732323,0.199495,0.892999,0.89065,-4.44221,-4.76092
0.0782828,0.199495,0.921666,0.918835,-5.17941,-5.49853
0.0833333,0.199495,0.866139,0.863045,-5.63342,-6.18398
0.0883838,0.199495,0.875456,0.872239,-5.90639,-6.45965
0.0934343,0.199495,0.877981,0.874847,-6.11101,-6.55651
0.0984849,0.199495,0.755405,0.752255,-5.89065,-6.58631
0.103535,0.199495,0.651619,0.648364,-5.90956,-6.51181
0.108586,0.199495,0.657837,0.654355,-6.38703,-6.86943
0.113636,0.199495,0.62199,0.618502,-6.55075,-6.85453
0.118687,0.199495,0.619825,0.616401,-6.54594,-6.86943
0.123737,0.199495,0.625227,0.621453,-6.78219,-7.56979
0.128788,0.199495,0.621859,0.618294,-6.97567,-7.36117
0.133838,0.199495,0.543199,0.539199,-6.99749,-7.7635
0.138889,0.199495,0.505863,0.502363,-6.75778,-7.09295
0.143939,0.199495,0.433395,0.430122,-6.31612,-6.57141
0.14899,0.199495,0.428341,0.424489,-6.73218,-7.27177
0.15404,0.199495,0.428617,0.424981,-6.71293,-7.27177
0.159091,0.199495,0.428154,0.424519,-6.70353,-7.10785
0.164141,0.199495,0.396343,0.392348,-6.57698,-7.7188
0.169192,0.199495,0.396701,0.393376,-6.56209,-6.72042
0.174242,0.199495,0.359331,0.35587,-6.42974,-6.98864
0.179293,0.199495,0.330532,0.32717,-6.11355,-6.79493
0.184343,0.199495,0.286337,0.283003,-6.10545,-6.78003
0.189394,0.199495,0.244908,0.241354,-5.98033,-7.01845
0.194444,0.199495,0.173444,0.170544,-5.76372,-6.27339
0.199495,0.199495,0.12568,0.12289,-5.23492,-5.54323
0.204545,0.199495,0.0886433,0.0858158,-5.07873,-5.66244
0.209596,0.199495,0.0764209,0.073716,-5.32585,-5.64754
0.214646,0.199495,0.0632877,0.0606179,-5.45407,-5.60284
0.219697,0.199495,0.0453197,0.0419468,-5.71024,-6.78003
0.224747,0.199495,0.0116693,0.00876188,-5.1483,-5.79655
0.229798,0.199495,-0.00631787,-0.0090301,-4.76214,-5.1856
0.234848,0.199495,-0.0125963,-0.0154227,-4.95091,-5.63264
0.239899,0.199495,-0.0227808,-0.0258684,-5.3344,-5.90086
0.244949,0.199495,-0.0278824,-0.0313967,-6.06923,-7.03335
0.25,0.199495,-0.0651836,-0.0686198,-6.82632,-6.78003
-0.25,0.204545,-0.0432949,-0.0328124,19.261,20.6828
-0.244949,0.204545,0.0710656,0.0781566,13.2058,14.2157
-0.239899,0.204545,0.128282,0.133783,10.3631,10.699
-0.234848,0.204545,0.154037,0.159174,8.79113,9.95397
-0.229798,0.204545,0.190431,0.194252,6.65333,7.42078
-0.224747,0.204545,0.226046,0.229329,5.79799,6.82473
-0.219697,0.204545,0.234123,0.236571,5.47461,5.30481
-0.214646,0.204545,0.250816,0.253856,4.96525,5.93066
-0.209596,0.204545,0.264515,0.267237,5.14826,5.60284
-0.204545,0.204545,0.24488,0.247866,4.89655,6.31809
-0.199495,0.204545,0.239869,0.242367,4.89883,5.49853
-0.194444,0.204545,0.251473,0.253513,4.76722,4.76837
-0.189394,0.204545,0.336012,0.338897,5.01107,5.69224
-0.184343,0.204545,0.383638,0.386283,4.89362,5.1409
-0.179293,0.204545,0.521906,0.525638,6.41354,6.94394
-0.174242,0.204545,0.61638,0.620276,7.23872,8.07643
-0.169192,0.204545,0.613871,0.617906,7.25325,8.25524
-0.164141,0.204545,0.628023,0.632405,7.72907,8.53836
-0.159091,0.204545,0.65117,0.6551,7.85745,7.89761
-0.15404,0.204545,0.707952,0.712544,8.55,9.32813
-0.14899,0.204545,0.768977,0.773832,9.0088,9.70065
-0.143939,0.204545,0.831556,0.836521,9.40483,9.99868
-0.138889,0.204545,0.861699,0.866741,9.53065,9.98378
-0.133838,0.204545,0.889036,0.89471,9.65792,11.161
-0.128788,0.204545,0.889381,0.894874,9.53909,11.1163
-0.123737,0.204545,0.960211,0.965655,10.0013,10.6245
-0.118687,0.204545,1.0352,1.04102,10.4034,11.1908
-0.113636,0.204545,1.01628,1.02197,9.74448,11.2057
-0.108586,0.204545,1.05309,1.05792,9.45421,9.81986
-0.103535,0.204545,1.12826,1.13349,9.71979,10.6245
-0.0984849,0.204545,1.20756,1.21306,9.68708,10.9971
-0.0934343,0.204545,1.1983,1.2034,9.47798,10.1328
-0.0883838,0.204545,1.2353,1.24007,9.33139,9.71556
-0.0833333,0.204545,1.28076,1.28546,8.63363,9.35793
-0.0782828,0.204545,1.38341,1.38796,8.45443,9.09716
-0.0732323,0.204545,1.37003,1.37444,8.20493,8.93324
-0.0681818,0.204545,1.39146,1.39537,7.32402,7.82311
-0.0631313,0.204545,1.39111,1.39513,7.36573,8.03918
-0.0580808,0.204545,1.40662,1.41036,6.78279,7.53999
-0.0530303,0.204545,1.44491,1.44849,6.72982,7.10785
-0.0479798,0.204545,1.60385,1.60738,6.44279,7.16001
-0.0429293,0.204545,1.64073,1.64419,6.36921,6.97374
-0.0378788,0.204545,1.63591,1.63892,5.68125,6.12438
-0.0328283,0.204545,1.61775,1.62046,5.02673,5.4501
-0.0277778,0.204545,1.50644,1.50856,3.94539,4.26173
-0.0227273,0.204545,1.41831,1.41989,2.97375,3.24286
-0.0176768,0.204545,1.42224,1.42362,2.54585,2.8098
-0.0126263,0.204545,1.46213,1.46341,2.38498,2.62819
-0.00757576,0.204545,1.50745,1.50839,1.73792,1.90397
-0.00252525,0.204545,1.44658,1.44702,0.832816,0.925735
0.00252525,0.204545,1.38621,1.3864,0.384264,0.445172
0.00757576,0.204545,1.35808,1.35818,0.16628,0.240281
0.0126263,0.204545,1.35362,1.35349,-0.22872,-0.258908
0.0176768,0.204545,1.32406,1.32386,-0.423877,-0.374392
0.0227273,0.204545,1.31529,1.31484,-0.868926,-0.875443
0.0277778,0.204545,1.27093,1.27012,-1.48456,-1.57207
0.0328283,0.204545,1.25221,1.2512,-1.87011,-2.00048
0.0378788,0.204545,1.20669,1.20563,-1.98949,-2.05636
0.0429293,0.204545,1.28689,1.28521,-2.857,-3.23355
0.0479798,0.204545,1.21899,1.217,-3.76241,-3.95626
0.0530303,0.204545,1.19758,1.19533,-4.15097,-4.44055
0.0580808,0.204545,1.19752,1.1953,-4.1535,-4.38094
0.0631313,0.204545,1.15473,1.15254,-4.20913,-4.14252
0.0681818,0.204545,1.07583,1.0737,-4.2727,-4.4778
0.0732323,0.204545,0.983393,0.980899,-4.62844,-4.98444
0.0782828,0.204545,0.995426,0.992909,-4.90729,-5.01424
0.0833333,0.204545,0.9337,0.931181,-5.12645,-5.1111
0.0883838,0.204545,0.943273,0.940271,-5.39503,-5.94556
0.0934343,0.204545,0.895125,0.892237,-5.33109,-5.79655
0.0984849,0.204545,0.772539,0.769772,-5.11358,-5.54323
0.103535,0.204545,0.682245,0.67921,-5.42727,-6.00517
0.108586,0.204545,0.688419,0.68526,-5.90776,-6.33299
0.113636,0.204545,0.652312,0.648931,-6.06508,-6.82473
0.118687,0.204545,0.60489,0.602067,-5.93328,-5.72205
0.123737,0.204545,0.616465,0.613257,-6.44993,-6.57141
0.128788,0.204545,0.613544,0.6098,-6.64111,-7.56979
0.133838,0.204545,0.535506,0.531629,-6.66326,-7.7188
0.138889,0.204545,0.497799,0.494838,-6.4316,-5.93066
0.143939,0.204545,0.424406,0.421166,-5.99574,-6.55651
0.14899,0.204545,0.418652,0.415087,-6.40923,-7.25686
0.15404,0.204545,0.41937,0.415847,-6.38644,-6.95884
0.159091,0.204545,0.419899,0.4168,-6.36167,-6.67572
0.164141,0.204545,0.397672,0.394389,-6.12176,-6.75023
0.169192,0.204545,0.398249,0.394762,-6.09513,-6.92904
0.174242,0.204545,0.360979,0.357747,-5.95825,-6.4522
0.179293,0.204545,0.332499,0.329375,-5.64895,-6.3628
0.184343,0.204545,0.301468,0.298619,-5.53871,-5.88596
0.189394,0.204545,0.259732,0.256568,-5.39532,-6.24359
0.194444,0.204545,0.189034,0.186235,-5.17695,-5.52833
0.199495,0.204545,0.141704,0.139236,-4.61551,-5.0813
0.204545,0.204545,0.104643,0.102401,-4.42816,-4.63426
0.209596,0.204545,0.093822,0.0912696,-4.64123,-5.0962
0.214646,0.204545,0.080395,0.0777394,-4.79944,-5.1856
0.219697,0.204545,0.0647227,0.0618994,-4.94522,-5.54323
0.224747,0.204545,0.0464258,0.0438988,-4.93842,-5.2005
0.229798,0.204545,0.0288466,0.0266731,-4.61855,-4.47035
0.234848,0.204545,0.0338311,0.0314713,-4.83646,-4.84288
0.239899,0.204545,0.0231146,0.020355,-5.26694,-5.45382
0.244949,0.204545,0.0235748,0.0203103,-6.38172,-6.4522
0.25,0.204545,-0.0297158,-0.0331253,-6.86946,-7.10785
-0.25,0.209596,-0.00202878,0.00846386,18.9575,21.1298
-0.244949,0.209596,0.12258,0.129372,12.411,13.5601
-0.239899,0.209596,0.146539,0.151902,9.77617,10.7735
-0.234848,0.209596,0.184313,0.188619,7.75098,8.43406
-0.229798,0.209596,0.209624,0.213087,5.6378,6.79493
-0.224747,0.209596,0.235513,0.23824,5.05161,5.05149
-0.219697,0.209596,0.242629,0.245422,4.84579,5.1558
-0.214646,0.209596,0.253479,0.255942,4.2687,4.76837
-0.209596,0.209596,0.267794,0.270158,4.62759,4.58956
-0.204545,0.209596,0.245414,0.248492,4.61028,5.54323
-0.199495,0.209596,0.239668,0.242233,4.74508,5.00679
-0.194444,0.209596,0.275196,0.277475,4.86632,4.52995
-0.189394,0.209596,0.36036,0.363067,5.17361,5.37932
-0.184343,0.209596,0.409187,0.412285,5.10291,6.63102
-0.179293,0.209596,0.547785,0.551403,6.64641,7.43568
-0.174242,0.209596,0.618529,0.6226,7.30413,8.16584
-0.169192,0.209596,0.621107,0.625402,7.28619,8.34465
-0.164141,0.209596,0.634122,0.638559,7.80246,8.80659
-0.159091,0.209596,0.652764,0.657052,7.97008,8.83639
-0.15404,0.209596,0.711993,0.716478,8.63529,9.22382
-0.14899,0.209596,0.77645,0.781491,9.06236,10.1328
-0.143939,0.209596,0.839738,0.844568,9.46479,9.81986
-0.138889,0.209596,0.870779,0.876039,9.58121,10.401
-0.133838,0.209596,0.897149,0.902623,9.71054,10.55
-0.128788,0.209596,0.894881,0.900209,9.61964,10.55
-0.123737,0.209596,0.965065,0.970676,10.1006,11.1461
-0.118687,0.209596,1.04129,1.04715,10.4875,11.5335
-0.113636,0.209596,1.02343,1.02894,9.82688,10.848
-0.108586,0.209596,1.06111,1.06612,9.51625,10.1626
-0.103535,0.209596,1.13742,1.1432,9.77811,11.5782
-0.0984849,0.209596,1.21548,1.22082,9.74016,10.3414
-0.0934343,0.209596,1.20408,1.20939,9.55592,10.401
-0.0883838,0.209596,1.24235,1.24742,9.3992,10.2669
-0.0833333,0.209596,1.28958,1.29416,8.68057,9.53674
-0.0782828,0.209596,1.39158,1.39604,8.51161,8.91834
-0.0732323,0.209596,1.37763,1.38222,8.26084,9.045
-0.0681818,0.209596,1.39918,1.40314,7.37806,7.90507
-0.0631313,0.209596,1.39987,1.40382,7.41781,7.95722
-0.0580808,0.209596,1.41418,1.41791,6.83999,7.62939
-0.0530303,0.209596,1.4523,1.45587,6.79993,7.26432
-0.0479798,0.209596,1.61014,1.61354,6.51994,6.86198
-0.0429293,0.209596,1.61873,1.62201,6.16015,6.66827
-0.0378788,0.209596,1.61328,1.61626,5.46528,6.0685
-0.0328283,0.209596,1.59684,1.59943,4.79718,5.2005
-0.0277778,0.209596,1.48546,1.48743,3.7179,3.95998
-0.0227273,0.209596,1.41635,1.41795,2.98396,3.26522
-0.0176768,0.209596,1.4204,1.42176,2.55743,2.76044
-0.0126263,0.209596,1.46027,1.46158,2.39109,2.61143
-0.00757576,0.209596,1.50708,1.50802,1.73392,1.9127
-0.00252525,0.209596,1.44611,1.44654,0.826489,0.905245
0.00252525,0.209596,1.38563,1.38582,0.376262,0.443309
0.00757576,0.209596,1.35768,1.35778,0.159268,0.199303
0.0126263,0.209596,1.35286,1.35273,-0.234712,-0.236556
0.0176768,0.209596,1.32275,1.32255,-0.425343,-0.37998
0.0227273,0.209596,1.31468,1.31422,-0.873571,-0.942498
0.0277778,0.209596,1.26976,1.26888,-1.48583,-1.65775
0.0328283,0.209596,1.23249,1.23162,-1.633,-1.68756
0.0378788,0.209596,1.18774,1.18675,-1.75156,-1.96323
0.0429293,0.209596,1.26727,1.26586,-2.62288,-2.71201
0.0479798,0.209596,1.20047,1.1986,-3.5283,-3.7998
0.0530303,0.209596,1.17804,1.17601,-3.91302,-3.93391
0.0580808,0.209596,1.17812,1.1761,-3.91803,-4.09782
0.0631313,0.209596,1.13575,1.13368,-3.97419,-4.14252
0.0681818,0.209596,1.05629,1.05415,-4.03957,-4.30644
0.0732323,0.209596,0.963307,0.960931,-4.40132,-4.69387
0.0782828,0.209596,0.975543,0.972994,-4.68202,-5.19305
0.0833333,0.209596,0.913441,0.91067,-4.89872,-5.50598
0.0883838,0.209596,0.92287,0.920102,-5.15933,-5.48363
0.0934343,0.209596,0.874125,0.871278,-5.09797,-5.804
0.0984849,0.209596,0.751626,0.74894,-4.88114,-5.47618
0.103535,0.209596,0.661574,0.658929,-5.18475,-5.48363
0.108586,0.209596,0.66797,0.665083,-5.66688,-5.87106
0.113636,0.209596,0.631989,0.628665,-5.82634,-6.58631
0.118687,0.209596,0.58489,0.581875,-5.69684,-6.18398
0.123737,0.209596,0.596511,0.59326,-6.20926,-6.51181
0.128788,0.209596,0.592945,0.589609,-6.40862,-6.66082
0.133838,0.209596,0.514325,0.510901,-6.43059,-6.91414
0.138889,0.209596,0.477469,0.47414,-6.19535,-6.64592
0.143939,0.209596,0.404355,0.401214,-5.76055,-6.25849
0.14899,0.209596,0.398063,0.394583,-6.17708,-6.91414
0.15404,0.209596,0.397233,0.393823,-6.16869,-6.69062
0.159091,0.209596,0.397655,0.394642,-6.14128,-6.33299
0.164141,0.209596,0.376216,0.372916,-5.8808,-6.64592
0.169192,0.209596,0.377683,0.374481,-5.84307,-6.4671
0.174242,0.209596,0.340232,0.337005,-5.72342,-6.3777
0.179293,0.209596,0.312194,0.309467,-5.394,-5.66244
0.184343,0.209596,0.29963,0.296399,-5.52681,-6.21378
0.189394,0.209596,0.258541,0.255436,-5.37683,-6.07967
0.194444,0.209596,0.187802,0.185505,-5.12948,-4.82798
0.199495,0.209596,0.141011,0.138283,-4.56229,-5.33462
0.204545,0.209596,0.104537,0.102088,-4.33242,-4.91738
0.209596,0.209596,0.0934213,0.0910759,-4.51211,-4.67896
0.214646,0.209596,0.081996,0.0793785,-4.60078,-5.1111
0.219697,0.209596,0.0660076,0.0631362,-4.77294,-5.76675
0.224747,0.209596,0.0502374,0.0478476,-4.68949,-4.76837
0.229798,0.209596,0.0320938,0.0296682,-4.45839,-4.99189
0.234848,0.209596,0.0360257,0.0333488,-4.73476,-5.36442
0.239899,0.209596,0.0326757,0.0295937,-4.98984,-5.91576
0.244949,0.209596,0.0302798,0.0270009,-6.24219,-6.64592
0.25,0.209596,0.00311062,-2.98E-05,-6.80204,-6.34789
-0.25,0.214646,0.0229614,0.0332296,18.6575,20.6828
-0.244949,0.214646,0.130634,0.13724,11.8764,12.9938
-0.239899,0.214646,0.14018,0.145346,9.37036,10.252
-0.234848,0.214646,0.182893,0.187218,6.91794,8.28504
-0.229798,0.214646,0.197711,0.200212,5.1518,4.94719
-0.224747,0.214646,0.220377,0.222683,4.56184,4.70877
-0.219697,0.214646,0.222219,0.224739,4.22636,4.73857
-0.214646,0.214646,0.233048,0.23526,4.00882,4.67896
-0.209596,0.214646,0.231736,0.233769,4.45754,3.99351
-0.204545,0.214646,0.20955,0.212401,4.59544,5.69224
-0.199495,0.214646,0.209023,0.211954,4.48112,5.1558
-0.194444,0.214646,0.260735,0.263527,4.55051,5.28991
-0.189394,0.214646,0.342175,0.344843,4.85333,5.37932
-0.184343,0.214646,0.390299,0.393182,4.87792,5.81145
-0.179293,0.214646,0.528201,0.532031,6.44213,7.42078
-0.174242,0.214646,0.565685,0.569135,6.61051,6.57141
-0.169192,0.214646,0.56868,0.572443,6.44137,7.55489
-0.164141,0.214646,0.581658,0.585854,6.94952,8.50856
-0.159091,0.214646,0.60373,0.607565,7.08456,7.62939
-0.15404,0.214646,0.664595,0.669077,7.75635,8.77678
-0.14899,0.214646,0.72975,0.734895,8.17069,9.93907
-0.143939,0.214646,0.791367,0.795692,8.58573,8.83639
-0.138889,0.214646,0.786135,0.790983,8.70906,9.55164
-0.133838,0.214646,0.81285,0.817478,8.85836,9.16421
-0.128788,0.214646,0.813748,0.818759,8.7476,10.0583
-0.123737,0.214646,0.884543,0.889659,9.21015,10.3563
-0.118687,0.214646,0.961159,0.966459,9.59066,10.55
-0.113636,0.214646,0.944727,0.949487,8.91245,9.74536
-0.108586,0.214646,0.97956,0.984326,8.6333,9.41753
-0.103535,0.214646,1.05557,1.06016,8.88586,9.47714
-0.0984849,0.214646,1.13579,1.14068,8.84438,9.90927
-0.0934343,0.214646,1.12421,1.12888,8.64895,9.44734
-0.0883838,0.214646,1.16157,1.16584,8.49848,8.60542
-0.0833333,0.214646,1.20894,1.21333,7.77413,8.52346
-0.0782828,0.214646,1.31198,1.3162,7.59611,8.27014
-0.0732323,0.214646,1.29731,1.30128,7.36132,7.95722
-0.0681818,0.214646,1.31784,1.32145,6.49426,7.21961
-0.0631313,0.214646,1.31774,1.32145,6.53795,7.40588
-0.0580808,0.214646,1.34471,1.34817,6.20059,6.80983
-0.0530303,0.214646,1.3836,1.38682,6.14708,6.54906
-0.0479798,0.214646,1.54232,1.54535,5.86141,6.13928
-0.0429293,0.214646,1.55043,1.55342,5.50893,6.0685
-0.0378788,0.214646,1.54525,1.54792,4.81411,5.39422
-0.0328283,0.214646,1.52878,1.53095,4.14094,4.38094
-0.0277778,0.214646,1.41927,1.42093,3.04631,3.3509
-0.0227273,0.214646,1.38985,1.39136,2.79077,3.05567
-0.0176768,0.214646,1.36528,1.36665,2.5298,2.76323
-0.0126263,0.214646,1.4054,1.40668,2.36358,2.5942
-0.00757576,0.214646,1.45107,1.45199,1.71561,1.86823
-0.00252525,0.214646,1.38993,1.39035,0.808554,0.912696
0.00252525,0.214646,1.32967,1.32986,0.35558,0.428408
0.00757576,0.214646,1.30175,1.30182,0.136196,0.176951
0.0126263,0.214646,1.30012,1.30024,0.150373,0.236556
0.0176768,0.214646,1.26994,1.26991,-0.0437054,-0.031665
0.0227273,0.214646,1.26159,1.26135,-0.491686,-0.473112
0.0277778,0.214646,1.21701,1.21642,-1.10538,-1.16974
0.0328283,0.214646,1.17941,1.1788,-1.25279,-1.18464
0.0378788,0.214646,1.13497,1.13421,-1.37158,-1.49012
0.0429293,0.214646,1.21436,1.2132,-2.2413,-2.27243
0.0479798,0.214646,1.14733,1.14567,-3.14502,-3.35276
0.0530303,0.214646,1.12551,1.12355,-3.53115,-3.86685
0.0580808,0.214646,1.12465,1.12285,-3.52928,-3.56138
0.0631313,0.214646,1.08179,1.0799,-3.58035,-3.74764
0.0681818,0.214646,1.00265,1.00081,-3.64478,-3.69549
0.0732323,0.214646,0.909838,0.907548,-4.00787,-4.48525
0.0782828,0.214646,0.921623,0.919528,-4.29231,-4.32879
0.0833333,0.214646,0.859524,0.857137,-4.51153,-4.90248
0.0883838,0.214646,0.868268,0.865579,-4.78043,-5.30481
0.0934343,0.214646,0.819865,0.817202,-4.7215,-5.1558
0.0984849,0.214646,0.697345,0.694916,-4.50289,-4.93228
0.103535,0.214646,0.607355,0.604719,-4.80804,-5.22286
0.108586,0.214646,0.613179,0.610456,-5.29117,-5.51343
0.113636,0.214646,0.578008,0.575036,-5.44816,-5.93066
0.118687,0.214646,0.531365,0.528723,-5.31487,-5.21541
0.123737,0.214646,0.543244,0.540018,-5.82886,-6.33299
0.128788,0.214646,0.539011,0.535667,-6.02834,-7.00354
0.133838,0.214646,0.489586,0.48627,-6.20786,-6.60121
0.138889,0.214646,0.452139,0.448748,-5.97941,-6.69062
0.143939,0.214646,0.378803,0.375852,-5.55162,-5.97537
0.14899,0.214646,0.373061,0.369832,-5.9669,-6.4522
0.15404,0.214646,0.372278,0.36943,-5.95835,-5.90086
0.159091,0.214646,0.372162,0.368848,-5.93342,-6.51181
0.164141,0.214646,0.373237,0.370145,-5.91195,-6.21378
0.169192,0.214646,0.374101,0.370815,-5.87008,-6.3926
0.174242,0.214646,0.337983,0.334844,-5.71834,-6.3777
0.179293,0.214646,0.310168,0.306785,-5.39907,-6.482
0.184343,0.214646,0.297851,0.294805,-5.52244,-6.06477
0.189394,0.214646,0.256912,0.253722,-5.35775,-6.12438
0.194444,0.214646,0.187142,0.184715,-5.11371,-4.96209
0.199495,0.214646,0.139814,0.137046,-4.51028,-5.27501
0.204545,0.214646,0.104051,0.101641,-4.27973,-4.90248
0.209596,0.214646,0.0935406,0.0910759,-4.41625,-5.31971
0.214646,0.214646,0.082047,0.0798702,-4.44246,-4.48525
0.219697,0.214646,0.0680227,0.0654757,-4.56894,-5.1111
0.224747,0.214646,0.0526423,0.0503212,-4.50476,-4.63426
0.229798,0.214646,0.0360758,0.0340939,-4.22376,-3.99351
0.234848,0.214646,0.0409553,0.0386089,-4.56538,-4.96209
0.239899,0.214646,0.0397944,0.0369996,-4.70637,-5.54323
0.244949,0.214646,0.0395776,0.0360012,-5.89173,-7.01845
0.25,0.214646,0.0113542,0.00795722,-6.74676,-6.66082
-0.25,0.219697,0.0888547,0.0977516,17.685,18.7457
-0.244949,0.219697,0.161315,0.167012,11.2608,11.1759
-0.239899,0.219697,0.187721,0.191927,7.89135,8.52346
-0.234848,0.219697,0.208193,0.211865,5.83687,6.94394
-0.229798,0.219697,0.21515,0.21702,4.0433,3.99351
-0.224747,0.219697,0.232339,0.234157,3.50415,3.8445
-0.219697,0.219697,0.233784,0.236094,3.68599,4.64916
-0.214646,0.219697,0.239723,0.242025,3.88265,4.85778
-0.209596,0.219697,0.237171,0.240177,4.46787,5.30481
-0.204545,0.219697,0.208537,0.211388,4.61225,5.63264
-0.199495,0.219697,0.211344,0.2141,4.62097,5.03659
-0.194444,0.219697,0.259736,0.262812,4.72873,5.75185
-0.189394,0.219697,0.340617,0.343665,5.15078,6.19888
-0.184343,0.219697,0.394506,0.397548,5.15097,5.81145
-0.179293,0.219697,0.530359,0.534266,6.77955,7.55489
-0.174242,0.219697,0.562555,0.566423,7.00425,7.83801
-0.169192,0.219697,0.570118,0.573859,6.7882,7.43568
-0.164141,0.219697,0.586056,0.59031,7.25772,8.46386
-0.159091,0.219697,0.610317,0.614256,7.38825,7.77841
-0.15404,0.219697,0.669159,0.673577,8.07126,8.82149
-0.14899,0.219697,0.730175,0.734597,8.54457,8.83639
-0.143939,0.219697,0.793292,0.798404,8.94621,10.0583
-0.138889,0.219697,0.789847,0.795022,9.0706,10.252
-0.133838,0.219697,0.819068,0.824019,9.17111,9.81986
-0.128788,0.219697,0.819499,0.824585,9.07118,10.2371
-0.123737,0.219697,0.881068,0.886321,9.26947,10.3265
-0.118687,0.219697,0.95683,0.96193,9.65042,10.1626
-0.113636,0.219697,0.941566,0.946313,8.96393,9.40263
-0.108586,0.219697,0.977311,0.981793,8.67078,9.26852
-0.103535,0.219697,1.05326,1.05803,8.92388,9.38773
-0.0984849,0.219697,1.13277,1.13755,8.8876,9.77516
-0.0934343,0.219697,1.12292,1.12754,8.66792,9.29832
-0.0883838,0.219697,1.15927,1.16403,8.54535,9.81986
-0.0833333,0.219697,1.2056,1.20978,7.8322,8.53836
-0.0782828,0.219697,1.27426,1.27842,7.63843,8.58307
-0.0732323,0.219697,1.26004,1.26406,7.39038,8.18819
-0.0681818,0.219697,1.28193,1.28546,6.50744,7.07805
-0.0631313,0.219697,1.28201,1.28545,6.55474,6.92159
-0.0580808,0.219697,1.30898,1.31234,6.22175,6.83963
-0.0530303,0.219697,1.34808,1.35145,6.15666,6.59376
-0.0479798,0.219697,1.50774,1.51085,5.86224,6.34044
-0.0429293,0.219697,1.51626,1.51911,5.4992,5.67734
-0.0378788,0.219697,1.51233,1.51496,4.797,5.29364
-0.0328283,0.219697,1.49524,1.4975,4.12383,4.5225
-0.0277778,0.219697,1.38461,1.38624,3.03831,3.30992
-0.0227273,0.219697,1.35514,1.35666,2.78547,3.04822
-0.0176768,0.219697,1.33085,1.33222,2.51958,2.78
-0.0126263,0.219697,1.3711,1.37237,2.35513,2.5793
-0.00757576,0.219697,1.41721,1.41813,1.70079,1.86963
-0.00252525,0.219697,1.35607,1.35649,0.796414,0.874512
0.00252525,0.219697,1.2958,1.296,0.342361,0.463799
0.00757576,0.219697,1.26772,1.26781,0.12349,0.203028
0.0126263,0.219697,1.2667,1.26678,0.137677,0.169501
0.0176768,0.219697,1.23649,1.23641,-0.054897,-0.121072
0.0227273,0.219697,1.22758,1.22736,-0.501922,-0.447035
0.0277778,0.219697,1.18316,1.18258,-1.11653,-1.14366
0.0328283,0.219697,1.14458,1.14391,-1.25522,-1.33365
0.0378788,0.219697,1.13145,1.13058,-1.65233,-1.78441
0.0429293,0.219697,1.21125,1.20988,-2.51893,-2.77162
0.0479798,0.219697,1.14373,1.14201,-3.42356,-3.58373
0.0530303,0.219697,1.15083,1.14846,-4.09387,-4.5225
0.0580808,0.219697,1.15035,1.1482,-4.09203,-4.35859
0.0631313,0.219697,1.10796,1.10583,-4.14869,-4.19468
0.0681818,0.219697,1.02862,1.02632,-4.20981,-4.5523
0.0732323,0.219697,0.969571,0.967026,-4.55456,-4.90993
0.0782828,0.219697,0.981465,0.978805,-4.83506,-5.1409
0.0833333,0.219697,0.919324,0.91669,-5.05432,-5.46873
0.0883838,0.219697,0.928352,0.925526,-5.3253,-5.7295
0.0934343,0.219697,0.879518,0.876717,-5.27099,-5.64009
0.0984849,0.219697,0.7572,0.754408,-5.05557,-5.59539
0.103535,0.219697,0.66621,0.663146,-5.3711,-5.64754
0.108586,0.219697,0.672515,0.66945,-5.85361,-6.3628
0.113636,0.219697,0.63707,0.633895,-6.01422,-6.49691
0.118687,0.219697,0.590666,0.587553,-5.88204,-6.3628
0.123737,0.219697,0.601872,0.598416,-6.39511,-6.80983
0.128788,0.219697,0.599052,0.595406,-6.58667,-7.25686
0.133838,0.219697,0.553048,0.549465,-6.58876,-7.01845
0.138889,0.219697,0.515568,0.512153,-6.35814,-6.66082
0.143939,0.219697,0.442613,0.439271,-5.92192,-6.72042
0.14899,0.219697,0.436511,0.433058,-6.34675,-6.66082
0.15404,0.219697,0.435301,0.431851,-6.33553,-6.78003
0.159091,0.219697,0.434503,0.430882,-6.55394,-7.25686
0.164141,0.219697,0.436026,0.432238,-6.53106,-7.28667
0.169192,0.219697,0.436269,0.43273,-6.49612,-6.91414
0.174242,0.219697,0.398302,0.394806,-6.36653,-6.88434
0.179293,0.219697,0.370822,0.367627,-6.01065,-6.25849
0.184343,0.219697,0.359447,0.356451,-6.12094,-6.30319
0.189394,0.219697,0.287136,0.28418,-5.6888,-6.10948
0.194444,0.219697,0.217437,0.214413,-5.4175,-5.97537
0.199495,0.219697,0.141353,0.139162,-4.5304,-4.61936
0.204545,0.219697,0.105611,0.103116,-4.25389,-4.72367
0.209596,0.219697,0.0952388,0.0930577,-4.3778,-4.35114
0.214646,0.219697,0.0845052,0.0821203,-4.3505,-4.79817
0.219697,0.219697,0.0705268,0.0680983,-4.40602,-4.90248
0.224747,0.219697,0.057175,0.054732,-4.28478,-4.87268
0.229798,0.219697,0.042745,0.0403821,-3.94337,-4.69387
0.234848,0.219697,0.0476407,0.0455528,-4.37713,-4.12762
0.239899,0.219697,0.044936,0.0424683,-4.67952,-4.81307
0.244949,0.219697,0.0539493,0.0512302,-5.52865,-5.70714
0.25,0.219697,0.0246416,0.021413,-6.63018,-6.28829
-0.25,0.224747,0.150928,0.15986,15.9181,17.9708
-0.244949,0.224747,0.205078,0.210345,9.41458,10.6692
-0.239899,0.224747,0.228674,0.231534,5.63333,5.75185
-0.234848,0.224747,0.23587,0.238746,3.51477,5.81145
-0.229798,0.224747,0.235874,0.237733,2.10192,3.51667
-0.224747,0.224747,0.24984,0.251561,2.09413,2.74181
-0.219697,0.224747,0.245034,0.246912,2.78914,3.21865
-0.214646,0.224747,0.250607,0.252813,3.2098,4.55975
-0.209596,0.224747,0.242699,0.245064,3.87218,5.06639
-0.204545,0.224747,0.214138,0.216842,4.08961,4.88758
-0.199495,0.224747,0.213369,0.216141,4.24629,5.36442
-0.194444,0.224747,0.264639,0.267476,4.41139,5.49853
-0.189394,0.224747,0.346739,0.349268,4.89128,5.0813
-0.184343,0.224747,0.395146,0.398308,4.96844,6.27339
-0.179293,0.224747,0.521215,0.524998,6.62362,7.89761
-0.174242,0.224747,0.558203,0.562236,6.82092,8.03172
-0.169192,0.224747,0.567246,0.571132,6.5942,7.6741
-0.164141,0.224747,0.581381,0.585422,7.092,8.01682
-0.159091,0.224747,0.600927,0.604987,7.29361,7.97212
-0.15404,0.224747,0.663523,0.667825,7.94891,8.49366
-0.14899,0.224747,0.726191,0.730649,8.39413,9.045
-0.143939,0.224747,0.791011,0.795558,8.77025,9.17911
-0.138889,0.224747,0.786696,0.791267,8.89893,9.25362
-0.133838,0.224747,0.813555,0.818804,9.01724,10.2818
-0.128788,0.224747,0.815361,0.819996,8.91004,9.43243
-0.123737,0.224747,0.878631,0.883609,9.09539,9.86457
-0.118687,0.224747,0.953226,0.958547,9.47707,10.6245
-0.113636,0.224747,0.938002,0.942811,9.00741,9.84967
-0.108586,0.224747,0.974781,0.97914,8.71035,8.74698
-0.103535,0.224747,1.049,1.05384,8.99562,9.89437
-0.0984849,0.224747,1.12846,1.1334,8.9634,10.0285
-0.0934343,0.224747,1.11713,1.12174,8.74647,9.43243
-0.0883838,0.224747,1.15541,1.16004,8.59319,9.07481
-0.0833333,0.224747,1.1679,1.17205,7.84869,8.09878
-0.0782828,0.224747,1.23686,1.24082,7.64912,7.98702
-0.0732323,0.224747,1.22368,1.22777,7.38655,8.20309
-0.0681818,0.224747,1.21253,1.21606,6.51274,7.13766
-0.0631313,0.224747,1.2128,1.21637,6.54864,7.18236
-0.0580808,0.224747,1.24048,1.24373,6.20879,6.482
-0.0530303,0.224747,1.27862,1.28208,6.15168,6.82473
-0.0479798,0.224747,1.43789,1.44102,5.8591,6.26594
-0.0429293,0.224747,1.44726,1.45009,5.49305,5.86733
-0.0378788,0.224747,1.44309,1.44574,4.79126,5.27129
-0.0328283,0.224747,1.42543,1.42764,4.1191,4.46662
-0.0277778,0.224747,1.31568,1.31733,3.027,3.30061
-0.0227273,0.224747,1.2868,1.28827,2.77298,2.99141
-0.0176768,0.224747,1.26181,1.26316,2.50616,2.74554
-0.0126263,0.224747,1.30178,1.30303,2.34082,2.53692
-0.00757576,0.224747,1.34748,1.34839,1.69055,1.8503
-0.00252525,0.224747,1.2864,1.28683,0.786628,0.914559
0.00252525,0.224747,1.22573,1.22591,0.339382,0.368804
0.00757576,0.224747,1.19635,1.19641,0.128565,0.19744
0.0126263,0.224747,1.19516,1.19523,0.143246,0.169501
0.0176768,0.224747,1.16527,1.16522,-0.0509568,-0.0428408
0.0227273,0.224747,1.15619,1.15595,-0.493778,-0.491738
0.0277778,0.224747,1.11174,1.11117,-1.10847,-1.13249
0.0328283,0.224747,1.07387,1.07318,-1.25507,-1.33365
0.0378788,0.224747,1.06087,1.05994,-1.64742,-1.79186
0.0429293,0.224747,1.14107,1.13974,-2.51853,-2.6226
0.0479798,0.224747,1.07342,1.07171,-3.42203,-3.46452
0.0530303,0.224747,1.10925,1.10694,-4.3801,-4.63426
0.0580808,0.224747,1.10958,1.10728,-4.38171,-4.67151
0.0631313,0.224747,1.06609,1.06347,-4.4356,-4.98444
0.0681818,0.224747,1.0208,1.01849,-4.46648,-4.62681
0.0732323,0.224747,0.962075,0.959672,-4.81649,-4.87268
0.0782828,0.224747,0.974162,0.971749,-5.09188,-5.07384
0.0833333,0.224747,0.946263,0.943534,-5.33434,-5.65499
0.0883838,0.224747,0.955232,0.952139,-5.60347,-6.03497
0.0934343,0.224747,0.906626,0.903584,-5.54513,-6.02752
0.0984849,0.224747,0.783821,0.780888,-5.33209,-5.69969
0.103535,0.224747,0.693202,0.689894,-5.64443,-6.58631
0.108586,0.224747,0.699311,0.696048,-6.13091,-6.3777
0.113636,0.224747,0.66326,0.659823,-6.29953,-7.06315
0.118687,0.224747,0.616314,0.612795,-6.1764,-6.85453
0.123737,0.224747,0.627616,0.623807,-6.69905,-7.46548
0.128788,0.224747,0.626354,0.623003,-6.69316,-6.83963
0.133838,0.224747,0.581237,0.577554,-6.69075,-7.49528
0.138889,0.224747,0.543514,0.539824,-6.45686,-7.16746
0.143939,0.224747,0.474191,0.470892,-6.27221,-6.64592
0.14899,0.224747,0.467959,0.464201,-6.70136,-7.46548
0.15404,0.224747,0.466946,0.463158,-6.69162,-7.31647
0.159091,0.224747,0.465951,0.462264,-6.90339,-7.39097
0.164141,0.224747,0.466509,0.462815,-6.88269,-7.51018
0.169192,0.224747,0.466819,0.463217,-6.84956,-7.36117
0.174242,0.224747,0.429278,0.425711,-6.72598,-7.30157
0.179293,0.224747,0.400141,0.397101,-6.38778,-6.25849
0.184343,0.224747,0.387761,0.384152,-6.49569,-7.30157
0.189394,0.224747,0.316129,0.312522,-6.02707,-7.16746
0.194444,0.224747,0.247599,0.244811,-5.75044,-5.88596
0.199495,0.224747,0.171033,0.168398,-4.85074,-5.27501
0.204545,0.224747,0.107389,0.104815,-4.28779,-4.99189
0.209596,0.224747,0.0972596,0.0951886,-4.36126,-4.29153
0.214646,0.224747,0.086334,0.0839382,-4.2955,-4.85778
0.219697,0.224747,0.074133,0.0720322,-4.27232,-4.08292
0.224747,0.224747,0.0609758,0.0589937,-4.03077,-4.12762
0.229798,0.224747,0.0320285,0.0299662,-3.75667,-3.8743
0.234848,0.224747,0.0393979,0.0374466,-4.04759,-4.00841
0.239899,0.224747,0.0380388,0.0357628,-4.48351,-4.48525
0.244949,0.224747,0.0484063,0.0456572,-5.28173,-5.43892
0.25,0.224747,0.00262685,-0.000521541,-6.35867,-6.25849
-0.25,0.229798,0.18661,0.194252,14.0504,15.229
-0.244949,0.229798,0.253866,0.257581,6.33516,7.51018
-0.239899,0.229798,0.244159,0.246167,3.33538,4.02331
-0.234848,0.229798,0.243947,0.244915,1.46975,1.63913
-0.229798,0.229798,0.239765,0.240505,0.606045,1.3113
-0.224747,0.229798,0.246475,0.24727,1.33313,1.3411
-0.219697,0.229798,0.226006,0.2276,2.07056,3.12924
-0.214646,0.229798,0.227843,0.229895,2.61148,3.75509
-0.209596,0.229798,0.22113,0.222802,3.392,3.66569
-0.204545,0.229798,0.187941,0.190169,3.82828,4.61936
-0.199495,0.229798,0.195463,0.197843,3.97304,4.84288
-0.194444,0.229798,0.237394,0.239819,4.26712,4.96209
-0.189394,0.229798,0.325472,0.32793,4.70152,5.45382
-0.184343,0.229798,0.377286,0.380367,4.75631,6.07967
-0.179293,0.229798,0.483153,0.486821,6.14016,7.12275
-0.174242,0.229798,0.518278,0.521481,6.36647,6.51181
-0.169192,0.229798,0.525065,0.528827,6.22752,7.45058
-0.164141,0.229798,0.541587,0.545055,6.69209,7.33137
-0.159091,0.229798,0.564925,0.569016,6.828,8.27014
-0.15404,0.229798,0.624716,0.628889,7.50829,8.29995
-0.14899,0.229798,0.687618,0.691846,7.94622,8.28504
-0.143939,0.229798,0.751669,0.756279,8.32798,9.11951
-0.138889,0.229798,0.749107,0.753477,8.45076,8.77678
-0.133838,0.229798,0.747094,0.752106,8.36056,9.96888
-0.128788,0.229798,0.748682,0.753164,8.2463,8.71718
-0.123737,0.229798,0.812949,0.817522,8.43538,9.28342
-0.118687,0.229798,0.886867,0.891685,8.84739,9.44734
-0.113636,0.229798,0.8701,0.874668,8.3828,9.17911
-0.108586,0.229798,0.907935,0.912532,8.08068,9.0301
-0.103535,0.229798,0.98265,0.987291,8.34673,9.25362
-0.0984849,0.229798,1.06213,1.06667,8.31139,9.13441
-0.0934343,0.229798,1.0525,1.05692,8.07859,8.79168
-0.0883838,0.229798,1.09075,1.095,7.90958,8.74698
-0.0833333,0.229798,1.10482,1.10878,7.14299,7.90507
-0.0782828,0.229798,1.13944,1.14317,6.91786,7.34627
-0.0732323,0.229798,1.12503,1.12852,6.66951,7.13766
-0.0681818,0.229798,1.12477,1.12803,6.06274,6.66827
-0.0631313,0.229798,1.12599,1.12932,6.09035,6.64592
-0.0580808,0.229798,1.15309,1.15622,5.75485,6.31809
-0.0530303,0.229798,1.19188,1.19511,5.68994,6.18398
-0.0479798,0.229798,1.35178,1.35473,5.39347,5.99772
-0.0429293,0.229798,1.36092,1.36365,5.02467,5.46873
-0.0378788,0.229798,1.35662,1.35897,4.32506,4.70132
-0.0328283,0.229798,1.33964,1.34154,3.65481,3.86313
-0.0277778,0.229798,1.24965,1.2512,2.82462,3.12831
-0.0227273,0.229798,1.22004,1.22143,2.57873,2.8396
-0.0176768,0.229798,1.19467,1.19592,2.31873,2.55089
-0.0126263,0.229798,1.23475,1.23592,2.15204,2.36812
-0.00757576,0.229798,1.28023,1.28104,1.50527,1.65496
-0.00252525,0.229798,1.21891,1.21922,0.601502,0.666827
0.00252525,0.229798,1.15856,1.15867,0.146787,0.271946
0.00757576,0.229798,1.12974,1.12972,-0.0688879,-0.026077
0.0126263,0.229798,1.12809,1.12804,-0.0539269,-0.0745058
0.0176768,0.229798,1.1284,1.12836,-0.0683558,-0.0875443
0.0227273,0.229798,1.11993,1.11965,-0.514932,-0.536442
0.0277778,0.229798,1.07504,1.07441,-1.12617,-1.21444
0.0328283,0.229798,1.03779,1.0371,-1.27502,-1.34855
0.0378788,0.229798,1.02444,1.02358,-1.67211,-1.65775
0.0429293,0.229798,1.10457,1.10333,-2.53971,-2.5481
0.0479798,0.229798,1.03756,1.03578,-3.4469,-3.47942
0.0530303,0.229798,1.07307,1.07073,-4.40309,-4.68641
0.0580808,0.229798,1.07319,1.0708,-4.40665,-4.82053
0.0631313,0.229798,1.03053,1.02826,-4.45704,-4.74602
0.0681818,0.229798,0.984655,0.982292,-4.49104,-4.68641
0.0732323,0.229798,0.960811,0.958241,-4.82484,-5.16325
0.0782828,0.229798,0.972926,0.970051,-5.10649,-5.72205
0.0833333,0.229798,0.965998,0.963017,-5.64492,-6.09457
0.0883838,0.229798,0.974676,0.971436,-5.91669,-6.4075
0.0934343,0.229798,0.926525,0.923499,-5.86106,-6.12438
0.0984849,0.229798,0.803896,0.800759,-5.64446,-6.24359
0.103535,0.229798,0.713315,0.71007,-5.95664,-6.51181
0.108586,0.229798,0.717298,0.713929,-6.20761,-6.91414
0.113636,0.229798,0.681281,0.677735,-6.37304,-6.94394
0.118687,0.229798,0.634203,0.630662,-6.24884,-6.91414
0.123737,0.229798,0.645422,0.641867,-6.78131,-6.95884
0.128788,0.229798,0.643805,0.640035,-6.7835,-7.43568
0.133838,0.229798,0.598091,0.594243,-6.79013,-7.51018
0.138889,0.229798,0.559545,0.555977,-6.56515,-7.03335
0.143939,0.229798,0.48978,0.486448,-6.38199,-6.57141
0.14899,0.229798,0.483718,0.4801,-6.81243,-7.37607
0.15404,0.229798,0.48302,0.479341,-6.78702,-7.43568
0.159091,0.229798,0.482179,0.478461,-7.00421,-7.45058
0.164141,0.229798,0.483017,0.479355,-6.97595,-7.28667
0.169192,0.229798,0.48334,0.479802,-6.93285,-7.06315
0.174242,0.229798,0.444575,0.440717,-6.82228,-7.58469
0.179293,0.229798,0.415465,0.411808,-6.47873,-7.25686
0.184343,0.229798,0.403888,0.400484,-6.59472,-6.82473
0.189394,0.229798,0.329731,0.32638,-6.15222,-6.51181
0.194444,0.229798,0.258887,0.255659,-5.86131,-6.51181
0.199495,0.229798,0.18512,0.182465,-4.9088,-5.28991
0.204545,0.229798,0.122116,0.119865,-4.33459,-4.50015
0.209596,0.229798,0.112627,0.110358,-4.38099,-4.66406
0.214646,0.229798,0.102474,0.10021,-4.30951,-4.63426
0.219697,0.229798,0.0891239,0.0866353,-4.18214,-4.82798
0.224747,0.229798,0.0783077,0.0763237,-3.83773,-4.03821
0.229798,0.229798,0.0498638,0.0480711,-3.40024,-3.59118
0.234848,0.229798,0.0396187,0.0376552,-3.34707,-3.62098
0.239899,0.229798,0.0422503,0.0405759,-3.59737,-3.26335
0.244949,0.229798,0.0523242,0.049755,-4.72643,-4.97699
0.25,0.229798,0.0160065,0.0130832,-5.43273,-5.55813
-0.25,0.234848,0.233832,0.239313,10.2886,11.0865
-0.244949,0.234848,0.270148,0.272095,2.99606,3.8147
-0.239899,0.234848,0.24823,0.248492,0.143811,0.38743
-0.234848,0.234848,0.234798,0.234425,-0.803388,-0.715256
-0.229798,0.234848,0.212542,0.212282,-0.756468,-0.566244
-0.224747,0.234848,0.227327,0.227272,0.190153,0.38743
-0.219697,0.234848,0.206146,0.207096,1.10616,1.10269
-0.214646,0.234848,0.202395,0.203833,1.93382,2.65241
-0.209596,0.234848,0.198683,0.20057,2.87433,4.05312
-0.204545,0.234848,0.167912,0.170231,3.47184,4.76837
-0.199495,0.234848,0.172716,0.174835,3.68153,4.00841
-0.194444,0.234848,0.22407,0.226408,3.87598,4.88758
-0.189394,0.234848,0.311156,0.313386,4.31822,4.55975
-0.184343,0.234848,0.393941,0.396505,4.70709,5.2005
-0.179293,0.234848,0.500337,0.503555,6.11575,6.482
-0.174242,0.234848,0.537004,0.540406,6.33933,6.91414
-0.169192,0.234848,0.547597,0.550821,6.12106,6.60121
-0.164141,0.234848,0.560263,0.56389,6.61558,7.06315
-0.159091,0.234848,0.585533,0.589222,6.73929,7.53999
-0.15404,0.234848,0.64517,0.649244,7.42422,8.19564
-0.14899,0.234848,0.710669,0.714898,7.82535,8.47876
-0.143939,0.234848,0.745339,0.749618,7.98193,8.68738
-0.138889,0.234848,0.742198,0.746638,8.14842,9.0003
-0.133838,0.234848,0.73827,0.742733,8.08126,8.83639
-0.128788,0.234848,0.736594,0.741094,8.1694,8.74698
-0.123737,0.234848,0.803266,0.807896,8.33444,9.14931
-0.118687,0.234848,0.876954,0.881642,8.73036,9.79006
-0.113636,0.234848,0.861806,0.866219,8.24489,8.74698
-0.108586,0.234848,0.900839,0.90529,7.91676,8.93324
-0.103535,0.234848,0.942142,0.94647,8.05477,8.70973
-0.0984849,0.234848,1.0227,1.02687,8.00483,8.46386
-0.0934343,0.234848,1.01243,1.01642,7.78004,8.47876
-0.0883838,0.234848,1.05044,1.05458,7.61055,8.21054
-0.0833333,0.234848,1.06489,1.06861,6.84268,7.54744
-0.0782828,0.234848,1.15629,1.15991,6.89435,7.29412
-0.0732323,0.234848,1.14266,1.1462,6.63161,7.19726
-0.0681818,0.234848,1.14278,1.14593,6.02067,6.40005
-0.0631313,0.234848,1.14347,1.14673,6.05343,6.35534
-0.0580808,0.234848,1.17038,1.17333,5.71346,6.05732
-0.0530303,0.234848,1.20851,1.21167,5.66456,6.37025
-0.0479798,0.234848,1.36762,1.37047,5.37644,5.68852
-0.0429293,0.234848,1.37614,1.37888,5.00909,5.58421
-0.0378788,0.234848,1.37206,1.37446,4.3116,4.85778
-0.0328283,0.234848,1.32215,1.32395,3.37248,3.64892
-0.0277778,0.234848,1.2321,1.23347,2.53889,2.79024
-0.0227273,0.234848,1.20348,1.20471,2.28594,2.47871
-0.0176768,0.234848,1.17872,1.17983,2.02689,2.23843
-0.0126263,0.234848,1.21793,1.21894,1.85781,2.02382
-0.00757576,0.234848,1.26401,1.26467,1.2072,1.35228
-0.00252525,0.234848,1.20276,1.20291,0.301934,0.327826
0.00252525,0.234848,1.17099,1.17105,0.0615354,0.130385
0.00757576,0.234848,1.14204,1.14197,-0.156814,-0.108033
0.0126263,0.234848,1.14099,1.14087,-0.148643,-0.221655
0.0176768,0.234848,1.14109,1.14101,-0.158593,-0.141561
0.0227273,0.234848,1.13244,1.13215,-0.602597,-0.528991
0.0277778,0.234848,1.08803,1.08735,-1.2175,-1.35973
0.0328283,0.234848,1.05027,1.04951,-1.36773,-1.49757
0.0378788,0.234848,1.07019,1.06916,-2.03526,-2.04146
0.0429293,0.234848,1.1497,1.14822,-2.90319,-2.94298
0.0479798,0.234848,1.11671,1.1147,-3.7048,-3.97861
0.0530303,0.234848,1.15277,1.15026,-4.65897,-4.92483
0.0580808,0.234848,1.15251,1.14993,-4.65886,-5.04404
0.0631313,0.234848,1.10998,1.10748,-4.72058,-5.05149
0.0681818,0.234848,1.06425,1.06169,-4.75007,-5.08875
0.0732323,0.234848,0.992595,0.990041,-5.10025,-5.40167
0.0782828,0.234848,1.00456,1.00181,-5.37952,-5.55813
0.0833333,0.234848,0.997472,0.994146,-5.91833,-6.82473
0.0883838,0.234848,1.00688,1.0035,-6.19052,-6.61611
0.0934343,0.234848,0.958288,0.954971,-6.13276,-6.49691
0.0984849,0.234848,0.852869,0.849485,-6.21755,-6.67572
0.103535,0.234848,0.761939,0.758469,-6.5282,-7.10785
0.108586,0.234848,0.765891,0.762328,-6.78281,-7.24196
0.113636,0.234848,0.729773,0.726089,-6.95267,-7.16746
0.118687,0.234848,0.682979,0.679403,-6.82376,-7.21216
0.123737,0.234848,0.694023,0.689968,-7.34968,-7.92742
0.128788,0.234848,0.693002,0.689223,-7.35067,-7.77841
0.133838,0.234848,0.646877,0.64303,-7.36292,-7.56979
0.138889,0.234848,0.608287,0.6046,-7.13898,-7.10785
0.143939,0.234848,0.537687,0.533864,-6.9691,-7.77841
0.14899,0.234848,0.530524,0.526473,-7.40898,-8.12113
0.15404,0.234848,0.529119,0.525087,-7.40379,-8.32975
0.159091,0.234848,0.528541,0.524491,-7.61367,-8.03172
0.164141,0.234848,0.5294,0.525162,-7.59177,-8.40425
0.169192,0.234848,0.530115,0.526041,-7.53858,-8.12113
0.174242,0.234848,0.491974,0.487938,-7.41138,-7.89761
0.179293,0.234848,0.462512,0.458717,-7.07565,-7.53999
0.184343,0.234848,0.449777,0.445709,-7.18768,-7.94232
0.189394,0.234848,0.343407,0.33997,-6.47706,-6.97374
0.194444,0.234848,0.273021,0.269294,-6.19992,-7.22706
0.199495,0.234848,0.19583,0.193,-5.27961,-5.61774
0.204545,0.234848,0.13144,0.129029,-4.6718,-5.05149
0.209596,0.234848,0.124134,0.121385,-4.6601,-5.1558
0.214646,0.234848,0.114391,0.112116,-4.56075,-4.79817
0.219697,0.234848,0.10277,0.100434,-4.40572,-4.81307
0.224747,0.234848,0.0915461,0.0890195,-3.93851,-4.85778
0.229798,0.234848,0.0651527,0.0631213,-3.35441,-3.99351
0.234848,0.234848,0.0564799,0.0550747,-3.03413,-2.93553
0.239899,0.234848,0.0625098,0.060603,-3.29023,-3.96371
0.244949,0.234848,0.0766132,0.0747293,-4.28252,-4.11272
0.25,0.234848,0.0247437,0.0221282,-4.87051,-4.79817
-0.25,0.239899,0.3087,0.310987,4.79462,5.30481
-0.244949,0.239899,0.317007,0.315815,-1.83049,-2.29478
-0.239899,0.239899,0.275203,0.273883,-3.5014,-2.68221
-0.234848,0.239899,0.253088,0.252247,-2.28807,-2.38419
-0.229798,0.239899,0.240997,0.240713,-1.51244,-0.834465
-0.224747,0.239899,0.256984,0.257283,-0.152146,0.268221
-0.219697,0.239899,0.22697,0.22772,1.25039,1.16229
-0.214646,0.239899,0.228632,0.229925,2.20729,2.71201
-0.209596,0.239899,0.22281,0.224769,3.34657,3.8445
-0.204545,0.239899,0.19895,0.200897,3.80056,3.9041
-0.199495,0.239899,0.20762,0.21027,3.9848,5.26011
-0.194444,0.239899,0.253832,0.256374,4.32531,4.91738
-0.189394,0.239899,0.342823,0.345483,4.78257,5.24521
-0.184343,0.239899,0.43145,0.43422,5.08133,5.66244
-0.179293,0.239899,0.53377,0.537395,6.53482,7.48038
-0.174242,0.239899,0.573846,0.577584,6.68254,7.15256
-0.169192,0.239899,0.583541,0.586733,6.5161,6.70552
-0.164141,0.239899,0.59906,0.60311,6.93899,7.92742
-0.159091,0.239899,0.624165,0.628054,7.05932,7.7188
-0.15404,0.239899,0.681952,0.685707,7.80616,7.7635
-0.14899,0.239899,0.710705,0.715464,8.15766,9.23872
-0.143939,0.239899,0.745334,0.749692,8.33202,8.77678
-0.138889,0.239899,0.743766,0.748128,8.44338,8.83639
-0.133838,0.239899,0.780722,0.785455,8.70395,9.26852
-0.128788,0.239899,0.780302,0.785202,8.76041,9.86457
-0.123737,0.239899,0.846766,0.851959,8.91446,10.401
-0.118687,0.239899,0.910993,0.915736,9.00951,9.62615
-0.113636,0.239899,0.895912,0.900552,8.51879,9.62615
-0.108586,0.239899,0.934696,0.93919,8.19622,8.86619
-0.103535,0.239899,0.977019,0.981614,8.32406,9.32813
-0.0984849,0.239899,1.05784,1.06232,8.25691,9.14931
-0.0934343,0.239899,1.04826,1.05259,8.03303,8.62777
-0.0883838,0.239899,1.08552,1.08977,7.8622,8.54582
-0.0833333,0.239899,1.07946,1.08298,6.79629,7.16001
-0.0782828,0.239899,1.16934,1.17301,6.8676,7.33137
-0.0732323,0.239899,1.15508,1.15862,6.6142,7.0706
-0.0681818,0.239899,1.15523,1.15848,6.003,6.47455
-0.0631313,0.239899,1.15559,1.15895,6.0394,6.72042
-0.0580808,0.239899,1.18238,1.18542,5.69902,6.04987
-0.0530303,0.239899,1.22155,1.22455,5.63622,6.03497
-0.0479798,0.239899,1.38091,1.38373,5.34362,5.79655
-0.0429293,0.239899,1.3902,1.39287,4.97008,5.32716
-0.0378788,0.239899,1.38599,1.38837,4.27182,4.78327
-0.0328283,0.239899,1.33595,1.33775,3.33112,3.6899
-0.0277778,0.239899,1.24705,1.24839,2.49584,2.73436
-0.0227273,0.239899,1.21782,1.21901,2.23656,2.43401
-0.0176768,0.239899,1.19341,1.19449,1.97321,2.1765
-0.0126263,0.239899,1.23228,1.23325,1.81107,1.96481
-0.00757576,0.239899,1.2786,1.27924,1.15691,1.29454
-0.00252525,0.239899,1.24589,1.24613,0.476015,0.508502
0.00252525,0.239899,1.21395,1.21406,0.232992,0.279397
0.00757576,0.239899,1.18517,1.18524,0.0165742,0.108033
0.0126263,0.239899,1.14118,1.1411,-0.152544,-0.12666
0.0176768,0.239899,1.14118,1.14105,-0.162665,-0.203028
0.0227273,0.239899,1.13253,1.13214,-0.608938,-0.722706
0.0277778,0.239899,1.08843,1.08777,-1.22741,-1.28523
0.0328283,0.239899,1.0503,1.04963,-1.37547,-1.33738
0.0378788,0.239899,1.07009,1.06899,-2.04108,-2.11969
0.0429293,0.239899,1.18215,1.18054,-3.17518,-3.18885
0.0479798,0.239899,1.14927,1.14722,-3.97873,-4.20213
0.0530303,0.239899,1.18539,1.18276,-4.9339,-5.29736
0.0580808,0.239899,1.18527,1.18246,-4.93557,-5.59539
0.0631313,0.239899,1.14228,1.13937,-4.99599,-5.67734
0.0681818,0.239899,1.09716,1.09431,-5.02886,-5.70714
0.0732323,0.239899,1.02457,1.02173,-5.37489,-5.67734
0.0782828,0.239899,1.03656,1.03343,-5.65748,-6.17653
0.0833333,0.239899,1.03002,1.0266,-6.19741,-6.91414
0.0883838,0.239899,1.03071,1.02746,-6.20177,-6.4373
0.0934343,0.239899,0.982696,0.979483,-6.14559,-6.58631
0.0984849,0.239899,0.876844,0.873625,-6.22552,-6.64592
0.103535,0.239899,0.785934,0.782564,-6.54012,-6.75023
0.108586,0.239899,0.790275,0.786617,-6.7912,-7.16746
0.113636,0.239899,0.75413,0.750318,-6.96491,-7.7039
0.118687,0.239899,0.706623,0.703156,-6.84435,-6.94394
0.123737,0.239899,0.71764,0.71384,-7.37416,-7.7188
0.128788,0.239899,0.716421,0.712156,-7.38177,-8.59797
0.133838,0.239899,0.67409,0.670001,-7.1902,-8.09133
0.138889,0.239899,0.635819,0.632018,-6.96275,-7.51018
0.143939,0.239899,0.565397,0.561684,-6.79084,-7.55489
0.14899,0.239899,0.557992,0.554293,-7.22699,-7.40588
0.15404,0.239899,0.556248,0.552222,-7.22523,-8.07643
0.159091,0.239899,0.554851,0.550583,-7.46298,-8.24034
0.164141,0.239899,0.555089,0.550941,-7.45104,-8.29995
0.169192,0.239899,0.554273,0.550389,-7.43259,-7.92742
0.174242,0.239899,0.516519,0.512719,-7.29039,-7.86781
0.179293,0.239899,0.486761,0.48314,-6.95737,-7.10785
0.184343,0.239899,0.474866,0.470951,-7.05195,-7.48038
0.189394,0.239899,0.335244,0.332028,-6.07361,-6.482
0.194444,0.239899,0.264317,0.261635,-5.78208,-5.42402
0.199495,0.239899,0.177339,0.174791,-5.07407,-5.21541
0.204545,0.239899,0.113325,0.110775,-4.46701,-5.0962
0.209596,0.239899,0.101913,0.0994801,-4.49925,-4.84288
0.214646,0.239899,0.0934955,0.0914484,-4.2973,-4.15742
0.219697,0.239899,0.102865,0.100777,-4.04604,-4.29153
0.224747,0.239899,0.0925342,0.0904202,-3.51646,-4.20213
0.229798,0.239899,0.0666213,0.0652671,-2.77984,-2.95043
0.234848,0.239899,0.0603991,0.0593215,-2.25188,-2.13087
0.239899,0.239899,0.0773504,0.0762194,-2.27215,-2.32458
0.244949,0.239899,0.097325,0.0957847,-3.10625,-2.98023
0.25,0.239899,0.0498722,0.047788,-3.85279,-4.23193
-0.25,0.244949,0.321986,0.321269,-2.00851,-1.84774
-0.244949,0.244949,0.300794,0.29701,-7.59412,-7.7188
-0.239899,0.244949,0.258403,0.255853,-5.99956,-5.39422
-0.234848,0.244949,0.220961,0.219077,-4.13174,-4.14252
-0.229798,0.244949,0.200756,0.200301,-2.53612,-1.46031
-0.224747,0.244949,0.219937,0.219807,-0.77367,-0.491738
-0.219697,0.244949,0.188762,0.189826,0.969519,1.92225
-0.214646,0.244949,0.196297,0.197411,1.91549,2.08616
-0.209596,0.244949,0.197769,0.199303,2.9868,3.47197
-0.204545,0.244949,0.168267,0.170067,3.6366,3.72529
-0.199495,0.244949,0.178556,0.181079,3.85657,4.70877
-0.194444,0.244949,0.240178,0.242472,3.85376,4.50015
-0.189394,0.244949,0.327992,0.330701,4.31667,5.57303
-0.184343,0.244949,0.413418,0.415981,4.68554,4.97699
-0.179293,0.244949,0.521994,0.52534,6.02034,6.82473
-0.174242,0.244949,0.561327,0.564948,6.21137,7.07805
-0.169192,0.244949,0.60512,0.608727,6.34449,6.94394
-0.164141,0.244949,0.622392,0.626162,6.75889,7.6592
-0.159091,0.244949,0.617182,0.620961,6.68205,7.40588
-0.15404,0.244949,0.680396,0.684544,7.29183,8.19564
-0.14899,0.244949,0.711859,0.716194,7.60179,8.52346
-0.143939,0.244949,0.741654,0.745997,7.90244,8.68738
-0.138889,0.244949,0.740118,0.744522,7.99762,9.0003
-0.133838,0.244949,0.778907,0.783473,8.24262,9.20892
-0.128788,0.244949,0.777286,0.781894,8.306,9.045
-0.123737,0.244949,0.844935,0.849366,8.4401,8.86619
-0.118687,0.244949,0.910869,0.915676,8.52107,9.53674
-0.113636,0.244949,0.895538,0.899941,8.02318,9.11951
-0.108586,0.244949,0.935004,0.939377,7.95782,8.77678
-0.103535,0.244949,0.97715,0.981525,8.10537,8.9705
-0.0984849,0.244949,1.10366,1.10805,8.1251,8.65012
-0.0934343,0.244949,1.09392,1.09839,7.90524,8.76188
-0.0883838,0.244949,1.13829,1.14267,8.00342,8.83639
-0.0833333,0.244949,1.13156,1.1355,6.93413,7.83801
-0.0782828,0.244949,1.22313,1.22715,6.98517,7.89761
-0.0732323,0.244949,1.20935,1.21295,6.72453,7.34627
-0.0681818,0.244949,1.20921,1.2125,6.11118,6.61611
-0.0631313,0.244949,1.21021,1.21348,6.13452,6.63102
-0.0580808,0.244949,1.23728,1.2404,5.78955,6.27339
-0.0530303,0.244949,1.23964,1.24282,5.79197,6.34044
-0.0479798,0.244949,1.39971,1.40284,5.49765,6.15418
-0.0429293,0.244949,1.40819,1.41099,5.12392,5.66244
-0.0378788,0.244949,1.40438,1.40665,4.41976,4.58956
-0.0328283,0.244949,1.35503,1.35692,3.47799,3.76068
-0.0277778,0.244949,1.26546,1.26688,2.64241,2.87686
-0.0227273,0.244949,1.19976,1.20091,2.1383,2.33669
-0.0176768,0.244949,1.1753,1.17633,1.87685,2.08709
-0.0126263,0.244949,1.21491,1.21584,1.71145,1.88511
-0.00757576,0.244949,1.28803,1.28873,1.29902,1.43796
-0.00252525,0.244949,1.2554,1.25574,0.618219,0.720844
0.00252525,0.244949,1.22337,1.22353,0.37796,0.376254
0.00757576,0.244949,1.19424,1.19429,0.159621,0.149012
0.0126263,0.244949,1.15011,1.15012,-0.0085289,0.031665
0.0176768,0.244949,1.18805,1.18787,-0.251897,-0.296161
0.0227273,0.244949,1.17919,1.17885,-0.696591,-0.692904
0.0277778,0.244949,1.1353,1.13458,-1.31537,-1.45659
0.0328283,0.244949,1.09747,1.09658,-1.46312,-1.66893
0.0378788,0.244949,1.11645,1.11528,-2.12689,-2.27615
0.0429293,0.244949,1.20906,1.20756,-2.98596,-2.94298
0.0479798,0.244949,1.12881,1.12689,-3.86967,-3.89665
0.0530303,0.244949,1.16486,1.1622,-4.82565,-5.23776
0.0580808,0.244949,1.16491,1.16213,-4.82949,-5.56558
0.0631313,0.244949,1.12192,1.11923,-4.89139,-5.37932
0.0681818,0.244949,1.07682,1.07417,-4.92352,-5.36442
0.0732323,0.244949,1.00513,1.00221,-5.2709,-6.05732
0.0782828,0.244949,1.0165,1.01342,-5.55231,-6.41495
0.0833333,0.244949,0.999984,0.996768,-5.82377,-6.28829
0.0883838,0.244949,1.00114,0.998244,-5.83149,-5.97537
0.0934343,0.244949,0.952576,0.949487,-5.7798,-6.31809
0.0984849,0.244949,0.883724,0.88039,-5.92674,-6.54161
0.103535,0.244949,0.793006,0.79,-6.24422,-6.18398
0.108586,0.244949,0.796735,0.793219,-6.49576,-6.97374
0.113636,0.244949,0.760887,0.757232,-6.66592,-7.27177
0.118687,0.244949,0.71347,0.710115,-6.54629,-7.00354
0.123737,0.244949,0.72403,0.720039,-7.07923,-7.89761
0.128788,0.244949,0.72288,0.71916,-7.08176,-7.52509
0.133838,0.244949,0.680703,0.677183,-6.8903,-6.95884
0.138889,0.244949,0.641817,0.638217,-6.67229,-7.22706
0.143939,0.244949,0.570669,0.567019,-6.51511,-7.52509
0.14899,0.244949,0.563717,0.56009,-6.95338,-7.49528
0.15404,0.244949,0.561744,0.557929,-6.95119,-7.6741
0.159091,0.244949,0.56046,0.556707,-7.17785,-7.39097
0.164141,0.244949,0.560751,0.556841,-7.16566,-7.95722
0.169192,0.244949,0.521924,0.518218,-6.9235,-7.56979
0.174242,0.244949,0.48301,0.479147,-6.81806,-7.82311
0.179293,0.244949,0.452436,0.448808,-6.4999,-7.56979
0.184343,0.244949,0.43886,0.435084,-6.63545,-7.52509
0.189394,0.244949,0.300381,0.297695,-5.6288,-5.52833
0.194444,0.244949,0.248913,0.245675,-5.61405,-6.3926
0.199495,0.244949,0.162935,0.160232,-4.86041,-5.0813
0.204545,0.244949,0.0968206,0.0946671,-4.27005,-4.23193
0.209596,0.244949,0.0849495,0.0825226,-4.30945,-4.60446
0.214646,0.244949,0.0936215,0.0913292,-4.08261,-4.70877
0.219697,0.244949,0.0984461,0.0963062,-3.80642,-4.14252
0.224747,0.244949,0.0915793,0.090003,-3.14593,-3.15905
0.229798,0.244949,0.0769999,0.0755638,-2.61229,-2.81632
0.234848,0.244949,0.0729688,0.0720322,-1.87862,-1.99676
0.239899,0.244949,0.0926377,0.0918209,-1.54434,-1.74344
0.244949,0.244949,0.117229,0.116572,-1.55114,-1.37091
0.25,0.244949,0.0804539,0.0792742,-1.93822,-2.14577
-0.25,0.25,0.34183,0.335783,-12.1193,-12.3382
-0.244949,0.25,0.294431,0.288934,-11.0012,-11.0269
-0.239899,0.25,0.223649,0.219911,-8.22407,-7.80821
-0.234848,0.25,0.204126,0.202477,-4.5561,-3.48687
-0.229798,0.25,0.184707,0.18397,-1.97886,-1.63913
-0.224747,0.25,0.208443,0.208735,-0.0023769,0.566244
-0.219697,0.25,0.192332,0.193775,1.52814,2.5928
-0.214646,0.25,0.197047,0.19896,2.70371,3.54648
-0.209596,0.25,0.200673,0.203371,3.84735,5.30481
-0.204545,0.25,0.173174,0.176042,4.4274,5.51343
-0.199495,0.25,0.194249,0.197083,4.46454,5.40912
-0.194444,0.25,0.258784,0.261337,4.36968,5.21541
-0.189394,0.25,0.345508,0.348628,4.94176,6.19888
-0.184343,0.25,0.416724,0.419885,5.40011,6.28829
-0.179293,0.25,0.525565,0.529543,6.79249,7.6592
-0.174242,0.25,0.567422,0.571385,6.87416,7.92742
-0.169192,0.25,0.617485,0.621527,6.83252,8.06153
-0.164141,0.25,0.607767,0.611469,6.98236,7.30157
-0.159091,0.25,0.60619,0.6098,6.81548,7.31647
-0.15404,0.25,0.670713,0.674814,7.40128,8.18074
-0.14899,0.25,0.703477,0.70776,7.68814,8.61287
-0.143939,0.25,0.732784,0.73725,7.99986,9.0301
-0.138889,0.25,0.732576,0.737175,8.06068,8.82149
-0.133838,0.25,0.769191,0.773966,8.35802,9.44734
-0.128788,0.25,0.767352,0.771791,8.4101,8.88109
-0.123737,0.25,0.834383,0.83895,8.56239,9.22382
-0.118687,0.25,0.899975,0.904515,8.64986,9.43243
-0.113636,0.25,0.884738,0.888944,8.15181,8.21054
-0.108586,0.25,0.925391,0.929609,8.05555,8.65757
-0.103535,0.25,0.968107,0.972539,8.18975,8.89599
-0.0984849,0.25,1.09553,1.09994,8.20003,8.82149
-0.0934343,0.25,1.08634,1.09077,7.9628,8.62777
-0.0883838,0.25,1.11133,1.11541,7.76718,8.24034
-0.0833333,0.25,1.10462,1.10813,6.68405,7.00354
-0.0782828,0.25,1.24435,1.24803,6.74523,7.42078
-0.0732323,0.25,1.23086,1.23458,6.47537,7.33882
-0.0681818,0.25,1.19206,1.19524,5.88464,6.53416
-0.0631313,0.25,1.19257,1.19579,5.91091,6.42985
-0.0580808,0.25,1.2199,1.22289,5.56322,5.97537
-0.0530303,0.25,1.22175,1.22484,5.56763,6.04987
-0.0479798,0.25,1.34531,1.34818,5.3573,5.804
-0.0429293,0.25,1.31726,1.31994,5.0785,5.39422
-0.0378788,0.25,1.31314,1.31561,4.378,4.96954
-0.0328283,0.25,1.2636,1.26549,3.43611,3.86126
-0.0277778,0.25,1.17424,1.17565,2.59928,2.85916
-0.0227273,0.25,1.10902,1.11017,2.09741,2.31061
-0.0176768,0.25,1.11013,1.11127,2.0937,2.2985
-0.0126263,0.25,1.14982,1.15085,1.92725,2.08581
-0.00757576,0.25,1.22291,1.22373,1.51499,1.66707
-0.00252525,0.25,1.19018,1.19063,0.835273,0.934116
0.00252525,0.25,1.15834,1.15867,0.594442,0.678003
0.00757576,0.25,1.12914,1.12932,0.377005,0.406057
0.0126263,0.25,1.08543,1.08559,0.206505,0.335276
0.0176768,0.25,1.12326,1.12329,-0.0360415,0.0521541
0.0227273,0.25,1.1143,1.11404,-0.483175,-0.502914
0.0277778,0.25,1.07035,1.06978,-1.1011,-1.09151
0.0328283,0.25,1.03266,1.03208,-1.24894,-1.16974
0.0378788,0.25,1.05173,1.05068,-1.91317,-2.07499
0.0429293,0.25,1.14437,1.14293,-2.7751,-2.82377
0.0479798,0.25,1.06425,1.0624,-3.65743,-3.68804
0.0530303,0.25,1.10003,1.09777,-4.61389,-4.5076
0.0580808,0.25,1.10026,1.09766,-4.61815,-5.10365
0.0631313,0.25,1.05745,1.05491,-4.68288,-4.96209
0.0681818,0.25,1.01193,1.00955,-4.71099,-4.85033
0.0732323,0.25,0.892577,0.88989,-5.07145,-5.45382
0.0782828,0.25,0.892007,0.889488,-5.07415,-4.93228
0.0833333,0.25,0.91325,0.910506,-5.37078,-5.7295
0.0883838,0.25,0.914622,0.911847,-5.37306,-5.55813
0.0934343,0.25,0.866357,0.863478,-5.32345,-5.8189
0.0984849,0.25,0.797758,0.794664,-5.47117,-6.00517
0.103535,0.25,0.780389,0.777036,-5.97324,-6.55651
0.108586,0.25,0.784316,0.780627,-6.22994,-7.24196
0.113636,0.25,0.747861,0.744417,-6.40308,-6.79493
0.118687,0.25,0.70054,0.697032,-6.28728,-6.83963
0.123737,0.25,0.710949,0.707358,-6.81742,-7.13766
0.128788,0.25,0.709724,0.706226,-6.82551,-7.03335
0.133838,0.25,0.667042,0.663444,-6.63967,-7.13766
0.138889,0.25,0.628679,0.625387,-6.4177,-6.54161
0.143939,0.25,0.557637,0.55401,-6.26582,-7.24196
0.14899,0.25,0.550084,0.546589,-6.70628,-7.16746
0.15404,0.25,0.548155,0.544414,-6.70875,-7.46548
0.159091,0.25,0.546405,0.542566,-6.93339,-7.51018
0.164141,0.25,0.546036,0.542387,-6.94288,-7.19726
0.169192,0.25,0.507245,0.503421,-6.70514,-7.40588
0.174242,0.25,0.468286,0.464633,-6.60264,-7.21216
0.179293,0.25,0.437812,0.434294,-6.28003,-6.98864
0.184343,0.25,0.42436,0.42063,-6.40493,-7.09295
0.189394,0.25,0.283482,0.28041,-5.4671,-5.94556
0.194444,0.25,0.230813,0.227734,-5.49867,-6.10948
0.199495,0.25,0.142824,0.140131,-4.79717,-5.54323
0.204545,0.25,0.0774816,0.0752062,-4.17324,-4.87268
0.209596,0.25,0.0671904,0.0649542,-4.14482,-4.44055
0.214646,0.25,0.0728941,0.0704676,-3.94208,-4.91738
0.219697,0.25,0.0774023,0.0753403,-3.67177,-4.30644
0.224747,0.25,0.0662853,0.0645965,-3.08504,-3.42727
0.229798,0.25,0.0607581,0.0593513,-2.72789,-2.84612
0.234848,0.25,0.0615432,0.0605136,-1.71135,-2.13087
0.239899,0.25,0.0828534,0.0821054,-1.08274,-1.68383
0.244949,0.25,0.11169,0.11161,-0.412023,-0.223517
0.25,0.25,0.0829608,0.0834018,0.488129,0.581145
